institution_id,current_canonical_name,proposed_english_name,country,city,institution_type,existing_aliases,source_or_evidence,decision,decision_reason,affected_paper_count,affected_relationship_count,collision_status,review_required
institution:f29a43c08a37e42f,Technische Universität Darmstadt,Technical University of Darmstadt,,,university,Technische Universität Darmstadt,https://www.ulb.tu-darmstadt.de/media/ulb/alter_webauftritt/pflicht_epublishing/pdf_11/publikationsrichtlinie-en.pdf,rename,Official publication guidelines designate this as the binding English equivalent.,0,0,none,false
institution:eb0a1398c50d0281,Université Paris-Est Créteil,University Paris-Est Créteil,,,university,Université Paris-Est Créteil,https://www.en.u-pec.fr/en/getting-to-upec,rename,Official English UPEC site uses University Paris-Est Créteil.,0,0,none,false
institution:cf2e81e79ecee1b8,İstanbul Nişantaşı Üniversitesi,Istanbul Nisantasi University,,,university,İstanbul Nişantaşı Üniversitesi,https://www.nisantasi.edu.tr/index2?dil=eng,rename,Official English site uses the unaccented English display.,0,0,none,false
institution:7aae859eefe8edd1,Chang’an University,Chang'an University,China,Xi’an,university,Chang’an University,https://en.chd.edu.cn/,rename,Official English homepage and address use the ASCII-apostrophe English name.,1,1,none,false
institution:afc29be68ac419be,Xi’an Jiaotong University,Xi'an Jiaotong University,China,Xi’an,university,Xi’an Jiaotong University,https://en.xjtu.edu.cn/index.html,rename,Official English homepage uses the ASCII-apostrophe English name.,6,6,none,false
institution:29645bb566fcd576,Centre National de la Recherche Scientifique,French National Centre for Scientific Research,France,Paris,research_unit,CNRS; Centre National de la Recherche Scientifique,https://www.cnrs.fr/en/press/uarizona-partners-french-national-centre-scientific-research-establish-france-arizona,rename,Official CNRS English site expands the organization name in English.,2,2,none,false
institution:daff50b65ce469a3,Université Paris Cité,Paris Cité University,France,Paris,university,Université Paris Cité,https://u-paris.fr/en/circle-u-opportunities-for-students/,rename,Official English university page uses Paris Cité University.,1,1,none,false
institution:647c89e2c8a671f8,Association Clinique et Thérapeutique Infantile du Val de Marne,,,,research_unit,,,review,No sufficiently authoritative official English canonical name found; do not invent a translation.,0,0,none,true
institution:4e4d723f7fa11734,Universidad Politécnica de Madrid,Technical University of Madrid,,,university,,https://www.upm.es/internacional/UPM/Historical%20Summary,review,Official English history page uses Technical University of Madrid but that display name is already held by active institution:2d64a600151c6a44; identity resolution is required before any rename. Same-name canonical IDs: institution:2d64a600151c6a44.,0,0,existing_canonical_collision,true
institution:541450f1f663948c,ISTI-CNR,,Italy,Pisa,research_unit,,,review,Acronym is an established international display but expansion and English branding require manual confirmation.,1,1,none,true
institution:91aeee1163fdce71,A*STAR,,,,research_unit,,,keep,No local-language or alias-promotion candidate signal.,2,2,none,false
institution:479e5a2ad13993e2,APJ Abdul Kalam Technological University,,,,university,,,keep,No local-language or alias-promotion candidate signal.,0,0,none,false
institution:61adfe1cfbad3b19,Academy of Broadcasting Science,,,,other,,,keep,No local-language or alias-promotion candidate signal.,1,1,none,false
institution:a3c0c022b00a11a5,Adobe Systems (United States),,,,company,,,keep,No local-language or alias-promotion candidate signal.,0,0,none,false
institution:6c7dc4ecc36c32ba,"Agency for Science, Technology and Research",,,,research_unit,,,keep,No local-language or alias-promotion candidate signal.,1,1,none,false
institution:c04d9c3ee6b155d2,Ahsanullah University of Science and Technology,,,,university,,,keep,No local-language or alias-promotion candidate signal.,0,0,none,false
institution:030ecebfe13ca82f,Ain Shams University,,,,university,,,keep,No local-language or alias-promotion candidate signal.,0,0,none,false
institution:091dadcc6613c152,Al-Azhar University,,,,university,,,keep,No local-language or alias-promotion candidate signal.,0,0,none,false
institution:ed46151823d63d21,Albany State University,,,,university,,,keep,No local-language or alias-promotion candidate signal.,0,0,none,false
institution:cc0b303e1e182195,Alibaba Group (China),,,,company,,,keep,No local-language or alias-promotion candidate signal.,0,0,none,false
institution:1b35f3068bbd3352,Aligarh Muslim University,,,,university,,,keep,No local-language or alias-promotion candidate signal.,0,0,none,false
institution:5dc3b0fc32168ce3,Altınbaş University,,,,university,,https://international.altinbas.edu.tr/,keep,Official English brand retains Altınbaş.,0,0,none,false
institution:75d38d0aaffc30fe,Amazon GenAI,,,,company,,,keep,No local-language or alias-promotion candidate signal.,1,1,none,false
institution:f7126dbda09b4f9a,Amity University,,,,university,,,keep,No local-language or alias-promotion candidate signal.,0,0,none,false
institution:aa230e9d21cefa3b,Anhui Business College,,,,university,,,keep,No local-language or alias-promotion candidate signal.,0,0,none,false
institution:16ee891260af74c0,Anhui University,,,,university,,,keep,No local-language or alias-promotion candidate signal.,0,0,none,false
institution:6f15f620028933fb,Anqing Normal University,,,,university,,,keep,No local-language or alias-promotion candidate signal.,0,0,none,false
institution:69d7dc38d11d5f80,Aristotle University of Thessaloniki,,,,university,,,keep,No local-language or alias-promotion candidate signal.,0,0,none,false
institution:583e34971c9eeb5b,Artificial Intelligence in Medicine (Canada),,,,research_unit,,,keep,No local-language or alias-promotion candidate signal.,0,0,none,false
institution:fbe1022dfe93b657,Asia University,,,,university,,,keep,No local-language or alias-promotion candidate signal.,0,0,none,false
institution:080a1da6ac4d04fd,Baidu (China),,,,company,,,keep,No local-language or alias-promotion candidate signal.,0,0,none,false
institution:a273d5856c9d065c,Bangladesh University of Engineering and Technology,,,,university,,,keep,No local-language or alias-promotion candidate signal.,0,0,none,false
institution:13600b8b1a017cee,Bar-Ilan University,,,,university,,,keep,No local-language or alias-promotion candidate signal.,0,0,none,false
institution:042deeccb5521315,Bay Institute,,,,research_unit,,,keep,No local-language or alias-promotion candidate signal.,0,0,none,false
institution:ea6661ca99f0c1aa,Beijing Information Science & Technology University,,,,university,,,keep,No local-language or alias-promotion candidate signal.,0,0,none,false
institution:9cd15ab643d7131f,Beijing Institute of Graphic Communication,,,,university,,,keep,No local-language or alias-promotion candidate signal.,0,0,none,false
institution:8448eafa665a5096,Berkeley College,,,,university,,,keep,No local-language or alias-promotion candidate signal.,0,0,none,false
institution:ffd387a3478eb9e9,"Birla Institute of Technology, Mesra",,,,university,,,keep,No local-language or alias-promotion candidate signal.,0,0,none,false
institution:2c846bda509d7d12,Boston University,,,,university,,,keep,No local-language or alias-promotion candidate signal.,0,0,none,false
institution:86acee6f855e6b06,Bowie State University,,,,university,,,keep,No local-language or alias-promotion candidate signal.,0,0,none,false
institution:685d63d32831e960,Brandman University,,,,university,,,keep,No local-language or alias-promotion candidate signal.,0,0,none,false
institution:dd9f67a9f83f9649,Bucknell University,,,,university,,,keep,No local-language or alias-promotion candidate signal.,0,0,none,false
institution:e6405787e8a9312c,CNRS,,,,research_unit,,,keep,No local-language or alias-promotion candidate signal.,1,1,none,false
institution:d0cac2bc9207e50f,California University of Pennsylvania,,,,university,,,keep,No local-language or alias-promotion candidate signal.,0,0,none,false
institution:008fc27550d4153d,Canadian International College,,,,university,,,keep,No local-language or alias-promotion candidate signal.,0,0,none,false
institution:d04d3d98b14dcbc7,Cape Peninsula University of Technology,,,,university,,,keep,No local-language or alias-promotion candidate signal.,0,0,none,false
institution:6398f2ea80ac2393,Center for Security and Emerging Technology,,,,research_unit,,,keep,No local-language or alias-promotion candidate signal.,0,0,none,false
institution:f841aa8a7a0d29aa,Centre for Research and Technology Hellas (CERTH),,,,research_unit,Information Technologies Institute,repository confirmed aliases,keep,Existing alias names a constituent institute and does not replace the English canonical organization.,1,1,none,false
institution:48be4a3c2949fee3,Changsha University,,,,university,,,keep,No local-language or alias-promotion candidate signal.,0,0,none,false
institution:6bdc62fb06ac696f,Changsha University of Science and Technology,,,,university,,,keep,No local-language or alias-promotion candidate signal.,0,0,none,false
institution:1633fd8e927f7e3e,Chaoyang University of Technology,,,,university,,,keep,No local-language or alias-promotion candidate signal.,0,0,none,false
institution:636b930e320fc074,Chengdu University of Information Technology,,,,university,,,keep,No local-language or alias-promotion candidate signal.,0,0,none,false
institution:7ecedd9572b7f6ba,China Academy of Information and Communications Technology,,,,research_unit,,,keep,No local-language or alias-promotion candidate signal.,0,0,none,false
institution:b3e3a87d3fc950c5,China People's Public Security University,,,,university,,,keep,No local-language or alias-promotion candidate signal.,0,0,none,false
institution:2f4cdd3b31b9a5db,China Telecom,,,,company,,,keep,No local-language or alias-promotion candidate signal.,0,0,none,false
institution:0be9d444a6c88894,"China Telecom Cloud Technology Co., Ltd.",,,,company,,,keep,No local-language or alias-promotion candidate signal.,0,0,none,false
institution:3f9391add8daa620,Chinese People's Armed Police Force Engineering University,,,,university,,,keep,No local-language or alias-promotion candidate signal.,0,0,none,false
institution:ff4b6fb0e7e3f155,Chinese University of Hong Kong,,,,university,,,keep,No local-language or alias-promotion candidate signal.,0,0,none,false
institution:d31a9474efa16c6c,"Chinese University of Hong Kong, Shenzhen",,,,university,,,keep,No local-language or alias-promotion candidate signal.,0,0,none,false
institution:b98073e3070abd17,Chitkara University,,,,university,,,keep,No local-language or alias-promotion candidate signal.,0,0,none,false
institution:2f4b9adadf7f5004,Chongqing University of Science and Technology,,,,university,,,keep,No local-language or alias-promotion candidate signal.,0,0,none,false
institution:1e0dd88726fb992c,Chonnam National University,,,,university,,,keep,No local-language or alias-promotion candidate signal.,0,0,none,false
institution:8ee530c781dde9f8,Chung-Ang University,,,,university,,,keep,No local-language or alias-promotion candidate signal.,0,0,none,false
institution:cedf27014e59d7d9,"City University of Hong Kong, Shenzhen Research Institute",,,,university,,,keep,No local-language or alias-promotion candidate signal.,0,0,none,false
institution:769b711ed2fee7c0,City University of Macau,,,,university,,,keep,No local-language or alias-promotion candidate signal.,0,0,none,false
institution:17bf653107a56b33,Columbia University,,,,university,,,keep,No local-language or alias-promotion candidate signal.,0,0,none,false
institution:7182b5831d4ba8a2,Comilla University,,,,university,,,keep,No local-language or alias-promotion candidate signal.,0,0,none,false
institution:3da00d58d4c97192,Commonwealth Scientific and Industrial Research Organisation,,,,research_unit,,,keep,No local-language or alias-promotion candidate signal.,0,0,none,false
institution:35f84ec19dab5880,Computer Research Institute of Montreal,,,,research_unit,Computer Research Institute of Montréal,,keep,No local-language or alias-promotion candidate signal.,0,0,none,false
institution:3d7a55d07b650cfa,Czech Technical University in Prague,,,,university,,,keep,No local-language or alias-promotion candidate signal.,0,0,none,false
institution:ec338d817ec6cd01,Dar Al-Hekma University,,,,university,,,keep,No local-language or alias-promotion candidate signal.,0,0,none,false
institution:753a256f592cb1fe,Data Assurance and Communication Security,,,,research_unit,,,keep,No local-language or alias-promotion candidate signal.,0,0,none,false
institution:3be1ce40ea53f6d2,Data61,,,,research_unit,,,keep,No local-language or alias-promotion candidate signal.,0,0,none,false
institution:30e93da233b7eeef,Deakin University,,,,university,,,keep,No local-language or alias-promotion candidate signal.,0,0,none,false
institution:b77cc69e117a29dc,Dehradun Institute of Technology University,,,,university,,,keep,No local-language or alias-promotion candidate signal.,0,0,none,false
institution:c6b6c8d24f8e66aa,Dominican University,,,,university,,,keep,No local-language or alias-promotion candidate signal.,0,0,none,false
institution:f34946305c17c505,Dongguan University of Technology,,,,university,,,keep,No local-language or alias-promotion candidate signal.,0,0,none,false
institution:cc8345310a2617a6,Durban University of Technology,,,,university,,,keep,No local-language or alias-promotion candidate signal.,0,0,none,false
institution:3cef1f53ea25d8c9,East Tennessee State University,,,,university,,,keep,No local-language or alias-promotion candidate signal.,0,0,none,false
institution:bb266f47a5ceef81,Edinburgh Napier University,,,,university,,,keep,No local-language or alias-promotion candidate signal.,0,0,none,false
institution:a2c9ccf9659160de,Electronics and Telecommunications Research Institute (ETRI),,,,research_unit,,,keep,No local-language or alias-promotion candidate signal.,0,0,none,false
institution:4057e1737c20bdb9,Fakir Mohan University,,,,university,,,keep,No local-language or alias-promotion candidate signal.,0,0,none,false
institution:42c60ebb24e9f839,Fraunhofer Institute for Industrial Mathematics,,,,research_unit,,,keep,No local-language or alias-promotion candidate signal.,0,0,none,false
institution:a8edc55c3baa29af,Fraunhofer-Gesellschaft,,,,research_unit,,,keep,No local-language or alias-promotion candidate signal.,0,0,none,false
institution:c3227ed71ef6fcd8,Fujian University of Technology,,,,university,,,keep,No local-language or alias-promotion candidate signal.,0,0,none,false
institution:213a2f107c1f76df,Fujitsu (China),,,,company,,,keep,No local-language or alias-promotion candidate signal.,0,0,none,false
institution:33d54ba20fb76125,Fujitsu (Japan),,,,company,,,keep,No local-language or alias-promotion candidate signal.,0,0,none,false
institution:ab37cf6fbc2c38dd,GIPSA-Lab,,,,research_unit,,,keep,No local-language or alias-promotion candidate signal.,0,0,none,false
institution:4423bec9199a5d47,GLA University,,,,university,,,keep,No local-language or alias-promotion candidate signal.,0,0,none,false
institution:c2dab080fa856716,Georgia Institute of Technology,,,,university,,,keep,No local-language or alias-promotion candidate signal.,1,1,none,false
institution:f647b4b37bf4515d,Global University,,,,university,,,keep,No local-language or alias-promotion candidate signal.,0,0,none,false
institution:ef894bd5e789abd7,Govind Ballabh Pant University of Agriculture and Technology,,,,university,,,keep,No local-language or alias-promotion candidate signal.,0,0,none,false
institution:128d207ba007d9d7,Graphic Era University,,,,university,,,keep,No local-language or alias-promotion candidate signal.,0,0,none,false
institution:475fa3f7d32d5d27,Grenoble INP,,,,university,Institut polytechnique de Grenoble,,keep,No local-language or alias-promotion candidate signal. Same-name canonical IDs: institution:a76d3c97c5824bc9.,0,0,existing_canonical_collision,false
institution:d1de2b99104f99ed,Guangxi Medical University,,,,university,,,keep,No local-language or alias-promotion candidate signal.,0,0,none,false
institution:a1e1ec8b780e67c8,Guizhou Normal University,,,,university,,,keep,No local-language or alias-promotion candidate signal.,0,0,none,false
institution:1b91d0993efc3a95,Gyeongguk National University,,,,university,,,keep,No local-language or alias-promotion candidate signal.,0,0,none,false
institution:bb302a0231577b3c,Haliç University,,,,university,,https://halic.edu.tr/en,keep,Official English brand retains Haliç.,0,0,none,false
institution:2b9a45614734dda3,Hand and Upper Limb Clinic,,,,other,,,keep,No local-language or alias-promotion candidate signal.,0,0,none,false
institution:07d62a903f84afcd,Hangzhou Dianzi University,,,,university,,,keep,No local-language or alias-promotion candidate signal.,0,0,none,false
institution:dfb7666cf1c6e052,Hefei Comprehensive National Science Center,,,,research_unit,,,keep,No local-language or alias-promotion candidate signal.,0,0,none,false
institution:f904c5dbc038c1df,Heidelberg University,,,,university,,,keep,No local-language or alias-promotion candidate signal.,0,0,none,false
institution:6f14a665aa77ba34,Helmholtz Center for Information Security,,,,research_unit,,,keep,No local-language or alias-promotion candidate signal.,0,0,none,false
institution:312f5a2a85c73aa0,Henan University of Engineering,,,,university,,,keep,No local-language or alias-promotion candidate signal.,0,0,none,false
institution:2d606ab01d8cb4a4,Hengyang Academy of Agricultural Sciences,,,,other,,,keep,No local-language or alias-promotion candidate signal.,0,0,none,false
institution:9862b50bf0eb12f0,Hindustan Institute of Technology and Science,,,,university,,,keep,No local-language or alias-promotion candidate signal.,0,0,none,false
institution:329f39cda413f721,Ho Chi Minh City University of Science,,,,university,"University of Science, VNU-HCMC",repository confirmed aliases,keep,Current canonical name is already English; VNU-HCMC is a useful organizational alias.,0,0,none,false
institution:834e8b5e7fb040b9,Honeywell (United States),,,,company,,,keep,No local-language or alias-promotion candidate signal.,0,0,none,false
institution:a7d5cec59e029db5,Hong Kong Polytechnic University,,,,university,,,keep,No local-language or alias-promotion candidate signal.,0,0,none,false
institution:570cf7f2e9869b63,Huawei Technologies (China),,,,company,,,keep,No local-language or alias-promotion candidate signal.,0,0,none,false
institution:ed58576681c8c7e7,Huazhong Agricultural University,,,,university,,,keep,No local-language or alias-promotion candidate signal.,0,0,none,false
institution:e540a2485c3e954f,Huazhong University of Science and Technology,,,,university,,,keep,No local-language or alias-promotion candidate signal.,0,0,none,false
institution:bbc6ae7ed9b4bd38,Humboldt University of Berlin,,,,university,Humboldt-Universität zu Berlin,,keep,No local-language or alias-promotion candidate signal.,0,0,none,false
institution:be8fe6da68f67876,Hunan University,,,,university,,,keep,No local-language or alias-promotion candidate signal.,0,0,none,false
institution:42d2e85e0328361b,Hunan University of Science and Technology,,,,university,,,keep,No local-language or alias-promotion candidate signal.,0,0,none,false
institution:1ba4ddc6758a80c0,Imperial College London,,,,university,,,keep,No local-language or alias-promotion candidate signal.,0,0,none,false
institution:c49f954847b969c5,Incheon National University,,,,university,,,keep,No local-language or alias-promotion candidate signal.,0,0,none,false
institution:4269181ef8bd7d6e,"Indian Institute of Engineering Science and Technology, Shibpur",,,,university,,,keep,No local-language or alias-promotion candidate signal.,0,0,none,false
institution:a4e0e93fcd90b1c0,Indian Institute of Technology Patna,,,,university,,,keep,No local-language or alias-promotion candidate signal.,0,0,none,false
institution:7c73c5ea3377e7f2,Indiana Hand to Shoulder Center,,,,other,,,keep,No local-language or alias-promotion candidate signal.,0,0,none,false
institution:ce9788da3b7b6137,Inner Mongolia University of Technology,,,,university,,,keep,No local-language or alias-promotion candidate signal.,0,0,none,false
institution:e4ca3896941052d9,Institute for Scientific Interchange,,,,research_unit,,,keep,No local-language or alias-promotion candidate signal.,0,0,none,false
institution:707f47de3ba40880,Institute of Automation,,,,other,,,keep,No local-language or alias-promotion candidate signal.,0,0,none,false
institution:33f2056ddfd46aaa,International Institute of Information Technology,,,,university,,,keep,No local-language or alias-promotion candidate signal.,0,0,none,false
institution:27cf878705a6b15a,Islamia University of Bahawalpur,,,,university,,,keep,No local-language or alias-promotion candidate signal.,0,0,none,false
institution:7375490cb489bcfd,Jacksonville University,,,,university,,,keep,No local-language or alias-promotion candidate signal.,0,0,none,false
institution:b6af627e10ca7fed,Jahangirnagar University,,,,university,,,keep,No local-language or alias-promotion candidate signal.,0,0,none,false
institution:557b8ad811254ad6,Jianghan University,,,,university,,,keep,No local-language or alias-promotion candidate signal.,0,0,none,false
institution:198d7d8f4558c225,Jiaxing University,,,,university,,,keep,No local-language or alias-promotion candidate signal.,0,0,none,false
institution:45d2a7ca48493f42,Jilin Vocational College of Industry and Technology,,,,university,,,keep,No local-language or alias-promotion candidate signal.,0,0,none,false
institution:f88815962e62ced1,Kadir Has University,,,,university,,,keep,No local-language or alias-promotion candidate signal.,0,0,none,false
institution:5919d60e453e2459,Kahramanmaraş Sütçü İmam University,,,,university,,https://www.ksu.edu.tr/Default.aspx?SId=1,keep,Official English-facing name retains the Turkish personal and place names.,0,0,none,false
institution:f4c98270ae3164c6,Karabük University,,,,university,,https://www.karabuk.edu.tr/en,keep,Official English brand retains Karabük.,0,0,none,false
institution:9d4cf3c6e95e06c5,Karnatak University,,,,university,,,keep,No local-language or alias-promotion candidate signal.,0,0,none,false
institution:81c7128fd371f65f,Khalifa University of Science and Technology,,,,university,,,keep,No local-language or alias-promotion candidate signal.,0,0,none,false
institution:8fac1f5c8936e362,Khwaja Fareed University of Engineering and Information Technology,,,,university,,,keep,No local-language or alias-promotion candidate signal.,0,0,none,false
institution:206ade2edf5e4762,King Abdulaziz University,,,,university,,,keep,No local-language or alias-promotion candidate signal.,0,0,none,false
institution:36c5630e014fb5d7,King Saud University,,,,university,,,keep,No local-language or alias-promotion candidate signal.,0,0,none,false
institution:7ec2cd070cc14278,King's College London,,,,university,,,keep,No local-language or alias-promotion candidate signal.,0,0,none,false
institution:24b3cd33acdc095d,Kochi University of Technology,,,,university,,,keep,No local-language or alias-promotion candidate signal.,0,0,none,false
institution:148a0feafd311a0a,Korea Advanced Institute of Science and Technology,,,,university,,,keep,No local-language or alias-promotion candidate signal.,0,0,none,false
institution:7095dc4de406754b,Korea Aerospace University,,,,university,,,keep,No local-language or alias-promotion candidate signal.,0,0,none,false
institution:eceea91f3973f1b1,Korea University,,,,university,,,keep,No local-language or alias-promotion candidate signal.,0,0,none,false
institution:bec45b93a867958c,Lamar University,,,,university,,,keep,No local-language or alias-promotion candidate signal.,1,1,none,false
institution:b71e4506b75fcb88,Leeds Beckett University,,,,university,,,keep,No local-language or alias-promotion candidate signal.,0,0,none,false
institution:228c9ed379a96dd8,Liaoning University,,,,university,,,keep,No local-language or alias-promotion candidate signal.,0,0,none,false
institution:ab1c5fd351e72f37,Link Campus University,,,,university,,,keep,No local-language or alias-promotion candidate signal.,0,0,none,false
institution:85d468a61a1936c6,Louisiana State University of Alexandria,,,,university,,,keep,No local-language or alias-promotion candidate signal.,0,0,none,false
institution:d30e2f168f8ccc03,Loyola University Chicago,,,,university,,,keep,No local-language or alias-promotion candidate signal.,0,0,none,false
institution:fb406af2053fceb0,Lund University,,,,university,,,keep,No local-language or alias-promotion candidate signal.,0,0,none,false
institution:85b5522dac5ab1d7,Majmaah University,,,,university,,,keep,No local-language or alias-promotion candidate signal.,0,0,none,false
institution:720565e77c6f2c38,Marmara University,,,,university,,,keep,No local-language or alias-promotion candidate signal.,0,0,none,false
institution:068512c1b695fe0b,Max Planck Institute for Security and Privacy,,,,research_unit,,,keep,No local-language or alias-promotion candidate signal.,0,0,none,false
institution:bcd3d53e57c31275,Mayachitra (United States),,,,company,,,keep,No local-language or alias-promotion candidate signal.,0,0,none,false
institution:5e1b887e28ecec3a,Megvii (China),,,,company,,,keep,No local-language or alias-promotion candidate signal.,0,0,none,false
institution:8dd670c7d0f431d4,Mercatorum University,,,,university,,,keep,No local-language or alias-promotion candidate signal.,0,0,none,false
institution:ea3bd73e2b506e00,Meta,,,,company,,,keep,No local-language or alias-promotion candidate signal.,1,1,none,false
institution:9e1ab9137907fdce,Microsoft (United States),,,,company,,,keep,No local-language or alias-promotion candidate signal.,0,0,none,false
institution:330ddee32a318616,Microsoft Research (United Kingdom),,,,company,,,keep,No local-language or alias-promotion candidate signal.,0,0,none,false
institution:b771bab570cca255,Microsoft Research Asia (China),,,,company,,,keep,No local-language or alias-promotion candidate signal.,0,0,none,false
institution:125af76b30759ac2,Middle East University,,,,university,,,keep,No local-language or alias-promotion candidate signal.,0,0,none,false
institution:c72155b537fbbff3,Middle Technical University,,,,university,,,keep,No local-language or alias-promotion candidate signal.,0,0,none,false
institution:79bdedc4507c21a5,Najran University,,,,university,,,keep,No local-language or alias-promotion candidate signal.,0,0,none,false
institution:70f74652d14cacde,Nankai University,,,,university,,,keep,No local-language or alias-promotion candidate signal.,0,0,none,false
institution:71438ca10017bba5,National Institute of Standards and Technology,,,,research_unit,,,keep,No local-language or alias-promotion candidate signal.,0,0,none,false
institution:12fe4f34c1ed5053,National Institute of Technology Karnataka,,,,university,,,keep,No local-language or alias-promotion candidate signal.,0,0,none,false
institution:cb66d06bbab6753c,National Pingtung University of Science and Technology,,,,university,,,keep,No local-language or alias-promotion candidate signal.,0,0,none,false
institution:4a297c8ff1c10795,National Research Council,,,,research_unit,,,keep,No local-language or alias-promotion candidate signal.,0,0,none,false
institution:72e33b377a422ec3,National Taiwan University of Science and Technology,,,,university,,,keep,No local-language or alias-promotion candidate signal.,0,0,none,false
institution:dac00bcd54a7c18f,National United University,,,,university,,,keep,No local-language or alias-promotion candidate signal.,0,0,none,false
institution:18a199cf02e2dc6e,National University of Computer and Emerging Sciences,,,,university,,,keep,No local-language or alias-promotion candidate signal.,0,0,none,false
institution:81eaae945d27f11c,National University of Ireland,,,,university,,,keep,No local-language or alias-promotion candidate signal.,0,0,none,false
institution:221eb2f9c9da3e19,National Yunlin University of Science and Technology,,,,university,,,keep,No local-language or alias-promotion candidate signal.,0,0,none,false
institution:d60d6f53bb737f8f,Naver (South Korea),,,,company,,,keep,No local-language or alias-promotion candidate signal.,0,0,none,false
institution:af28dc8d805f8918,Nirma University,,,,university,,,keep,No local-language or alias-promotion candidate signal.,0,0,none,false
institution:2c4c8a70b915edac,North South University,,,,university,,,keep,No local-language or alias-promotion candidate signal.,0,0,none,false
institution:13d54640e2e7ec6c,Northeast Agricultural University,,,,university,,,keep,No local-language or alias-promotion candidate signal.,0,0,none,false
institution:fe8410750f429b37,Nvidia (United States),,,,company,,,keep,No local-language or alias-promotion candidate signal.,0,0,none,false
institution:5de5568dbc559111,Oak Ridge National Laboratory,,,,research_unit,,,keep,No local-language or alias-promotion candidate signal.,0,0,none,false
institution:2e732c4601154ff1,Origin Quantum Computing Technology Company (China),,,,company,,,keep,No local-language or alias-promotion candidate signal.,0,0,none,false
institution:4ceaa6cde1782dfd,PLA Information Engineering University,,,,university,,,keep,No local-language or alias-promotion candidate signal.,0,0,none,false
institution:39fe5b3a0cd3dd7c,PSG INSTITUTE OF TECHNOLOGY AND APPLIED RESEARCH,,,,university,,,keep,No local-language or alias-promotion candidate signal.,0,0,none,false
institution:4f596f4cb1eacc17,Pegaso Telematic University,,,,university,,,keep,No local-language or alias-promotion candidate signal.,0,0,none,false
institution:e7cbd84466f9202b,Pegaso University,,,,university,,,keep,No local-language or alias-promotion candidate signal.,0,0,none,false
institution:64f282fa6abe9403,Peptidream (Japan),,,,company,,,keep,No local-language or alias-promotion candidate signal.,0,0,none,false
institution:1ee9da20656fd88b,Politecnico di Milano,,,,university,,https://www.polimi.it/en,keep,Official English site retains Politecnico di Milano.,0,0,none,false
institution:35caf31d5104b996,"Polytechnic Institute of Turin, Turin, Italy",,,,university,,,keep,No local-language or alias-promotion candidate signal.,0,0,none,false
institution:567dcc53fa2f6dd3,Prince Mohammad bin Fahd University,,,,university,,,keep,No local-language or alias-promotion candidate signal.,0,0,none,false
institution:312d37d9636306c2,Purdue University West Lafayette,,,,university,,,keep,No local-language or alias-promotion candidate signal.,0,0,none,false
institution:77fb2ba62b721cd6,Qilu University of Technology,,,,university,,,keep,No local-language or alias-promotion candidate signal.,0,0,none,false
institution:41f10ac519a66555,Queensland University of Technology,,,,university,,,keep,No local-language or alias-promotion candidate signal.,0,0,none,false
institution:6b773370c41b47b5,RMIT University,,,,university,,,keep,No local-language or alias-promotion candidate signal.,0,0,none,false
institution:afc7ba5b733248b6,Rashtrasant Tukadoji Maharaj Nagpur University,,,,university,,,keep,No local-language or alias-promotion candidate signal.,0,0,none,false
institution:87c744673e7e4d05,SRM Institute of Science and Technology,,,,university,,,keep,No local-language or alias-promotion candidate signal.,0,0,none,false
institution:81b3058b204793ac,Salesforce (United States),,,,company,,,keep,No local-language or alias-promotion candidate signal.,0,0,none,false
institution:457423605fa485bc,Samsung (South Korea),,,,company,,,keep,No local-language or alias-promotion candidate signal.,0,0,none,false
institution:d86afa08c5895ca3,Samsung Pharm (South Korea),,,,company,,,keep,No local-language or alias-promotion candidate signal.,0,0,none,false
institution:49700da520d8842b,Samsung SDS (South Korea),,,,company,,,keep,No local-language or alias-promotion candidate signal.,0,0,none,false
institution:d407d447fe02673c,Sant Gadge Baba Amravati University,,,,university,,,keep,No local-language or alias-promotion candidate signal.,0,0,none,false
institution:6dc785b2ccdf142c,Satya Wacana Christian University,,,,university,,,keep,No local-language or alias-promotion candidate signal.,0,0,none,false
institution:9191a7d5e3a9fc0c,Sejong University,,,,university,,,keep,No local-language or alias-promotion candidate signal.,0,0,none,false
institution:2e47d59ad1e8d5a4,Shahid Beheshti University,,,,university,,,keep,No local-language or alias-promotion candidate signal.,0,0,none,false
institution:932fb42ad74deeea,Shandong Academy of Sciences,,,,research_unit,,,keep,No local-language or alias-promotion candidate signal.,0,0,none,false
institution:39263f3dbe1e47f9,Shandong Normal University,,,,university,,,keep,No local-language or alias-promotion candidate signal.,0,0,none,false
institution:a8aa4fcbf3d06d56,Shandong University of Political Science and Law,,,,university,,,keep,No local-language or alias-promotion candidate signal.,0,0,none,false
institution:0e65844051a659b1,Shandong University of Science and Technology,,,,university,,,keep,No local-language or alias-promotion candidate signal.,0,0,none,false
institution:2c6a3e642dd40a03,Shanghai Public Security Bureau,,,,other,,,keep,No local-language or alias-promotion candidate signal.,0,0,none,false
institution:07ba242d76aafb0e,Shanghai University of Engineering Science,,,,university,,,keep,No local-language or alias-promotion candidate signal.,0,0,none,false
institution:d6f57909282596fe,Shaqra University,,,,university,,,keep,No local-language or alias-promotion candidate signal.,0,0,none,false
institution:77789f69fddd731b,Sharda University,,,,university,,,keep,No local-language or alias-promotion candidate signal.,0,0,none,false
institution:79e17450a764ece3,Sheffield Hallam University,,,,university,,,keep,No local-language or alias-promotion candidate signal.,0,0,none,false
institution:0d485839c904b21b,Shenzhen Academy of Robotics,,,,research_unit,,,keep,No local-language or alias-promotion candidate signal.,0,0,none,false
institution:11d4e5b507bbbada,Shenzhen MSU-BIT University,,,,university,,,keep,No local-language or alias-promotion candidate signal.,0,0,none,false
institution:02b60e662a7a973c,Shivaji University,,,,university,,,keep,No local-language or alias-promotion candidate signal.,0,0,none,false
institution:24532e6b5472dbfb,Singapore Institute of Technology,,,,university,,,keep,No local-language or alias-promotion candidate signal.,0,0,none,false
institution:711cae4423807c6b,Sony Corporation (United States),,,,company,,,keep,No local-language or alias-promotion candidate signal.,0,0,none,false
institution:6688d0d34a3ee58b,Sorbonne University,,,,university,,,keep,No local-language or alias-promotion candidate signal. Same-name canonical IDs: institution:e0677ab73955e8f3.,0,0,existing_canonical_collision,false
institution:e0677ab73955e8f3,Sorbonne University,,,,university,Sorbonne Université,,keep,No local-language or alias-promotion candidate signal. Same-name canonical IDs: institution:6688d0d34a3ee58b.,0,0,existing_canonical_collision,false
institution:d473cbf12de5fb53,Southwest University,,,,university,,,keep,No local-language or alias-promotion candidate signal.,0,0,none,false
institution:37ea83da28e11ff2,Southwest University of Science and Technology,,,,university,,,keep,No local-language or alias-promotion candidate signal.,0,0,none,false
institution:9e9891886a71efdf,St. Joseph's Institute of Technology,,,,university,,,keep,No local-language or alias-promotion candidate signal.,0,0,none,false
institution:8ac3b059e7b70054,State Key Laboratory of Information Security,,,,research_unit,,,keep,No local-language or alias-promotion candidate signal.,0,0,none,false
institution:87cfa9f9d3bda4e1,State University of New York,,,,university,,,keep,No local-language or alias-promotion candidate signal.,0,0,none,false
institution:d4c79ca44c5dbbbc,Stuttgart Media University,,,,university,,,keep,No local-language or alias-promotion candidate signal.,0,0,none,false
institution:e91675148695594c,Sunway University,,,,university,,,keep,No local-language or alias-promotion candidate signal.,0,0,none,false
institution:3ac6dbcc618a5a6f,Swinburne University of Technology,,,,university,,,keep,No local-language or alias-promotion candidate signal.,0,0,none,false
institution:8d0a45af450fc806,Symbiosis International University,,,,university,,,keep,No local-language or alias-promotion candidate signal.,0,0,none,false
institution:926c0d427a18622b,Taif University,,,,university,,,keep,No local-language or alias-promotion candidate signal.,0,0,none,false
institution:66101d2ca048704e,Technische Universität Berlin,,,,university,,https://www.tu.berlin/en/studying/study-programs,keep,Official English site retains Technische Universität Berlin as the heading and institutional name.,0,0,none,false
institution:7df4a1601453f806,Tel Aviv University,,,,university,,,keep,No local-language or alias-promotion candidate signal.,0,0,none,false
institution:a992a0408381afc7,Tencent (China),,,,company,,,keep,No local-language or alias-promotion candidate signal.,0,0,none,false
institution:5c5bb5ad830242f4,Texas Tech University,,,,university,,,keep,No local-language or alias-promotion candidate signal.,0,0,none,false
institution:5396ea72656b4b19,The Chinese University of Hong Kong,,,,university,,,keep,No local-language or alias-promotion candidate signal.,0,0,none,false
institution:942667142da716c5,The Hong Kong University of Science and Technology (Guangzhou),,,,university,,,keep,No local-language or alias-promotion candidate signal.,0,0,none,false
institution:9ed23c2db75b5eee,Tianjin University,,,,university,,,keep,No local-language or alias-promotion candidate signal.,0,0,none,false
institution:2bec96b8d2c54388,Tianjin University of Science and Technology,,,,university,,,keep,No local-language or alias-promotion candidate signal.,0,0,none,false
institution:3e0adb795a72cea8,Tianjin University of Technology,,,,university,,,keep,No local-language or alias-promotion candidate signal.,1,1,none,false
institution:5e520dd2cd0a49c8,Tilburg University,,,,university,,,keep,No local-language or alias-promotion candidate signal.,0,0,none,false
institution:b370a10db2a1f294,Trinity College Dublin,,,,university,,,keep,No local-language or alias-promotion candidate signal.,0,0,none,false
institution:4bff7ae080547794,TrueMedia,,,,research_unit,,,keep,No local-language or alias-promotion candidate signal.,0,0,none,false
institution:ee1464b6cfe3e064,Tun Hussein Onn University of Malaysia,,,,university,,,keep,No local-language or alias-promotion candidate signal.,0,0,none,false
institution:424b7d284db388e3,Tunghai University,,,,university,,,keep,No local-language or alias-promotion candidate signal.,0,0,none,false
institution:29f3e76214681290,UNSW Sydney,,,,other,,,keep,No local-language or alias-promotion candidate signal.,0,0,none,false
institution:b0f3614b042aab47,Universiti Malaysia Sarawak,,,,university,,https://www.unimas.my/,keep,Recognized official international name is Universiti Malaysia Sarawak.,0,0,none,false
institution:a8ed28b9013a59e5,Universiti Putra Malaysia,,,,university,,https://www.upm.edu.my/?LANG=en,keep,Recognized official international name is Universiti Putra Malaysia.,0,0,none,false
institution:4cdbeb4bb5d94d04,University College Dublin,,,,university,,,keep,No local-language or alias-promotion candidate signal.,0,0,none,false
institution:c121cd267550901f,"University at Albany, State University of New York",,,,university,,,keep,No local-language or alias-promotion candidate signal.,0,0,none,false
institution:612630c2527bff83,"University at Buffalo, State University of New York",,,,university,,,keep,No local-language or alias-promotion candidate signal.,2,2,none,false
institution:2dd8e4fd2cb400d5,University of Aleppo,,,,university,,,keep,No local-language or alias-promotion candidate signal.,0,0,none,false
institution:4a22ca636b97fd7f,University of Applied Health Sciences,,,,university,,,keep,No local-language or alias-promotion candidate signal.,0,0,none,false
institution:85dd03b724084b02,University of Baltimore,,,,university,,,keep,No local-language or alias-promotion candidate signal.,0,0,none,false
institution:610848049e237294,University of Bonn,,,,university,,,keep,No local-language or alias-promotion candidate signal.,0,0,none,false
institution:05b67f44dd9f6846,University of British Columbia,,,,university,,,keep,No local-language or alias-promotion candidate signal.,0,0,none,false
institution:17e63acd624ced9b,University of Cagliari,,,,university,,,keep,No local-language or alias-promotion candidate signal.,0,0,none,false
institution:ca4ec8b3c028069a,"University of California, Riverside",,,,university,,,keep,No local-language or alias-promotion candidate signal.,0,0,none,false
institution:de4a2849d3de43a3,"University of California, Santa Barbara",,,,university,,,keep,No local-language or alias-promotion candidate signal.,0,0,none,false
institution:14daf7f722d7d91d,University of Campinas,,,,university,Universidade Estadual de Campinas (UNICAMP),,keep,No local-language or alias-promotion candidate signal. Same-name canonical IDs: institution:f4a883f8d9615a43.,0,0,existing_canonical_collision,false
institution:e103bc7b785f96fd,University of Coimbra,,,,university,,,keep,No local-language or alias-promotion candidate signal.,0,0,none,false
institution:5fc8d686887fa82a,University of Electronic Science and Technology of China,,,,university,,,keep,No local-language or alias-promotion candidate signal.,0,0,none,false
institution:64c1d2ad9160a22f,University of Engineering & Management,,,,university,,,keep,No local-language or alias-promotion candidate signal.,0,0,none,false
institution:6ffec4118fae194f,University of Engineering and Technology Taxila,,,,university,,,keep,No local-language or alias-promotion candidate signal.,0,0,none,false
institution:f8894017df3dfcc2,University of Galway,,,,university,Ollscoil na Gaillimhe – University of Galway,repository confirmed aliases,keep,Current canonical is English and the bilingual Irish form remains an alias.,0,0,none,false
institution:191ab0ad911126ad,University of Hafr Al-Batin,,,,university,,,keep,No local-language or alias-promotion candidate signal.,0,0,none,false
institution:da2d97c082267c13,University of Hong Kong,,,,university,,,keep,No local-language or alias-promotion candidate signal.,0,0,none,false
institution:a7f4bd547e079314,University of Indianapolis,,,,university,,,keep,No local-language or alias-promotion candidate signal.,0,0,none,false
institution:4dc98405f4a72728,University of Jinan,,,,university,,,keep,No local-language or alias-promotion candidate signal.,0,0,none,false
institution:882d9509a9483333,University of Kerala,,,,university,,,keep,No local-language or alias-promotion candidate signal.,0,0,none,false
institution:6897907a26009a77,University of Liverpool,,,,university,,,keep,No local-language or alias-promotion candidate signal.,0,0,none,false
institution:4f857a16fa2b6772,University of Malta,,,,university,,,keep,No local-language or alias-promotion candidate signal.,0,0,none,false
institution:76f485d9ab6917e6,University of Management and Technology,,,,university,,,keep,No local-language or alias-promotion candidate signal.,0,0,none,false
institution:e65ac91b19314310,University of Maribor,,,,university,,,keep,No local-language or alias-promotion candidate signal.,0,0,none,false
institution:bc735f3cccb71688,"University of Maryland, College Park",,,,university,,,keep,No local-language or alias-promotion candidate signal.,0,0,none,false
institution:16acb7bf7b8c14cf,University of Massachusetts Boston,,,,university,,,keep,No local-language or alias-promotion candidate signal.,0,0,none,false
institution:d4c5c00e6ef405e5,University of Michigan–Flint,,,,university,,https://www.umflint.edu/,keep,Already English; the dash is typography rather than a local-language signal.,0,0,none,false
institution:cd743b4a401f4611,University of Mumbai,,,,university,,,keep,No local-language or alias-promotion candidate signal.,0,0,none,false
institution:bbac7db3fe9aebc6,University of Newcastle Australia,,,,university,,,keep,No local-language or alias-promotion candidate signal.,0,0,none,false
institution:f3cfc9b602d85010,University of North Texas,,,,university,,,keep,No local-language or alias-promotion candidate signal.,0,0,none,false
institution:6527630c76c9d56a,University of Oregon,,,,university,,,keep,No local-language or alias-promotion candidate signal.,0,0,none,false
institution:ffcb560498d89d25,University of Oslo,,,,university,,,keep,No local-language or alias-promotion candidate signal.,0,0,none,false
institution:ac88e2afb065388b,University of Padua,,,,university,,,keep,No local-language or alias-promotion candidate signal.,0,0,none,false
institution:018c503420feda75,University of Petroleum and Energy Studies,,,,university,,,keep,No local-language or alias-promotion candidate signal.,0,0,none,false
institution:d8380bce08742d96,University of Plymouth,,,,university,,,keep,No local-language or alias-promotion candidate signal.,0,0,none,false
institution:e0847a88faaa305e,University of Portsmouth,,,,university,,,keep,No local-language or alias-promotion candidate signal.,0,0,none,false
institution:85eee734d249f6b1,University of Rajshahi,,,,university,,,keep,No local-language or alias-promotion candidate signal.,0,0,none,false
institution:d91bdebb133e022b,University of Salerno,,,,university,,,keep,No local-language or alias-promotion candidate signal.,0,0,none,false
institution:cf0fbf994717bb60,University of Seoul,,,,university,,,keep,No local-language or alias-promotion candidate signal.,0,0,none,false
institution:8051e5f39b55dde4,University of South Wales,,,,university,,,keep,No local-language or alias-promotion candidate signal.,0,0,none,false
institution:c27ba6b4c07428cf,University of Southern Denmark,,,,university,,,keep,No local-language or alias-promotion candidate signal.,0,0,none,false
institution:b4361f45b61f9e1c,University of St. Thomas - Minnesota,,,,university,,,keep,No local-language or alias-promotion candidate signal.,0,0,none,false
institution:f68896817b1b2d6b,University of Technology Sydney,,,,university,,,keep,No local-language or alias-promotion candidate signal.,0,0,none,false
institution:9fa92db1d3d981f0,University of Vienna,,,,university,,,keep,No local-language or alias-promotion candidate signal.,0,0,none,false
institution:4d3dd6848c184118,University of Warwick,,,,university,,,keep,No local-language or alias-promotion candidate signal.,0,0,none,false
institution:32e3542f42f3fe45,University of Wollongong in Dubai,,,,university,,,keep,No local-language or alias-promotion candidate signal.,0,0,none,false
institution:88b6a237229e50a1,University of Žilina,,,,university,,https://www.uniza.sk/index.php/en/,keep,Official English name retains the Žilina place-name diacritic.,0,0,none,false
institution:78ca573d3b6c457c,VSB - Technical University of Ostrava,,,,university,,,keep,No local-language or alias-promotion candidate signal.,0,0,none,false
institution:c6f551ae664eb6a5,Victoria University of Wellington,,,,university,,,keep,No local-language or alias-promotion candidate signal.,0,0,none,false
institution:19d2ee8d44bfb9f0,Vietnam National University Ho Chi Minh City,,,,university,,,keep,No local-language or alias-promotion candidate signal.,0,0,none,false
institution:dc3e4a6107db41d1,Wanjiang University of Technology,,,,university,,,keep,No local-language or alias-promotion candidate signal.,0,0,none,false
institution:bc1cdb126bafdc16,Washington State University,,,,university,,,keep,No local-language or alias-promotion candidate signal.,0,0,none,false
institution:69152a620553f03a,Wuhan Business University,,,,university,,,keep,No local-language or alias-promotion candidate signal.,0,0,none,false
institution:cdde929ea128594e,Wuhan Institute of Technology,,,,university,,,keep,No local-language or alias-promotion candidate signal.,0,0,none,false
institution:4955c30e161b66f8,Xinjiang University,,,,university,,,keep,No local-language or alias-promotion candidate signal.,0,0,none,false
institution:9dcc9e0e62baaea9,Yulin Normal University,,,,university,,,keep,No local-language or alias-promotion candidate signal.,0,0,none,false
institution:fa59f7ae15be03cb,Zhejiang Sci-Tech University,,,,university,,,keep,No local-language or alias-promotion candidate signal.,0,0,none,false
institution:5d8853c0a593d41c,Zhengzhou University of Science and Technology,,,,university,,,keep,No local-language or alias-promotion candidate signal.,0,0,none,false
institution:943b42ad910c2615,Australian National University,,Australia,Canberra,university,,,keep,No local-language or alias-promotion candidate signal.,1,1,none,false
institution:02e0cb0a82c051ec,Monash University,,Australia,Melbourne,university,,,keep,No local-language or alias-promotion candidate signal.,1,1,none,false
institution:1984e5f97afb62d8,The University of Sydney,,Australia,Sydney,university,,,keep,No local-language or alias-promotion candidate signal.,1,1,none,false
institution:815062efbb762258,University of New South Wales,,Australia,Sydney,university,,,keep,No local-language or alias-promotion candidate signal.,1,1,none,false
institution:965434eee0b97685,University of Sydney,,Australia,Sydney,university,,,keep,No local-language or alias-promotion candidate signal.,1,1,none,false
institution:b7f49dab7bfe22c4,American International University-Bangladesh,,Bangladesh,Dhaka,university,,,keep,No local-language or alias-promotion candidate signal.,1,1,none,false
institution:c739468458199e8c,Barisal Information Technology College,,Bangladesh,Barisal,university,,,keep,No local-language or alias-promotion candidate signal.,1,1,none,false
institution:488418437bfc9b2c,Chittagong University of Engineering and Technology,,Bangladesh,Raozan,university,,,keep,No local-language or alias-promotion candidate signal.,1,1,none,false
institution:0aed8b5908ebcd25,Institute for Pure and Applied Mathematics (IMPA),,Brazil,Rio de Janeiro,research_unit,Instituto de Matemática Pura e Aplicada,,keep,No local-language or alias-promotion candidate signal.,1,1,none,false
institution:f4a883f8d9615a43,University of Campinas,,Brazil,Campinas,university,University of Campinas,,keep,No local-language or alias-promotion candidate signal. Same-name canonical IDs: institution:14daf7f722d7d91d.,2,2,existing_canonical_collision,false
institution:507c5724052f23eb,"INSAIT, Sofia University ""St. Kliment Ohridski""",,Bulgaria,Sofia,university,,,keep,No local-language or alias-promotion candidate signal.,1,1,none,false
institution:3391e7c855fa0e6e,University of Shanghai for Science and Technology,,CN,Shanghai,university,,,keep,No local-language or alias-promotion candidate signal.,1,1,none,false
institution:2469c3505064216c,Queen's University,,Canada,Kingston,university,,,keep,No local-language or alias-promotion candidate signal.,1,1,none,false
institution:6a892bbe4ee57122,University of Toronto,,Canada,Toronto,university,,,keep,No local-language or alias-promotion candidate signal.,2,2,none,false
institution:7417258b2e3d3491,University of Waterloo,,Canada,Waterloo,university,University of Waterloo,,keep,No local-language or alias-promotion candidate signal.,2,2,none,false
institution:dc213653c8edb0fa,Vector Institute,,Canada,Toronto,research_unit,,,keep,No local-language or alias-promotion candidate signal.,1,1,none,false
institution:d2cacec52769f3d9,Academia Sinica,,China,Taipei,research_unit,,,keep,No local-language or alias-promotion candidate signal.,1,1,none,false
institution:73f449eb6a3c05d3,Alibaba Group,,China,Hangzhou,company,,,keep,No local-language or alias-promotion candidate signal.,2,2,none,false
institution:6faf58b52bec4e39,Alibaba Inc,,China,Hangzhou,company,Taobao & Tmall Group of Alibaba,,keep,No local-language or alias-promotion candidate signal.,2,2,none,false
institution:5a28a1a99a417ba5,Ant Group,,China,Hangzhou,company,,,keep,No local-language or alias-promotion candidate signal.,5,5,none,false
institution:04c73587b47761ee,BASIS International School Nanjing,,China,Nanjing,other,Basis International School Naning,,keep,No local-language or alias-promotion candidate signal.,1,1,none,false
institution:f336b3005794930b,Beihang University,,China,Beijing,university,,,keep,No local-language or alias-promotion candidate signal.,4,4,none,false
institution:985443a2d7239406,Beijing Academy of Artificial Intelligence,,China,Beijing,research_unit,,,keep,No local-language or alias-promotion candidate signal.,3,3,none,false
institution:bf6195b78f6dc951,Beijing Jiaotong University,,China,Beijing,university,Beijing Jiaotong University,,keep,No local-language or alias-promotion candidate signal.,7,7,none,false
institution:924e1e0e9723b423,Beijing Normal University,,China,Beijing,university,,,keep,No local-language or alias-promotion candidate signal.,3,3,none,false
institution:88976ef4193e3a06,Beijing University of Civil Engineering and Architecture,,China,Beijing,university,,,keep,No local-language or alias-promotion candidate signal.,1,1,none,false
institution:1502cb7c96ae3095,Beijing University of Posts and Telecommunications,,China,Beijing,university,,,keep,No local-language or alias-promotion candidate signal.,7,7,none,false
institution:f060d61d546153f2,Beijing University of Technology,,China,Beijing,university,,,keep,No local-language or alias-promotion candidate signal.,1,1,none,false
institution:2792f975d7b5565e,Binjiang Institute of Artificial Intelligence,,China,Hangzhou,research_unit,,,keep,No local-language or alias-promotion candidate signal.,1,1,none,false
institution:5d6887482c098264,Binjiang Institute of Zhejiang University,,China,Hangzhou,university,,,keep,No local-language or alias-promotion candidate signal.,1,1,none,false
institution:7f558d88204cdf26,"CEC GienTech Technology Co., Ltd.",,China,Shanghai,company,,,keep,No local-language or alias-promotion candidate signal.,1,1,none,false
institution:15e8da2735014d49,Central University of Finance and Economics,,China,Beijing,university,,,keep,No local-language or alias-promotion candidate signal.,1,1,none,false
institution:5757493192522b63,China Electronics Technology Group Corporation,,China,Beijing,company,,,keep,No local-language or alias-promotion candidate signal.,1,1,none,false
institution:e67012d79bb3f603,China University of Mining and Technology,,China,Xuzhou,university,,,keep,No local-language or alias-promotion candidate signal.,1,1,none,false
institution:3afb6cc453e0a8d9,Chinese Academy of Sciences,,China,Beijing,research_unit,,,keep,No local-language or alias-promotion candidate signal.,0,0,none,false
institution:7e10613327a4e264,Chongqing University of Posts and Telecommunications,,China,Chongqing,university,,,keep,No local-language or alias-promotion candidate signal.,3,3,none,false
institution:ec71dc4340659fd9,City University of Hong Kong,,China,Hong Kong,university,,,keep,No local-language or alias-promotion candidate signal.,5,5,none,false
institution:157163d25dac880f,Communication University of China,,China,Beijing,university,,,keep,No local-language or alias-promotion candidate signal.,3,3,none,false
institution:95626cb146b52080,"DeepFuture Technology (Hengqin, Guangdong) Co., Ltd.",,China,Zhuhai,company,,,keep,No local-language or alias-promotion candidate signal.,1,1,none,false
institution:a8d8c5fe60be3e65,East China Normal University,,China,Shanghai,university,,,keep,No local-language or alias-promotion candidate signal.,1,1,none,false
institution:82b627d49a985ef1,East China University of Science and Technology,,China,Shanghai,university,,,keep,No local-language or alias-promotion candidate signal.,1,1,none,false
institution:baa1df7c4adddbda,Fudan University,,China,Shanghai,university,Fudan University,,keep,No local-language or alias-promotion candidate signal.,10,10,none,false
institution:8fe72087521e285a,Guangdong University of Technology,,China,Guangzhou,university,,,keep,No local-language or alias-promotion candidate signal.,2,2,none,false
institution:9dd7b58a09f6962c,"HKISI, Chinese Academy of Sciences",,China,Hong Kong,research_unit,,,keep,No local-language or alias-promotion candidate signal.,2,2,none,false
institution:91e76fe32279c58d,Hangzhou High-Tech Zone (Binjiang) Institute of Blockchain and Data Security,,China,Hangzhou,research_unit,,,keep,No local-language or alias-promotion candidate signal.,2,2,none,false
institution:fe438b1c7662476f,Harbin Institute of Technology,,China,Harbin,university,,,keep,No local-language or alias-promotion candidate signal.,3,3,none,false
institution:6c5bb70e9f4b77ba,"Harbin Institute of Technology, Shenzhen",,China,Shenzhen,university,,,keep,No local-language or alias-promotion candidate signal.,2,2,none,false
institution:b83f47152ad1ec29,Hebei University of Technology,,China,Tianjin,university,,,keep,No local-language or alias-promotion candidate signal.,1,1,none,false
institution:f6342fd457763517,Hefei University of Technology,,China,Hefei,university,,,keep,No local-language or alias-promotion candidate signal.,3,3,none,false
institution:e1fcb46488c800ef,Hong Kong Metropolitan University,,China,Hong Kong,university,,,keep,No local-language or alias-promotion candidate signal.,1,1,none,false
institution:1f9be0c6a5d4aa0b,Hong Kong University of Science and Technology,,China,Hongkong,university,,,keep,No local-language or alias-promotion candidate signal.,2,2,none,false
institution:2e62680df0fed751,Huawei Noah's Ark Lab,,China,Hong Kong,company,Huawei Noah's Ark Lab,,keep,No local-language or alias-promotion candidate signal.,2,2,none,false
institution:a1ff6f7123083db9,"Institute of Artificial Intelligence (TeleAI), China Telecom",,China,Beijing,company,,,keep,No local-language or alias-promotion candidate signal.,2,2,none,false
institution:db049bef3a2d25e0,"Institute of Artificial Intelligence, Hefei Comprehensive National Science Center",,China,Hefei,research_unit,,,keep,No local-language or alias-promotion candidate signal.,1,1,none,false
institution:966ff12833f90bb0,"Institute of Automation, Chinese Academy of Sciences",,China,Beijing,research_unit,"Institute of Automation, Chinese Academy of Sciences; Institute of Automation",repository confirmed aliases,keep,Short institute alias does not supersede the established English canonical name.,14,14,none,false
institution:e278f75918ccf8a7,"Institute of Computing Technology, Chinese Academy of Sciences",,China,Beijing,research_unit,"Institute of Computing Technology, Chinese Academy of Sciences; Institute of Computing Technology",repository confirmed aliases,keep,Short institute alias does not supersede the established English canonical name.,5,5,none,false
institution:cee70184073782c7,"Institute of Information Engineering, Chinese Academy of Sciences",,China,Beijing,research_unit,"Institute of Information Engineering, Chinese Academy of Sciences; Institute of Information Engineering",repository confirmed aliases,keep,Short institute alias does not supersede the established English canonical name.,2,2,none,false
institution:260c0fc69149bb41,Intel Corporation,,China,Beijing,company,,,keep,No local-language or alias-promotion candidate signal.,1,1,none,false
institution:1179ac01dd4eef1f,Jiangnan University,,China,Wuxi,university,,,keep,No local-language or alias-promotion candidate signal.,4,4,none,false
institution:23556881bce23bb9,Jiaxing Municipal Public Security Bureau,,China,Jiaxing,other,,,keep,No local-language or alias-promotion candidate signal.,1,1,none,false
institution:d9bedf96789f3033,Jiaxing Vocational Technical College,,China,Jiaxing,other,,,keep,No local-language or alias-promotion candidate signal.,1,1,none,false
institution:8632718a2c1444c6,Jinan University,,China,Guangzhou,university,,,keep,No local-language or alias-promotion candidate signal.,3,3,none,false
institution:da7c9e3c3edb12a5,Kunming University of Science and Technology,,China,Kunming,university,,,keep,No local-language or alias-promotion candidate signal.,1,1,none,false
institution:a28e1611e5e6b8b6,Lanzhou University,,China,Lanzhou,university,,,keep,No local-language or alias-promotion candidate signal.,1,1,none,false
institution:a3a1d363318e4d61,Liaoning Normal University,,China,Dalian,university,,,keep,No local-language or alias-promotion candidate signal.,1,1,none,false
institution:b8e44ef51464a97c,Macao Polytechnic University,,China,Macau,university,,,keep,No local-language or alias-promotion candidate signal.,1,1,none,false
institution:d8d45546142be201,Macau University of Science and Technology,,China,Macau,university,,,keep,No local-language or alias-promotion candidate signal.,2,2,none,false
institution:73df77aca515d21a,Merchants Union Consumer Finance Company,,China,Shenzhen,company,,,keep,No local-language or alias-promotion candidate signal.,1,1,none,false
institution:7b971ad17fd639eb,Microsoft Research Asia,,China,Beijing,company,,,keep,No local-language or alias-promotion candidate signal.,2,2,none,false
institution:26db9b197bbb7634,NSFOCUS,,China,Beijing,company,,,keep,No local-language or alias-promotion candidate signal.,1,1,none,false
institution:74eb5a7db0242865,Nanchang University,,China,Nanchang,university,,,keep,No local-language or alias-promotion candidate signal.,3,3,none,false
institution:64aa68d006c72586,Nanfang College Guangzhou,,China,Guangzhou,other,,,keep,No local-language or alias-promotion candidate signal.,1,1,none,false
institution:17d17325e0e0dae2,Nanjing University of Aeronautics and Astronautics,,China,Nanjing,university,,,keep,No local-language or alias-promotion candidate signal.,1,1,none,false
institution:0af8b0b3be8e7963,Nanjing University of Information Science and Technology,,China,Nanjing,university,,,keep,No local-language or alias-promotion candidate signal.,4,4,none,false
institution:a239b6e2cb8473ef,Nanjing University of Science and Technology,,China,Nanjing,university,,,keep,No local-language or alias-promotion candidate signal.,1,1,none,false
institution:69a779f3b8d566f6,National Taiwan University,,China,Taipei,university,,,keep,No local-language or alias-promotion candidate signal.,2,2,none,false
institution:4b215cd9407fb4b1,National Tsing Hua University,,China,Xinzhu,university,,,keep,No local-language or alias-promotion candidate signal.,1,1,none,false
institution:b99e56fd55395250,National Yang Ming Chiao Tung University,,China,Hsinchu,university,,,keep,No local-language or alias-promotion candidate signal.,1,1,none,false
institution:0008285766dcabc7,Northeastern University,,China,Shenyang,university,"东北大学; Northeastern University, China; Northeastern University, Shenyang",repository country-disambiguated aliases,keep,Chinese and country-qualified aliases preserve the China identity; never merge with the US institution. Same-name canonical IDs: institution:ff1a1bc95dbe91a8.,1,1,cross_country_same_name,false
institution:bc1d8b5fba4bc5ff,Northwestern Polytechnical University,,China,Xi’an,university,,,keep,No local-language or alias-promotion candidate signal.,2,2,none,false
institution:46e4866d3b2954ab,Peking University,,China,Beijing,university,,,keep,No local-language or alias-promotion candidate signal.,5,5,none,false
institution:6346b1a9c3b5ccd7,Peking University Shenzhen Graduate School,,China,Shenzhen,university,,,keep,No local-language or alias-promotion candidate signal.,1,1,none,false
institution:aee00ab2f1fd8132,Peng Cheng Laboratory,,China,Shenzhen,research_unit,,,keep,No local-language or alias-promotion candidate signal.,2,2,none,false
institution:1ce921cf3475aa52,Pengcheng Laboratory,,China,Shenzhen,research_unit,,,keep,No local-language or alias-promotion candidate signal.,1,1,none,false
institution:a4cdf5c9d1038c90,Purple Mountain Laboratories,,China,Nanjing,research_unit,,,keep,No local-language or alias-promotion candidate signal.,1,1,none,false
institution:e64214548d48f667,Qingdao Academy of Intelligent Industries,,China,Qingdao,research_unit,,,keep,No local-language or alias-promotion candidate signal.,1,1,none,false
institution:5fbb6e2cbdd4ea21,Renmin University of China,,China,Beijing,university,,,keep,No local-language or alias-promotion candidate signal.,4,4,none,false
institution:a86e3c911036d069,Sangfor Technologies Inc.,,China,Shenzhen,company,,,keep,No local-language or alias-promotion candidate signal.,2,2,none,false
institution:f95d5af831e91b94,SenseTime,,China,Shanghai,company,,,keep,No local-language or alias-promotion candidate signal.,2,2,none,false
institution:b3d626f58155d650,Shandong University,,China,Jinan,university,,,keep,No local-language or alias-promotion candidate signal.,2,2,none,false
institution:cd66beec0fcee918,Shanghai AI Laboratory,,China,Shanghai,research_unit,,,keep,No local-language or alias-promotion candidate signal.,1,1,none,false
institution:c107a95b6cb53ac5,Shanghai Artificial Intelligence Laboratory,,China,Shanghai,research_unit,,,keep,No local-language or alias-promotion candidate signal.,4,4,none,false
institution:9a0d85eff850f04a,Shanghai Innovation Institute,,China,Shanghai,research_unit,,,keep,No local-language or alias-promotion candidate signal.,1,1,none,false
institution:fccd5d0ac9cc52f9,Shanghai Jiao Tong University,,China,Shanghai,university,Shanghai Jiao Tong University,,keep,No local-language or alias-promotion candidate signal.,11,11,none,false
institution:85a4635e28eefe8e,Shanghai Polytechnic University,,China,Shanghai,university,,,keep,No local-language or alias-promotion candidate signal.,2,2,none,false
institution:dbc08517e4f1ed6e,Shanghai University,,China,Shanghai,university,,,keep,No local-language or alias-promotion candidate signal.,1,1,none,false
institution:caec9d0e5ab5010d,Shanghai University of Electric Power,,China,Shanghai,university,,,keep,No local-language or alias-promotion candidate signal.,1,1,none,false
institution:9ab7959736f7be0d,Shenzhen Campus of Sun Yat-sen University,,China,Shenzhen,university,,,keep,No local-language or alias-promotion candidate signal.,2,2,none,false
institution:ad9c8964d01f80d8,Shenzhen University,,China,Shenzhen,university,,,keep,No local-language or alias-promotion candidate signal.,3,3,none,false
institution:498778a17add497f,Shenzhen University of Advanced Technology,,China,Shenzhen,university,,,keep,No local-language or alias-promotion candidate signal.,1,1,none,false
institution:4c1e9439f241e5ec,Sichuan University,,China,Chengdu,university,,,keep,No local-language or alias-promotion candidate signal.,3,3,none,false
institution:387a46732b927ccd,Sino-Russian Research Center for Digital Economy,,China,Xiamen,research_unit,,,keep,No local-language or alias-promotion candidate signal.,1,1,none,false
institution:3e9b289ae248f660,South China University of Technology,,China,Guangzhou,university,,,keep,No local-language or alias-promotion candidate signal.,1,1,none,false
institution:592f613084a7ca9d,Southeast University,,China,Nanjing,university,,,keep,No local-language or alias-promotion candidate signal.,2,2,none,false
institution:5c85faa51cc57a24,Sun Yat-sen University,,China,Guangzhou,university,,,keep,No local-language or alias-promotion candidate signal.,8,8,none,false
institution:3e78e883c14f8bb8,Tencent Youtu Lab,,China,Shanghai,company,,,keep,No local-language or alias-promotion candidate signal.,7,7,none,false
institution:5dbb9ac6a407e079,"The Chinese University of Hong Kong, Shenzhen",,China,Shenzhen,university,"The Chinese University of Hong Kong, Shenzhen",,keep,No local-language or alias-promotion candidate signal.,4,5,none,false
institution:31f980eaa403801a,The Hong Kong Polytechnic University,,China,Hong Kong,university,,,keep,No local-language or alias-promotion candidate signal.,2,2,none,false
institution:fa80d3c071c298e1,The Hong Kong University of Science and Technology,,China,Hong Kong,university,,,keep,No local-language or alias-promotion candidate signal.,2,2,none,false
institution:404cfa1ef241f359,The University of Hong Kong,,China,Hong Kong,university,,,keep,No local-language or alias-promotion candidate signal.,1,1,none,false
institution:b0b93bb53a8b88c1,Tongji University,,China,Yangpu,university,,,keep,No local-language or alias-promotion candidate signal.,1,1,none,false
institution:230f59b4fb28c236,Tsinghua Shenzhen International Graduate School,,China,Shenzhen,university,Tsinghua Shenzhen International Graduate School,,keep,No local-language or alias-promotion candidate signal.,1,1,none,false
institution:4ae45b121fe12e9c,Tsinghua University,,China,Beijing,university,Tsinghua University,,keep,No local-language or alias-promotion candidate signal.,7,7,none,false
institution:69309405e04976ec,University of Chinese Academy of Sciences,,China,Beijing,university,University of Chinese Academy of Sciences,,keep,No local-language or alias-promotion candidate signal.,14,14,none,false
institution:19b5782d597636d9,University of International Relations,,China,Beijing,university,,,keep,No local-language or alias-promotion candidate signal.,1,1,none,false
institution:b8a4e3b25fd4a300,University of Macao,,China,Macao,university,,,keep,No local-language or alias-promotion candidate signal.,1,1,none,false
institution:53e6219d595780e3,University of Macau,,China,Macau,university,,,keep,No local-language or alias-promotion candidate signal.,2,2,none,false
institution:e721b03b6f6c172d,University of Science and Technology of China,,China,Hefei,university,,,keep,No local-language or alias-promotion candidate signal.,8,8,none,false
institution:a5744bc50825ed1f,"WeChat Pay, Tencent",,China,Shenzhen,company,,,keep,No local-language or alias-promotion candidate signal.,1,1,none,false
institution:f23b95ce92de4591,Wuhan University,,China,Wuhan,university,Wuhan University,,keep,No local-language or alias-promotion candidate signal.,7,7,none,false
institution:59879dd4d4951779,Xi'an University of Technology,,China,Xi'an,university,,,keep,No local-language or alias-promotion candidate signal.,1,1,none,false
institution:929ddef9540ec1e7,Xiamen University,,China,Xiamen,university,,,keep,No local-language or alias-promotion candidate signal.,4,4,none,false
institution:43ae05e86afd56bd,Xidian University,,China,Xi'an,university,,,keep,No local-language or alias-promotion candidate signal.,2,2,none,false
institution:c5810afc25d178a5,Yanshan University,,China,Qinhuangdao,university,,,keep,No local-language or alias-promotion candidate signal.,1,1,none,false
institution:052cc551c35dadab,Yunnan University of Finance and Economics,,China,Kunming,university,,,keep,No local-language or alias-promotion candidate signal.,1,1,none,false
institution:2f8c9f8f9209013d,Zhejiang Lab,,China,Hangzhou,research_unit,,,keep,No local-language or alias-promotion candidate signal.,1,1,none,false
institution:e433baf78e80004b,Zhejiang University,,China,Hangzhou,university,Zhejiang University,,keep,No local-language or alias-promotion candidate signal.,9,9,none,false
institution:9b91aedca1273b56,Zhejiang University of Technology,,China,Hangzhou,university,,,keep,No local-language or alias-promotion candidate signal.,4,4,none,false
institution:d1012c88e7ee61fd,xiaohongshu Inc.,,China,Shanghai,company,,,keep,No local-language or alias-promotion candidate signal.,1,1,none,false
institution:b85a1a866c0c7fe8,Aarhus University,,Denmark,Aarhus,university,,,keep,No local-language or alias-promotion candidate signal.,1,1,none,false
institution:bc52939c5da8ad98,Jaume I University,,España,Castellón de la Plana,university,,,keep,No local-language or alias-promotion candidate signal.,1,1,none,false
institution:a76d3c97c5824bc9,Grenoble INP,,France,Grenoble,university,,,keep,No local-language or alias-promotion candidate signal. Same-name canonical IDs: institution:475fa3f7d32d5d27.,1,1,existing_canonical_collision,false
institution:0c5e25ec47ce33fe,Paris-Saclay University,,France,Gif-sur-Yvette,university,Université Paris-Saclay,,keep,No local-language or alias-promotion candidate signal.,1,1,none,false
institution:1e2fe2432a089705,Polytechnic University of Hauts-de-France,,France,Valenciennes,university,Université Polytechnique Hauts-de-France; University Polytechnique Hauts-de-France,repository confirmed aliases,keep,Current canonical name is already English and the French form is intentionally retained as an alias.,5,5,none,false
institution:c76018a960d2cd12,University of Lille,,France,Villeneuve-d'Ascq,university,Université de Lille,,keep,No local-language or alias-promotion candidate signal.,1,1,none,false
institution:6c246ba350e11d5f,University of Rennes,,France,Rennes,university,Université de Rennes,,keep,No local-language or alias-promotion candidate signal.,1,1,none,false
institution:bf0065cf4529e953,University of Technology of Troyes,,France,Troyes,university,,,keep,No local-language or alias-promotion candidate signal.,1,1,none,false
institution:ef7c68d6edbab550,Université Grenoble Alpes,,France,Saint-Martin-d'Hères,university,,https://www.univ-grenoble-alpes.fr/english/,keep,Official English site retains Université Grenoble Alpes.,2,2,none,false
institution:678fbbc18157fd45,École Polytechnique,,France,Palaiseau,university,,https://www.polytechnique.edu/en,keep,Official English site retains École Polytechnique.,1,1,none,false
institution:aea376936c88135b,CISPA Helmholtz Center for Information Security,,Germany,Saarbrücken,research_unit,CISPA Helmholtz Center for Information Security,,keep,No local-language or alias-promotion candidate signal.,4,4,none,false
institution:73bb0fe265f6e090,Friedrich-Alexander-Universität Erlangen-Nürnberg,,Germany,Erlangen,university,,https://www.fau.eu/,keep,Official international brand retains the German proper name and uses FAU as the short form.,1,1,none,false
institution:bef37c90751e824e,Max Planck Institute for Informatics,,Germany,Saarbrücken,research_unit,,,keep,No local-language or alias-promotion candidate signal.,2,2,none,false
institution:59fe0b363dfeb8f5,Offenburg University of Applied Sciences,,Germany,Offenburg,university,,,keep,No local-language or alias-promotion candidate signal.,1,1,none,false
institution:8f8dd64c6339c8ff,Ruhr University Bochum,,Germany,Bochum,university,Ruhr University Bochum,,keep,No local-language or alias-promotion candidate signal.,5,5,none,false
institution:f42de06978b10eb5,Technical University of Munich,,Germany,Garching,university,,,keep,No local-language or alias-promotion candidate signal.,2,2,none,false
institution:5a73fc9b412db6f4,University of Hamburg,,Germany,Hamburg,university,,,keep,No local-language or alias-promotion candidate signal.,1,1,none,false
institution:957fef132942e033,University of Mannheim,,Germany,Mannheim,university,,,keep,No local-language or alias-promotion candidate signal.,1,1,none,false
institution:930e5c2880e11cb3,Alipurduar Government Engineering and Management College,,India,Alipurduar,university,,,keep,No local-language or alias-promotion candidate signal.,1,1,none,false
institution:e822c28c6d58a829,"BITS Pilani, Goa",,India,Vasco da Gama,university,,,keep,No local-language or alias-promotion candidate signal.,1,1,none,false
institution:99ef70abd8f55fae,"BITS Pilani, Hyderabad",,India,Hyderabad,university,,,keep,No local-language or alias-promotion candidate signal.,1,1,none,false
institution:bcd623204fe5d659,Bennett University,,India,Madhaiya Maincha,university,,,keep,No local-language or alias-promotion candidate signal.,1,1,none,false
institution:b91c4ceb2690766e,IIIT Delhi,,India,New Delhi,university,,,keep,No local-language or alias-promotion candidate signal.,1,1,none,false
institution:f0c3da144873207a,Indian Institute of Technology Kharagpur,,India,Kharagpur,university,,,keep,No local-language or alias-promotion candidate signal.,1,1,none,false
institution:d0b09c4ef698e8de,Indian Institute of Technology Roorkee,,India,Roorkee,university,,,keep,No local-language or alias-promotion candidate signal.,1,1,none,false
institution:df7499422b3e4d82,Indraprastha Institute of Information Technology Delhi,,India,New Delhi,university,,,keep,No local-language or alias-promotion candidate signal.,0,0,none,false
institution:118c2f047da4525d,"International Institute of Information Technology, Naya Raipur",,India,Naya Raipur,university,,,keep,No local-language or alias-promotion candidate signal.,1,1,none,false
institution:1a36f9f1487a39da,Manipal University Jaipur,,India,Dahmi Kalan,university,,,keep,No local-language or alias-promotion candidate signal.,1,1,none,false
institution:d4f85059258439dc,National Institute of Technology Silchar,,India,Silchar,university,,,keep,No local-language or alias-promotion candidate signal.,1,1,none,false
institution:cb1cf39b9e67e9ec,Vishwakarma Institute of Information Technology,,India,Pune,university,,,keep,No local-language or alias-promotion candidate signal.,1,1,none,false
institution:dbb7fb7fdd9bd486,Vishwakarma Institute of Technology,,India,Pune,university,,,keep,No local-language or alias-promotion candidate signal.,1,1,none,false
institution:04b81a56c7eb1a69,Informatics Institute for Postgraduate Studies,,Iraq,Baghdad,research_unit,,,keep,No local-language or alias-promotion candidate signal.,1,1,none,false
institution:f87d6ace800645a7,University of Baghdad,,Iraq,Baghdad,university,,,keep,No local-language or alias-promotion candidate signal.,1,1,none,false
institution:9e5e300bb52918ca,Technion – Israel Institute of Technology,,Israel,Haifa,university,,https://www.technion.ac.il/en/,keep,Established English international name; dash is typography.,2,2,none,false
institution:721b1fe645c5b099,CNIT,,Italy,Florence,research_unit,,,keep,No local-language or alias-promotion candidate signal.,1,1,none,false
institution:9958d7ee1cfec4aa,IMT School for Advanced Studies Lucca,,Italy,Lucca,university,,,keep,No local-language or alias-promotion candidate signal.,1,1,none,false
institution:fe7a819f82113c79,IdentifAI,,Italy,Milan,company,,,keep,No local-language or alias-promotion candidate signal.,1,1,none,false
institution:8ca93bff11a3be9e,Leonardo S.p.A.,,Italy,Rome,company,,,keep,No local-language or alias-promotion candidate signal.,1,1,none,false
institution:0b1cc69a0a28e0c1,NVIDIA AI Technology Center Italy,,Italy,Rome,company,,,keep,No local-language or alias-promotion candidate signal.,1,1,none,false
institution:977430a4473aa4b0,Sapienza University of Rome,,Italy,Rome,university,,,keep,No local-language or alias-promotion candidate signal.,1,1,none,false
institution:1afce89cd4f3571f,Universitas Mercatorum,,Italy,Rome,university,,,keep,No local-language or alias-promotion candidate signal.,1,1,none,false
institution:e73ae6a6d6ff3735,University of Bologna,,Italy,Bologna,university,,,keep,No local-language or alias-promotion candidate signal.,2,2,none,false
institution:fd8ba2b56bf5212d,University of Catania,,Italy,Catania,university,,,keep,No local-language or alias-promotion candidate signal.,1,1,none,false
institution:42fcf4ae44e1a706,University of Florence,,Italy,Florence,university,University of Florence,,keep,No local-language or alias-promotion candidate signal.,4,4,none,false
institution:117fcda9a6399108,University of Modena and Reggio Emilia,,Italy,Modena,university,,,keep,No local-language or alias-promotion candidate signal.,1,1,none,false
institution:d046d2c57bb3a863,University of Naples Federico II,,Italy,Naples,university,University of Naples Federico II; University Federico II of Naples,repository confirmed aliases,keep,Current canonical name is already English; alternate English word order remains an alias.,13,13,none,false
institution:a407f4c649ba4c6a,University of Palermo,,Italy,Palermo,university,,,keep,No local-language or alias-promotion candidate signal.,1,1,none,false
institution:3ec8d9fa829f5777,University of Pisa,,Italy,Pisa,university,,,keep,No local-language or alias-promotion candidate signal.,1,1,none,false
institution:65dbfd1e022f02e2,University of Siena,,Italy,Siena,university,University of Siena,,keep,No local-language or alias-promotion candidate signal.,8,8,none,false
institution:3c4903b35459f2b5,University of Trento,,Italy,Trento,university,,,keep,No local-language or alias-promotion candidate signal.,1,1,none,false
institution:060062d7bc15b07c,"Center for Data-Driven Science and AI, Tohoku University, Sendai, Japan",,Japan,Sendai,university,,,keep,No local-language or alias-promotion candidate signal.,1,1,none,false
institution:0da909b4402f8657,Fujitsu Limited,,Japan,Kawasaki,company,,,keep,No local-language or alias-promotion candidate signal.,1,1,none,false
institution:db8874f9983a5ffd,National Institute of Informatics,,Japan,Tokyo,research_unit,,,keep,No local-language or alias-promotion candidate signal.,1,1,none,false
institution:d1f71b03766ee0a2,Noeon Research,,Japan,Tokyo,research_unit,,,keep,No local-language or alias-promotion candidate signal.,1,1,none,false
institution:ccbfeb66fb71797e,RIKEN Center for Advanced Intelligence Project,,Japan,Tokyo,research_unit,,,keep,No local-language or alias-promotion candidate signal.,1,1,none,false
institution:cf2639c8e56f6453,Sony AI,,Japan,Tokyo,company,,,keep,No local-language or alias-promotion candidate signal.,2,2,none,false
institution:8c45f60c84082063,The University of Tokyo,,Japan,Tokyo,university,,,keep,No local-language or alias-promotion candidate signal.,1,1,none,false
institution:fb6e9411e701578c,University of Tsukuba,,Japan,Tsukuba,university,,,keep,No local-language or alias-promotion candidate signal.,1,1,none,false
institution:4745b20cdc6c5fb0,Univresity of Tskuba,,Japan,Tsukuba,university,,,keep,No local-language or alias-promotion candidate signal.,0,0,none,false
institution:ae914839cab3ba03,Monash University Malaysia,,Malaysia,Subang Jaya,university,,,keep,No local-language or alias-promotion candidate signal.,1,1,none,false
institution:141dbbea6bba3a37,Everest English Boarding Secondary School,,Nepel,Butwal,other,,,keep,No local-language or alias-promotion candidate signal.,1,1,none,false
institution:bda289c20f284717,Netherlands Forensic Institute,,Netherlands,The Hague,research_unit,,,keep,No local-language or alias-promotion candidate signal.,1,1,none,false
institution:4a9a14dbf4357b38,University of Amsterdam,,Netherlands,Amsterdam,university,,,keep,No local-language or alias-promotion candidate signal.,2,2,none,false
institution:51bbeb5bfb404721,University of Agder,,Norway,Kristiansand,university,,,keep,No local-language or alias-promotion candidate signal.,1,1,none,false
institution:b978b6dfc7b3baa0,University of Bergen,,Norway,Bergen,university,University of Bergen,,keep,No local-language or alias-promotion candidate signal.,2,2,none,false
institution:823a09a4580fb39e,Government Sadiq College Women University,,Pakistan,Bahawalpur,university,,,keep,No local-language or alias-promotion candidate signal.,1,1,none,false
institution:b145c3f748543038,AI Foundation and Algorithm Lab,,Russia,Moscow,research_unit,,,keep,No local-language or alias-promotion candidate signal.,1,1,none,false
institution:95daf5606b8bd80c,HSE University,,Russia,Moscow,university,,,keep,No local-language or alias-promotion candidate signal.,1,1,none,false
institution:91d1003beb3bcb91,Skolkovo Institute of Science and Technology,,Russia,Moscow,university,,,keep,No local-language or alias-promotion candidate signal.,1,1,none,false
institution:a202a16ef9383442,St. Petersburg Department of the Steklov Institute of Mathematics,,Russia,Saint Petersburg,research_unit,,,keep,No local-language or alias-promotion candidate signal.,1,1,none,false
institution:a0aa144d9d2444cc,Princess Nourah bint Abdulrahman University,,Saudi Arabia,Riyadh,university,,,keep,No local-language or alias-promotion candidate signal.,1,1,none,false
institution:e81a0314e783d8a4,"Agency for Science, Technology and Research (A*STAR)",,Singapore,Singapore,research_unit,"Agency for Science, Technology and Research (A*STAR); Agency for Science, Technology and Research",,keep,No local-language or alias-promotion candidate signal.,0,0,none,false
institution:c111feb812f1a7ed,Nanyang Technological University,,Singapore,Singapore,university,Nanyang Technological University,,keep,No local-language or alias-promotion candidate signal.,6,6,none,false
institution:70ccb485197bbb6c,National University of Singapore,,Singapore,Singapore,university,,,keep,No local-language or alias-promotion candidate signal.,2,2,none,false
institution:eefb779b4c760808,Singapore Management University,,Singapore,Singapore,university,,,keep,No local-language or alias-promotion candidate signal.,1,1,none,false
institution:6dd3ce9e0d5fd1ab,Singapore University of Technology and Design,,Singapore,Singapore,university,,,keep,No local-language or alias-promotion candidate signal.,1,1,none,false
institution:6beb2f6c52d3f30c,Gachon University,,South Korea,Seongnam-si,university,,,keep,No local-language or alias-promotion candidate signal.,2,2,none,false
institution:3e2d6c20e9d268da,Hanyang University,,South Korea,Seoul,university,,,keep,No local-language or alias-promotion candidate signal.,1,1,none,false
institution:696e90c102571ea3,Korea AI Safety Institute (AISI),,South Korea,Seongnam,research_unit,,,keep,No local-language or alias-promotion candidate signal.,1,1,none,false
institution:e80b94c605da24ce,Sungkyunkwan University,,South Korea,Suwon,university,Sungkyunkwan University,,keep,No local-language or alias-promotion candidate signal.,4,4,none,false
institution:52cbdd91a8dbd658,Yonsei University,,South Korea,Seoul,university,Yonsei University,,keep,No local-language or alias-promotion candidate signal.,0,0,none,false
institution:6e61f1cad147c313,"Yonsei University, International Campus",,South Korea,Incheon,university,,,keep,No local-language or alias-promotion candidate signal.,1,1,none,false
institution:42992b97b8e05dd4,"Yonsei University, Sinchon Campus",,South Korea,Seoul,university,,,keep,No local-language or alias-promotion candidate signal.,2,2,none,false
institution:6a318a8411b5cf74,Complutense University of Madrid,,Spain,Madrid,university,Universidad Complutense de Madrid; 马德里康普顿斯大学,,keep,No local-language or alias-promotion candidate signal.,1,1,none,false
institution:2d64a600151c6a44,Technical University of Madrid,,Spain,Madrid,university,,,keep,No local-language or alias-promotion candidate signal.,1,1,none,false
institution:6d607bd40551e45f,Tamkang University,,Taiwan,New Taipei City,university,,,keep,No local-language or alias-promotion candidate signal.,1,1,none,false
institution:81f79a387128ccac,Khalifa University,,United Arab Emirates,Abu Dhabi,university,,,keep,No local-language or alias-promotion candidate signal.,3,3,none,false
institution:f04b96a9716ab2f4,Mohamed bin Zayed University of Artificial Intelligence,,United Arab Emirates,Abu Dhabi,university,,,keep,No local-language or alias-promotion candidate signal.,1,1,none,false
institution:271362b3e1310a1c,Sorbonne University Abu Dhabi,,United Arab Emirates,Abu Dhabi,university,,,keep,No local-language or alias-promotion candidate signal.,5,5,none,false
institution:96dc1764e1512d0a,Technology Innovation Institute,,United Arab Emirates,Abu Dhabi,research_unit,,,keep,No local-language or alias-promotion candidate signal.,1,1,none,false
institution:24e78a56f93457a5,City University of London,,United Kingdom,London,university,"City, University of London",repository confirmed aliases,keep,Current canonical name is already English; historical punctuation form remains an alias.,1,1,none,false
institution:90cbfdc3d90fe8a0,Fujitsu Research of Europe,,United Kingdom,Slough,company,,,keep,No local-language or alias-promotion candidate signal.,2,2,none,false
institution:c055ca96e505b797,Nottingham Trent University,,United Kingdom,Nottingham,university,,,keep,No local-language or alias-promotion candidate signal.,2,2,none,false
institution:c5eade35ea50a856,Queen Mary University of London,,United Kingdom,London,university,Queen Mary University of London,,keep,No local-language or alias-promotion candidate signal.,2,2,none,false
institution:fa3c75d12710670b,University College London,,United Kingdom,London,university,,,keep,No local-language or alias-promotion candidate signal.,1,1,none,false
institution:0418834df0ffcdf2,University of Cambridge,,United Kingdom,Cambridge,university,,,keep,No local-language or alias-promotion candidate signal.,1,1,none,false
institution:9ffc21de60b360ff,University of Edinburgh,,United Kingdom,City of Edinburgh,university,,,keep,No local-language or alias-promotion candidate signal.,1,1,none,false
institution:87d9a45b3389372f,University of Oxford,,United Kingdom,Oxford,university,,,keep,No local-language or alias-promotion candidate signal.,1,1,none,false
institution:cf5d9a266441e5a7,University of Sheffield,,United Kingdom,Sheffield,university,,,keep,No local-language or alias-promotion candidate signal.,1,1,none,false
institution:a0c3927e4ddb3a39,University of Southampton,,United Kingdom,Southampton,university,,,keep,No local-language or alias-promotion candidate signal.,1,1,none,false
institution:29276dc7d9ce02fd,University of Surrey,,United Kingdom,Guildford,university,,,keep,No local-language or alias-promotion candidate signal.,1,1,none,false
institution:7a0d6a63667ac750,Adobe Research,,United States,San Jose,company,,,keep,No local-language or alias-promotion candidate signal.,1,1,none,false
institution:cbc62794911ff31b,Amazon,,United States,Seattle,company,Amazon GenAI,,keep,No local-language or alias-promotion candidate signal.,0,0,none,false
institution:8ab1276f56c9f894,Amazon AI,,United States,Seattle,company,,,keep,No local-language or alias-promotion candidate signal.,1,1,none,false
institution:284bfcf10a3b1ebf,Amazon Prime Video,,United States,Seattle,company,,,keep,No local-language or alias-promotion candidate signal.,1,1,none,false
institution:ac7aeed6b85a0a40,Arizona State University,,United States,Tempe,university,,,keep,No local-language or alias-promotion candidate signal.,1,1,none,false
institution:c5235efb76365de2,Carnegie Mellon University,,United States,Pittsburgh,university,,,keep,No local-language or alias-promotion candidate signal.,3,3,none,false
institution:fa6adc95226df542,Clemson University,,United States,Clemson,university,,,keep,No local-language or alias-promotion candidate signal.,1,1,none,false
institution:e0fc2ffb269489e7,Drexel University,,United States,Philadelphia,university,Drexel University,,keep,No local-language or alias-promotion candidate signal.,5,5,none,false
institution:781afa4ed50a74b8,Duke University,,United States,Durham,university,,,keep,No local-language or alias-promotion candidate signal.,1,1,none,false
institution:dbb4589b8e2f8264,Florida International University,,United States,Miami,university,,,keep,No local-language or alias-promotion candidate signal.,1,1,none,false
institution:39839f8732e7433b,George Mason University,,United States,George Mason,university,,,keep,No local-language or alias-promotion candidate signal.,1,1,none,false
institution:40b8f4b8f6c89e51,Georgetown University,,United States,Washington,university,,,keep,No local-language or alias-promotion candidate signal.,1,1,none,false
institution:35e36dc1a5213fa3,Google Research,,United States,Mountain View,company,,,keep,No local-language or alias-promotion candidate signal.,1,1,none,false
institution:f5c8a9b792d3b901,IBM Thomas J. Watson Research Center,,United States,Yorktown Heights,company,,,keep,No local-language or alias-promotion candidate signal.,1,1,none,false
institution:39fbdba5585bb3c4,MIT Lincoln Laboratory,,United States,Lexington,research_unit,,,keep,No local-language or alias-promotion candidate signal.,1,1,none,false
institution:366058c27e343874,Massachusetts Institute of Technology,,United States,Cambridge,university,,,keep,No local-language or alias-promotion candidate signal.,1,1,none,false
institution:357dc1b545173dd5,Meta (United States),,United States,Menlo Park,company,Meta,,keep,No local-language or alias-promotion candidate signal.,0,0,none,false
institution:cd887bf808040e61,Michigan State University,,United States,East Lansing,university,,,keep,No local-language or alias-promotion candidate signal.,1,1,none,false
institution:a1b609b0fc5c2e23,Miraflow,,United States,Kirkland,company,,,keep,No local-language or alias-promotion candidate signal.,1,1,none,false
institution:2b91b5917e5279ea,NEC Laboratories America,,United States,Princeton,company,,,keep,No local-language or alias-promotion candidate signal.,1,1,none,false
institution:fbc0802be3266f6f,Netflix Eyeline Studios,,United States,Los Angeles,company,,,keep,No local-language or alias-promotion candidate signal.,1,1,none,false
institution:c83aeae887827902,New York University,,United States,New York,university,,,keep,No local-language or alias-promotion candidate signal.,1,1,none,false
institution:ff1a1bc95dbe91a8,Northeastern University,,United States,Boston,university,"Northeastern University, United States; Northeastern University, Boston",repository country-disambiguated aliases,keep,Country-qualified aliases preserve the US identity; never merge with the China institution. Same-name canonical IDs: institution:0008285766dcabc7.,0,0,cross_country_same_name,false
institution:6f4241a7694672b8,Princeton University,,United States,Princeton,university,,,keep,No local-language or alias-promotion candidate signal.,1,1,none,false
institution:90b589325857dff0,Purdue University,,United States,West Lafayette,university,Purdue University,,keep,No local-language or alias-promotion candidate signal.,2,2,none,false
institution:50c86a6fc102a2c1,Rensselaer Polytechnic Institute,,United States,Troy,university,,,keep,No local-language or alias-promotion candidate signal.,1,1,none,false
institution:33a58a66974db112,Rutgers University,,United States,New Brunswick,university,,,keep,No local-language or alias-promotion candidate signal.,2,2,none,false
institution:41db7d042136daef,Salesforce Research,,United States,San Francisco,company,,,keep,No local-language or alias-promotion candidate signal.,1,1,none,false
institution:ed72534d79b73fac,Stanford University,,United States,Stanford University,university,,,keep,No local-language or alias-promotion candidate signal.,3,3,none,false
institution:4e140b5268efc364,Texas A&M University,,United States,College Station,university,,,keep,No local-language or alias-promotion candidate signal.,1,1,none,false
institution:386b7a411f4a3220,Toyota Technological Institute at Chicago,,United States,Chicago,university,,,keep,No local-language or alias-promotion candidate signal.,1,1,none,false
institution:2592e804f95fa542,TrueMedia.org,,United States,Seattle,research_unit,,,keep,No local-language or alias-promotion candidate signal.,1,1,none,false
institution:c3babd97b5b38ea6,USC Information Sciences Institute,,United States,Marina del Rey,research_unit,,,keep,No local-language or alias-promotion candidate signal.,1,1,none,false
institution:7506c126bc077e9b,"University at Albany, SUNY",,United States,Albany,university,"University at Albany, SUNY",,keep,No local-language or alias-promotion candidate signal.,1,1,none,false
institution:4f85329e76bc9454,University at Buffalo,,United States,Amherst,university,"State University of New York at Buffalo; University at Buffalo, State University of New York",repository confirmed aliases,keep,Current canonical name is already English; formal SUNY names remain aliases.,0,0,none,false
institution:fde22ad658a3fdb9,University of Alabama at Birmingham,,United States,Birmingham,university,,,keep,No local-language or alias-promotion candidate signal.,1,1,none,false
institution:be74dcf5d0cb77ea,"University of California, Berkeley",,United States,Berkeley,university,"University of California, Berkeley",,keep,No local-language or alias-promotion candidate signal.,4,4,none,false
institution:481050d20cd6c722,University of Charleston,,United States,Charleston,university,,,keep,No local-language or alias-promotion candidate signal.,1,1,none,false
institution:7d7f56dced000a09,University of Chicago,,United States,Chicago,university,,,keep,No local-language or alias-promotion candidate signal.,1,1,none,false
institution:bf3ddd5552577ff0,University of Illinois Urbana-Champaign,,United States,Urbana,university,,,keep,No local-language or alias-promotion candidate signal.,1,1,none,false
institution:13f7c73ae8019e75,University of Maryland,,United States,College Park,university,,,keep,No local-language or alias-promotion candidate signal.,1,1,none,false
institution:304707b21fcfbd4d,University of Massachusetts Amherst,,United States,Amherst,university,,,keep,No local-language or alias-promotion candidate signal.,2,2,none,false
institution:89b9b3962b3327c8,University of Michigan,,United States,Ann Arbor,university,,,keep,No local-language or alias-promotion candidate signal.,1,1,none,false
institution:969d6dd2c9cf6a1e,"University of Nevada, Reno",,United States,Reno,university,,,keep,No local-language or alias-promotion candidate signal.,1,1,none,false
institution:ed6f1120aeb12d5c,University of North Carolina at Chapel Hill,,United States,Chapel Hill,university,,,keep,No local-language or alias-promotion candidate signal.,1,1,none,false
institution:7801abc579496f6a,University of South Carolina,,United States,Columbia,university,,,keep,No local-language or alias-promotion candidate signal.,1,1,none,false
institution:6432056cdf12bb16,University of Southern California,,United States,Los Angeles,university,,,keep,No local-language or alias-promotion candidate signal.,1,1,none,false
institution:a55a77635edc8711,University of Texas at Dallas,,United States,Richardson,university,University of Texas at Dallas,,keep,No local-language or alias-promotion candidate signal.,1,1,none,false
institution:3e2e527953176c93,University of Wisconsin-Madison,,United States,Madison,university,University of Wisconsin–Madison,,keep,No local-language or alias-promotion candidate signal.,4,4,none,false
institution:191fc14de0344472,Virginia Tech,,United States,Blacksburg,university,,,keep,No local-language or alias-promotion candidate signal.,1,1,none,false
institution:7266fd3d42f0b9ca,Xpectrum AI,,United States,San Francisco,research_unit,,,keep,No local-language or alias-promotion candidate signal.,1,1,none,false
institution:0d3d34a24da64353,Yale University,,United States,New Haven,university,,,keep,No local-language or alias-promotion candidate signal.,1,1,none,false
institution:01f9119bde93e8ef,Can Tho University,,Vietnam,Can Tho,university,,,keep,No local-language or alias-promotion candidate signal.,1,1,none,false
institution:948d79eac5f4fc81,Can Tho University of Technology,,Vietnam,Can Tho,university,,,keep,No local-language or alias-promotion candidate signal.,1,1,none,false
