category,paper_id,title,venue_id,venue_name,venue_type,venue_track,resolved_venue_id,note
dangling_venue_id,curated:07ee620b8169b67b900f,Does a GAN leave distinct model-specific fingerprints?,venue:conference32nd-british-machine-vision-conference-bmvc-2021:main,"Conference32nd British Machine Vision Conference, BMVC 2021",conference,main,venue:conference32nd-british-machine-vision-conference-bmvc-2021:main,paper venue_id is absent from the canonical registry
no_action_required,curated:853c7e2ae5f343438dd5,Did You Use My GAN to Generate Fake? Post-hoc Attribution of GAN Generated Images via Latent Recovery,venue:ijcnn:main,International Joint Conference on Neural Networks,conference,main,venue:ijcnn:main,
no_action_required,curated:34fdf09ae334914a2723,ManiFPT: Defining and Analyzing Fingerprints of Generative Models,venue:cvpr:main,IEEE/CVF Conference on Computer Vision and Pattern Recognition,conference,main,venue:cvpr:main,
dangling_venue_id,curated:e058b4e851ac44180d82,Tiny Autoencoders are Effective Few-Shot Generative Model Detectors,venue:florence-research-university-of-florence,Florence Research (University of Florence),journal,,venue:florence-research-university-of-florence,paper venue_id is absent from the canonical registry
no_action_required,curated:8bc69db49ef4b9db3cd6,Are CLIP Features All You Need for Universal Synthetic Image Origin Attribution?,venue:eccv:workshops,European Conference on Computer Vision,conference,workshops,venue:eccv:workshops,
dangling_venue_id,curated:ce200a9a7aa3dee36fc7,FIDAVL: Fake Image Detection and Attribution Using Vision-Language Model,venue:international-conference-on-pattern-recognition:main,International Conference on Pattern Recognition,conference,main,venue:international-conference-on-pattern-recognition:main,paper venue_id is absent from the canonical registry
dangling_venue_id,curated:66ea5be66b23f7db046a,人工智能生成图像检测技术综述,venue:journal-of-image-and-graphics,Journal of Image and Graphics,journal,,venue:journal-of-image-and-graphics,paper venue_id is absent from the canonical registry
no_action_required,curated:b65aca5f04f1f41ad725,How to Trace Latent Generative Model Generated Images without Artificial Watermark?,venue:icml:main,International Conference on Machine Learning,conference,main,venue:icml:main,
no_action_required,curated:62b0a9ae8be24d9f02e0,Single-Model Attribution of Generative Models Through Final-Layer Inversion,venue:icml:main,International Conference on Machine Learning,conference,main,venue:icml:main,
dangling_venue_id,curated:af47c4b83dfd43175a4a,Attributing and Detecting Fake Images Generated by Known GANs,venue:ieee-security-and-privacy:workshops,IEEE Security and Privacy,conference,workshops,venue:ieee-security-and-privacy:workshops,paper venue_id is absent from the canonical registry
no_action_required,curated:98c0322e2f8dd41d3e9e,Which Model Generated This Image? A Model-Agnostic Approach for Origin Attribution,,,,,,
no_action_required,curated:0849228c52c5759845c2,FreqCross: A Multi-Modal Frequency-Spatial Fusion Network for Robust Detection of Stable Diffusion 3.5 Generated Images,venue:arxiv,arXiv,preprint,,venue:arxiv,
no_action_required,curated:87ef976b546206fde199,"DistilDIRE: A Small, Fast, Cheap and Lightweight Diffusion Synthesized Deepfake Detection",venue:arxiv,arXiv,preprint,,venue:arxiv,
no_action_required,curated:b286f4a33839eed35258,Shadows Don't Lie and Lines Can't Bend! Generative Models Don't know Projective Geometry...for Now,,,journal,,,
no_action_required,curated:1eef07ebb6bd7e596f61,FakeInversion: Learning to Detect Images from Unseen Text-to-Image Models by Inverting Stable Diffusion,venue:cvpr:main,IEEE/CVF Conference on Computer Vision and Pattern Recognition,conference,main,venue:cvpr:main,
no_action_required,curated:a0abee05e50398d03f2f,AEROBLADE: Training-Free Detection of Latent Diffusion Images Using Autoencoder Reconstruction Error,,,journal,,,
no_action_required,curated:f523af1f7fe7b16fda75,MaskSim: Detection of synthetic images by masked spectrum similarity analysis,venue:zenodo,Zenodo,preprint,,venue:zenodo,
dangling_venue_id,curated:25c76f83f95efc6207a4,Faster Than Lies: Real-time Deepfake Detection using Binary Neural Networks,venue:iris-research-product-catalog-sapienza-university-of-rome,IRIS Research product catalog (Sapienza University of Rome),journal,,venue:iris-research-product-catalog-sapienza-university-of-rome,paper venue_id is absent from the canonical registry
no_action_required,curated:f7cba2387b8a4131cc7b,Frequency-Aware Deepfake Detection: Improving Generalizability through Frequency Space Domain Learning,venue:aaai:main,AAAI Conference on Artificial Intelligence,conference,main,venue:aaai:main,
no_action_required,curated:096573f365e37679c445,Contrasting Deepfakes Diffusion via Contrastive Learning and Global-Local Similarities,,,,,,
no_action_required,curated:a6f370defb21b2e07381,Your Diffusion Model is an Implicit Synthetic Image Detector,venue:eccv:workshops,European Conference on Computer Vision,conference,workshops,venue:eccv:workshops,
no_action_required,curated:a87d86d7032f5a751004,ZeroFake: Zero-Shot Detection of Fake Images Generated and Edited by Text-to-Image Generation Models,venue:figshare,Figshare,preprint,,venue:figshare,
no_action_required,curated:d740749676417c725798,D4: Detection of Adversarial Diffusion Deepfakes Using Disjoint Ensembles,,,journal,,,
no_action_required,curated:253c210194ac9348f9e6,CLIPping the Deception: Adapting Vision-Language Models for Universal Deepfake Detection,,,journal,,,
no_action_required,curated:c9485f4d5346304272f2,Frequency Masking for Universal Deepfake Detection,,,journal,,,
no_action_required,curated:8603d8942c241dd876ed,On the Exploitation of DCT-Traces in the Generative-AI Domain,,,journal,,,
no_action_required,curated:19c7b91816312d2877c9,Did You Note My Palette? Unveiling Synthetic Images Through Color Statistics,,,journal,,,
no_action_required,curated:ef5f9b419eef35c5c255,Where's the liability in the Generative Era? Recovery-based Black-Box Detection of AI-Generated Content,venue:cvpr:main,IEEE/CVF Conference on Computer Vision and Pattern Recognition,conference,main,venue:cvpr:main,
no_action_required,curated:c6bfe8f5199d1d8beb29,Adaptive Test-Time Semantic Debiasing for AI-Generated Image Detection,,,journal,,,
no_action_required,curated:47b576be1ed7e2a6bfed,"Fully AI-Generated Image Detection: Definition, Recent Advances and Challenges",venue:arxiv,arXiv,preprint,,venue:arxiv,
no_action_required,curated:3110ea827546b2fd78ff,"Your AI-Generated Image Detector Can Secretly Achieve SOTA Accuracy, If Calibrated",venue:aaai:main,AAAI Conference on Artificial Intelligence,conference,main,venue:aaai:main,
no_action_required,curated:1f9d168cc6c4c445a231,Orthogonal Subspace Decomposition for Generalizable AI-Generated Image Detection,venue:icml:main,International Conference on Machine Learning,conference,main,venue:icml:main,
no_action_required,curated:d040be3d1fb83a51311e,Stay-Positive: A Case for Ignoring Real Image Features in Fake Image Detection,venue:arxiv,arXiv,preprint,,venue:arxiv,
no_action_required,curated:e688194977fa7bbf7db3,LAID: Lightweight AI-Generated Image Detection in Spatial and Spectral Domains,,,journal,,,
dangling_venue_id,curated:6ca781a0d606a5d5db64,REVEAL: A Retrieval-Augmented Generation Approach for Contextual Identification of Synthetic Visual Content,venue:hal-le-centre-pour-la-communication-scientifique-directe,HAL (Le Centre pour la Communication Scientifique Directe),journal,,venue:hal-le-centre-pour-la-communication-scientifique-directe,paper venue_id is absent from the canonical registry
no_action_required,curated:1332f5c35b9ac943f349,FLODA: Harnessing Vision-Language Models for Deepfake Assessment,,,journal,,,
no_action_required,curated:f3e1319a5e27319578cd,A Survey on Deep-Learning-Based Techniques for Detecting AI-Generated Synthetic Images,,,conference,main,,
no_action_required,curated:fe98b5f37967f5a51b86,Simple Detection of AI-Generated Images based on Noise Correlation,,,journal,,,
no_action_required,curated:b7664c48f91262cfe091,StealthDiffusion: Towards Evading Diffusion Forensic Detection through Diffusion Model,,,journal,,,
dangling_venue_id,curated:82a6421311c4d39076d9,Sanitizing Diffusion-Generated Images via Fingerprint Removal and Adversarial Perturbation for Forensic Evasion,venue:ieee-access,IEEE Access,journal,,venue:ieee-access,paper venue_id is absent from the canonical registry
dangling_venue_id,curated:0b2081f70faaf81278dc,Organic or Diffused: Can We Distinguish Human Art from AI-generated Images?,venue:knowledge-uchicago-university-of-chicago,Knowledge@UChicago (University of Chicago),journal,,venue:knowledge-uchicago-university-of-chicago,paper venue_id is absent from the canonical registry
no_action_required,curated:b1977dc0fcca329719f0,Towards the Detection of Diffusion Model Deepfakes,,,journal,,,
dangling_venue_id,curated:c420495aae5c20e0ea2a,FANB-Net: Frequency-Awared Attention and Noise-Injected Boosting for AI-Generated Image Detection,venue:international-conference-on-multimedia-modeling:main,International Conference on Multimedia Modeling,conference,main,venue:international-conference-on-multimedia-modeling:main,paper venue_id is absent from the canonical registry
no_action_required,curated:8116d19627b92530b580,EvoGuard: An Extensible Agentic RL-based Framework for Practical and Evolving AI-Generated Image Detection,venue:arxiv,arXiv,preprint,,venue:arxiv,
no_action_required,curated:cf55e35fcf11e09fdd12,Locate-Then-Examine: Grounded Region Reasoning Improves Detection of AI-Generated Images,venue:cvpr:main,IEEE/CVF Conference on Computer Vision and Pattern Recognition,conference,main,venue:cvpr:main,
no_action_required,curated:be2900947b322f9eb905,OmniDFA: A Unified Framework for Open Set Synthesis Image Detection and Few-Shot Attribution,venue:arxiv,arXiv,preprint,,venue:arxiv,
no_action_required,curated:8e9658fa727094695be8,MIRAGE: Towards AI-Generated Image Detection in the Wild,venue:aaai:main,AAAI Conference on Artificial Intelligence,conference,main,venue:aaai:main,
no_action_required,curated:44a70bf5f21b5457102b,RealHD: A High-Quality Dataset for Robust Detection of State-of-the-Art AI-Generated Images,venue:acm-mm:main,ACM International Conference on Multimedia,conference,main,venue:acm-mm:main,
no_action_required,curated:79adf19ca6991c1d85f8,RAID: A Dataset for Testing the Adversarial Robustness of AI-Generated Image Detectors,venue:arxiv,arXiv,preprint,,venue:arxiv,
dangling_venue_id,curated:074bb9a77ee85d50090c,Aperture: a patch-aware framework for joint forgery detection and localization,venue:vicinagearth,Vicinagearth.,journal,,venue:vicinagearth,paper venue_id is absent from the canonical registry
no_action_required,curated:f76424b401abe0c0fd0c,ImagiNet: A Multi-Content Benchmark for Synthetic Image Detection,venue:arxiv,arXiv,preprint,,venue:arxiv,
no_action_required,curated:4d91354cd919a64a2259,Few-Shot Learner Generalizes Across AI-Generated Image Detection,venue:icml:main,International Conference on Machine Learning,conference,main,venue:icml:main,
no_action_required,curated:3c3cd6143ece4045b378,Generalized Design Choices for Deepfake Detectors,venue:arxiv,arXiv,preprint,,venue:arxiv,
no_action_required,curated:e256ad6b672c3cf433ba,Bridging the Gap Between Ideal and Real-World Evaluation: Benchmarking AI-Generated Image Detection in Challenging Scenarios,venue:iccv:main,IEEE/CVF International Conference on Computer Vision,conference,main,venue:iccv:main,
no_action_required,curated:61baa52cd3bc07215faf,Diffusion Epistemic Uncertainty with Asymmetric Learning for Diffusion-Generated Image Detection,venue:arxiv,arXiv,preprint,,venue:arxiv,
no_action_required,curated:35aae1e2c9d673ab1a97,Source Attribution of AI-Generated Images: a Principled Survey,venue:zenodo,Zenodo,preprint,,venue:zenodo,
no_action_required,curated:ee47e898ad64ec14b709,Training-free Source Attribution of AI-generated Images via Resynthesis,venue:wifs:main,IEEE International Workshop on Information Forensics and Security,conference,workshops,venue:wifs:main,
no_action_required,curated:3bd79627ad7e70a28a97,D$^3$: Scaling Up Deepfake Detection by Learning from Discrepancy,venue:cvpr:main,IEEE/CVF Conference on Computer Vision and Pattern Recognition,conference,main,venue:cvpr:main,
dangling_venue_id,curated:a1eea412716e4d045da6,Source Attribution of AI-Generated Images in Data Scarcity Conditions via Training-Free Resynthesis,venue:ieee-open-journal-of-signal-processing,IEEE Open Journal of Signal Processing,journal,,venue:ieee-open-journal-of-signal-processing,paper venue_id is absent from the canonical registry
no_action_required,curated:5a91cc922c8a3c4c3d0c,Open Set Synthetic Image Source Attribution,venue:arxiv,arXiv,preprint,,venue:arxiv,
no_action_required,curated:3864d12fe8df7b9cb19c,Detecting computer-generated images by using only real images,venue:international-conference-on-machine-vision:main,International Conference on Machine Vision,conference,main,venue:international-conference-on-machine-vision:main,
no_action_required,curated:31a4d429d7c5750bd778,Spot the Fake: Large Multimodal Model-Based Synthetic Image Detection with Artifact Explanation,venue:neurips:main,Advances in Neural Information Processing Systems,conference,main,venue:neurips:main,
no_action_required,curated:c6bb6e1e0a4d4eb372b5,Seeing is not always believing: Benchmarking Human and Model Perception of AI-Generated Images,venue:neurips:main,Advances in Neural Information Processing Systems,conference,main,venue:neurips:main,
no_action_required,curated:0b34eeaa2b4f5b0a7b3b,Aligned Datasets Improve Detection of Latent Diffusion-Generated Images,venue:iclr:main,International Conference on Learning Representations,conference,main,venue:iclr:main,
no_action_required,curated:f158c57190bcd2c8405c,Is Artificial Intelligence Generated Image Detection a Solved Problem?,venue:neurips:main,Advances in Neural Information Processing Systems,conference,main,venue:neurips:main,
dangling_venue_id,curated:211ea83fa8d41c8ec810,AI-generated image detection algorithm based on classical-quantum hybrid neural network,venue:science-china-information-sciences,Science China Information Sciences,journal,,venue:science-china-information-sciences,paper venue_id is absent from the canonical registry
no_action_required,curated:29878fee09624b7d105d,Self-Supervised AI-Generated Image Detection: A Camera Metadata Perspective,venue:ieee-transactions-on-pattern-analysis-and-machine-intelligence,IEEE Transactions on Pattern Analysis and Machine Intelligence,journal,,venue:ieee-transactions-on-pattern-analysis-and-machine-intelligence,
no_action_required,curated:29642e43aa51fece46f7,Beyond Semantic Features: Pixel-level Mapping for Generalized AI-Generated Image Detection,venue:aaai:main,AAAI Conference on Artificial Intelligence,conference,main,venue:aaai:main,
no_action_required,curated:911d693997183535a4ac,Towards Explainable Fake Image Detection with Multi-Modal Large Language Models,venue:acm-mm:main,ACM International Conference on Multimedia,conference,main,venue:acm-mm:main,
no_action_required,curated:8bdbf72555619e7893d3,Beyond Known Fakes: Generalized Detection of AI-Generated Images via Post-hoc Distribution Alignment,venue:arxiv,arXiv,preprint,,venue:arxiv,
no_action_required,curated:fe2c4c4c423cdd91d6d3,Understanding and Improving Training-Free AI-Generated Image Detections with Vision Foundation Models,venue:arxiv,arXiv,preprint,,venue:arxiv,
no_action_required,curated:d9f9207830bec1da388f,Towards More Accurate Fake Detection on Images Generated from Advanced Generative and Neural Rendering Models,venue:arxiv,arXiv,preprint,,venue:arxiv,
no_action_required,curated:fa317ff4ccce609227c0,Improving Interpretability and Robustness for the Detection of AI-Generated Images,venue:arxiv,arXiv,preprint,,venue:arxiv,
no_action_required,curated:9a84f4f666bcdda92186,Mixture of Low-rank Experts for Transferable AI-Generated Image Detection,venue:arxiv,arXiv,preprint,,venue:arxiv,
dangling_venue_id,curated:40db3b79c5d83b80e5a4,Fake-GPT: Detecting Fake Image via Large Language Model,venue:pattern-recognition-and-computer-vision-7th-chinese-conference:main,Pattern Recognition and Computer Vision: 7th Chinese Conference,conference,main,venue:pattern-recognition-and-computer-vision-7th-chinese-conference:main,paper venue_id is absent from the canonical registry
dangling_venue_id,curated:0f774e5d7c63020bdc50,Privacy-preserving and zero-shot detection strategies for multimodal AI-generated content,venue:neurocomputing,Neurocomputing,journal,,venue:neurocomputing,paper venue_id is absent from the canonical registry
dangling_venue_id,curated:67a6b7828afaed59e1c0,Transformer Based on Multi-Domain Feature Fusion for AI-Generated Image Detection,venue:electronics,Electronics,journal,,venue:electronics,paper venue_id is absent from the canonical registry
no_action_required,curated:772bb625ccc3e45e8481,Prompt-Engineered Detection of AI-Generated Images,,,,,,
no_action_required,curated:f105a82454d369e100b9,General and Domain-Specific Zero-shot Detection of Generated Images via Conditional Likelihood,venue:wacv:main,IEEE/CVF Winter Conference on Applications of Computer Vision,conference,main,venue:wacv:main,
no_action_required,curated:3fcd3bc4dd2c9d8c3b80,Layer Consistency Matters: Elegant Latent Transition Discrepancy for Generalizable Synthetic Image Detection,venue:cvpr:main,IEEE/CVF Conference on Computer Vision and Pattern Recognition,conference,main,venue:cvpr:main,
dangling_venue_id,curated:5fde2c559e029508e0c3,Human vs. AI: A Novel Benchmark and a Comparative Study on the Detection\n of Generated Images and the Impact of Prompts,venue:1stworkshop-on-genai-content-detection:main,1stWorkshop on GenAI Content Detection,conference,main,venue:1stworkshop-on-genai-content-detection:main,paper venue_id is absent from the canonical registry
no_action_required,curated:cda6067db322246e8195,No Detector to Rule Them All,,,conference,main,,
no_action_required,curated:d59bffe554500b241a3e,ImageAttributionBench: How Far Are We from Generalizable Attribution?,venue:arxiv,arXiv,preprint,,venue:arxiv,
no_action_required,curated:d3e19d8cb61eb0e7d620,Attribution as Retrieval: Model-Agnostic AI-Generated Image Attribution,venue:cvpr:main,IEEE/CVF Conference on Computer Vision and Pattern Recognition,conference,main,venue:cvpr:main,
no_action_required,curated:5f105b70c28ce5beeb0b,Autonomous and Self-Adapting System for Synthetic Media Detection and Attribution,venue:arxiv,arXiv,preprint,,venue:arxiv,
no_action_required,curated:1d944c47839b3890a623,Are handcrafted filters helpful for attributing AI-generated images?,venue:acm-mm:main,ACM International Conference on Multimedia,conference,main,venue:acm-mm:main,
no_action_required,curated:56cb44d373ab183b7df9,On the Use of Mixup Augmentation for Synthetic Image Attribution in the Wild,venue:wifs:main,IEEE International Workshop on Information Forensics and Security,conference,workshops,venue:wifs:main,
no_action_required,curated:2117831292318de4cf18,Explainable Artifacts for Synthetic Western Blot Source Attribution,venue:wifs:main,IEEE International Workshop on Information Forensics and Security,conference,workshops,venue:wifs:main,
dangling_venue_id,curated:78e64e4829587c072681,Attribution of AI-Generated Images Across Multiple Models: a Benchmark,venue:image-analysis-and-processing-iciap-2025-workshops-23rd-international-conference:workshops,Image Analysis and Processing - ICIAP 2025 Workshops: 23rd International Conference,conference,workshops,venue:image-analysis-and-processing-iciap-2025-workshops-23rd-international-conference:workshops,paper venue_id is absent from the canonical registry
no_action_required,curated:8c85a92b00aa321fbe8c,Source Attribution for Images Generated by Diffusion-Based Text-to-Image Models: Exploring the Forensics Approach,venue:apsipa-asc:main,Asia Pacific Signal and Information Processing Association Annual Summit and Conference,conference,main,venue:apsipa-asc:main,
no_action_required,curated:2c278dcd079ea27d0f73,MAID: Model Attribution via Inverse Diffusion,venue:icassp:main,"IEEE International Conference on Acoustics, Speech and Signal Processing",conference,main,venue:icassp:main,
no_action_required,curated:1ec62a78a4e0372bc0d9,ReTD: Reconstruction-Based Traceability Detection for Generated Images,venue:icassp:main,"IEEE International Conference on Acoustics, Speech and Signal Processing",conference,main,venue:icassp:main,
dangling_venue_id,curated:1c590f67c931d712bb78,An Efficient Frequency Domain Based Attribution and Detection Network,venue:ieee-access,IEEE Access,journal,,venue:ieee-access,paper venue_id is absent from the canonical registry
no_action_required,curated:3e94d8fc69e41aade2cc,D <sup>3</sup> QE: Learning Discrete Distribution Discrepancy-Aware Quantization Error for Autoregressive-Generated Image Detection,venue:iccv:main,IEEE/CVF International Conference on Computer Vision,conference,main,venue:iccv:main,
no_action_required,curated:16646ad4b7b77cde2ad8,One for All: Synthesis-Free Fingerprint Learning for Attribution of In-the-Wild Synthetic Images,venue:aaai:main,AAAI Conference on Artificial Intelligence,conference,main,venue:aaai:main,
no_action_required,curated:246f07c81b9f91e527eb,IncreFA: Breaking the Static Wall of Generative Model Attribution,venue:cvpr:main,IEEE/CVF Conference on Computer Vision and Pattern Recognition,conference,main,venue:cvpr:main,
no_action_required,curated:170f07b3d7020611e566,Attributing Fake Images to GANs: Learning and Analyzing GAN Fingerprints,venue:iccv:main,IEEE/CVF International Conference on Computer Vision,conference,main,venue:iccv:main,
no_action_required,curated:fb05dfbc95518f6fb1db,Source Generator Attribution via Inversion,venue:cvpr:workshops,IEEE/CVF Conference on Computer Vision and Pattern Recognition,conference,workshops,venue:cvpr:workshops,
no_action_required,curated:dcf7aae2c8590b07aff3,Leveraging Frequency Analysis for Deep Fake Image Recognition,venue:icml:main,International Conference on Machine Learning,conference,main,venue:icml:main,
no_action_required,curated:baa48a1bff3effa2e915,Universal Detection and Source Attribution of Diffusion Model Generated Images with High Generalization and Robustness,venue:premi:main,International Conference on Pattern Recognition and Machine Intelligence,conference,main,venue:premi:main,
no_action_required,curated:625ba11125534aedd39d,RepMix: Representation Mixing for Robust Attribution of Synthesized Images,venue:eccv:main,European Conference on Computer Vision,conference,main,venue:eccv:main,
no_action_required,curated:1ef55e4fc03eb4880beb,Towards Universal Fake Image Detectors that Generalize Across Generative Models,venue:cvpr:main,IEEE/CVF Conference on Computer Vision and Pattern Recognition,conference,main,venue:cvpr:main,
no_action_required,curated:2465f28a94bb45bec499,Aigi-Holmes: Towards Explainable and Generalizable AI-Generated Image Detection via Multimodal Large Language Models,venue:iccv:main,IEEE/CVF International Conference on Computer Vision,conference,main,venue:iccv:main,
no_action_required,curated:f40ecaaf5d0212852b79,Dual Data Alignment Makes AI-Generated Image Detector Easier Generalizable,venue:neurips:main,Advances in Neural Information Processing Systems,conference,main,venue:neurips:main,
no_action_required,curated:98bed92571e23d5df139,AI-Generated Image Detection: Challenges and Recent Advances,,,,,,
no_action_required,curated:27b6ffdee837c7f997f5,AEDR: Training-Free AI-Generated Image Attribution via Autoencoder Double-Reconstruction,venue:aaai:main,AAAI Conference on Artificial Intelligence,conference,main,venue:aaai:main,
no_action_required,curated:f6ad15b01df18aadfe1a,PRADA: Probability-Ratio-Based Attribution and Detection of Autoregressive-Generated Images,venue:cvpr:findings,IEEE/CVF Conference on Computer Vision and Pattern Recognition,conference,findings,venue:cvpr:findings,
no_action_required,curated:d4a9b3a3cef9bfbd0e32,Detecting AI-Generated Content on Social Media with Multi-modal Language Models,venue:acl:industry,Annual Meeting of the Association for Computational Linguistics,conference,industry,venue:acl:industry,
no_action_required,curated:ba0669dd843c9defd483,Comparative Study of Adversarial Training and Randomized Smoothing for Robust AI-Generated Image Attribution,venue:ih-mmsec:main,ACM Workshop on Information Hiding and Multimedia Security,conference,workshops,venue:ih-mmsec:main,
no_action_required,curated:bb388762c1cb4bd3bf4a,Quality-Aware Calibration for AI-Generated Image Detection in the Wild,venue:cvpr:workshops,IEEE/CVF Conference on Computer Vision and Pattern Recognition,conference,workshops,venue:cvpr:workshops,
no_action_required,curated:589870527983af575480,The Deployment Gap in AI Media Detection: Platform-Aware and Visually Constrained Adversarial Evaluation,venue:cvpr:workshops,IEEE/CVF Conference on Computer Vision and Pattern Recognition,conference,workshops,venue:cvpr:workshops,
no_action_required,curated:f7906cb987975444e893,Boosting Robust AIGI Detection with LoRA-based Pairwise Training,venue:cvpr:workshops,IEEE/CVF Conference on Computer Vision and Pattern Recognition,conference,workshops,venue:cvpr:workshops,
dangling_venue_id,curated:efceafb2be2246aa120b,Weakly‐Aligned Region‐Language Transformer for Real‐Time Artistic Content Detection in SAGIN,venue:transactions-on-emerging-telecommunications-technologies,Transactions on Emerging Telecommunications Technologies,journal,,venue:transactions-on-emerging-telecommunications-technologies,paper venue_id is absent from the canonical registry
dangling_venue_id,curated:8ffdbd0ba264927d1c3a,Robust Fake Image Detection via Incremental Training of Siamese Neural Networks,venue:international-symposium-on-cyberspace-safety-and-security:main,International Symposium on Cyberspace Safety and Security,conference,main,venue:international-symposium-on-cyberspace-safety-and-security:main,paper venue_id is absent from the canonical registry
no_action_required,curated:08aa2b51bb36247bdda3,RealNet: Efficient and Unsupervised Detection of AI-Generated Images via Real-Only Representation Learning,venue:aaai:main,AAAI Conference on Artificial Intelligence,conference,main,venue:aaai:main,
no_action_required,curated:45cb3642fd138c136139,Decision-Driven Orthogonal Learning with Complementary Feature Mining for Robust Synthetic Image Detection,venue:aaai:main,AAAI Conference on Artificial Intelligence,conference,main,venue:aaai:main,
no_action_required,curated:6a5bef99dcdc1ad4ba28,DySy-Det: A Synergistic Framework with Dynamic Reconstruction-Path Consistency for AI-Generated Image Detection,venue:aaai:main,AAAI Conference on Artificial Intelligence,conference,main,venue:aaai:main,
no_action_required,curated:dbbb2e6ee311ee6198c3,FIND: A Simple Yet Effective Baseline for Diffusion-Generated Image Detection,venue:aaai:main,AAAI Conference on Artificial Intelligence,conference,main,venue:aaai:main,
no_action_required,curated:89f7a674fe872806006b,ODDN: Addressing Unpaired Data Challenges in Open-World Deepfake Detection on Online Social Networks,venue:aaai:main,AAAI Conference on Artificial Intelligence,conference,main,venue:aaai:main,
no_action_required,curated:8cb907bc9003c61325f8,E3: Ensemble of Expert Embedders for Adapting Synthetic Image Detectors to New Generators Using Limited Data,venue:cvpr:workshops,IEEE/CVF Conference on Computer Vision and Pattern Recognition,conference,workshops,venue:cvpr:workshops,
no_action_required,curated:aa6672aa3ab0a0709e32,Diffusion Epistemic Uncertainty with Asymmetric Learning for Diffusion-Generated Image Detection,venue:iccv:main,IEEE/CVF International Conference on Computer Vision,conference,main,venue:iccv:main,
no_action_required,curated:0526c3529dda4446a0d7,Background-Noise-Driven Detection of Diffusion-Generated Images,venue:ieee-signal-processing-letters,IEEE Signal Processing Letters,journal,,venue:ieee-signal-processing-letters,
no_action_required,curated:885c512e1e964d2ec61f,CLIP-ADA: CLIP-Guided Artifact-Invariant Generalizable Synthetic Image Detection,venue:ieee-transactions-on-information-forensics-and-security,IEEE Transactions on Information Forensics and Security,journal,,venue:ieee-transactions-on-information-forensics-and-security,
no_action_required,curated:c495f498c11dab35ecbc,FALCON-Net: Feature Aggregation of Local Patterns for AI-Generated Image Detection,venue:ieee-transactions-on-information-forensics-and-security,IEEE Transactions on Information Forensics and Security,journal,,venue:ieee-transactions-on-information-forensics-and-security,
dangling_venue_id,curated:8705551f18f94daa53d4,ERASE: Bypassing Collaborative Detection of AI Counterfeit via Comprehensive Artifacts Elimination,venue:ieee-transactions-on-dependable-and-secure-computing,IEEE Transactions on Dependable and Secure Computing,journal,,venue:ieee-transactions-on-dependable-and-secure-computing,paper venue_id is absent from the canonical registry
dangling_venue_id,curated:4c6404676fc92cb9e8eb,Black-Box Adaptation for Deepfake Detection via Local Relation Guided AUC Optimization,venue:ieee-internet-of-things-journal,IEEE Internet of Things Journal,journal,,venue:ieee-internet-of-things-journal,paper venue_id is absent from the canonical registry
no_action_required,curated:837a8a0ceb9d8f86d02a,ArtGate: Injecting Fake Artifact Features into CLIP for AI-Generated Image Detection,venue:ieee-transactions-on-multimedia,IEEE Transactions on Multimedia,journal,,venue:ieee-transactions-on-multimedia,
dangling_venue_id,curated:167b4dd09fa505470bce,NSFF: Noise and semantic features fusion for AI-generated image detection,venue:neural-networks,Neural Networks,journal,,venue:neural-networks,paper venue_id is absent from the canonical registry
dangling_venue_id,curated:316fc03d348baa637bb4,Geometric-semantic dual-adaptation for generalizable AI-generated image detection,venue:neurocomputing,Neurocomputing,journal,,venue:neurocomputing,paper venue_id is absent from the canonical registry
no_action_required,curated:1bf124f8f57f00dddd01,Automated In-the-Wild Data Collection for Continual AI Generated Image Detection,venue:mad:main,ACM International Workshop on Multimedia AI against Disinformation,conference,workshops,venue:mad:main,
no_action_required,curated:0d918782407e05ade5bd,Unified Detection of Synthetic and Manipulated Images via Dual-Stream Artifact Fusion,venue:mad:main,ACM International Workshop on Multimedia AI against Disinformation,conference,workshops,venue:mad:main,
dangling_venue_id,curated:46773aac10dade5fbd50,Explainability-Driven Analysis of AI-Generated Image Detectors: Insights into Generalization and Failure Modes,venue:international-conference-on-advanced-information-networking-and-applications:main,International Conference on Advanced Information Networking and Applications,conference,main,venue:international-conference-on-advanced-information-networking-and-applications:main,paper venue_id is absent from the canonical registry
no_action_required,curated:0895eb11a7610f3973da,Cover-Source Mismatch in Deepfake Detection: A Systematic Study,venue:ih-mmsec:main,ACM Workshop on Information Hiding and Multimedia Security,conference,workshops,venue:ih-mmsec:main,
no_action_required,curated:6f55b599c4d1588c62f7,DTBF: Combining Local Statistical Artifacts and Concept Alignment for Synthetic Image Detection,venue:ieee-signal-processing-letters,IEEE Signal Processing Letters,journal,,venue:ieee-signal-processing-letters,
dangling_venue_id,curated:b08c8cdd637cf7f65d18,AI-Generated Image Detection Based on the Most Suspicious Patch,venue:pacific-asia-conference-on-knowledge-discovery-and-data-mining:main,Pacific-Asia Conference on Knowledge Discovery and Data Mining,conference,main,venue:pacific-asia-conference-on-knowledge-discovery-and-data-mining:main,paper venue_id is absent from the canonical registry
no_action_required,curated:9ae6e4e3816daa7e1650,ForgeryMoE: Mixture of Experts for Image Forgery Detection under JPEG Compression,venue:icmr:main,ACM International Conference on Multimedia Retrieval,conference,main,venue:icmr:main,
no_action_required,curated:559269bd486bc1da5115,Comparative Analysis of Custom CNN Architecture and MobileNet for Deepfake Image Detection,venue:international-conference-on-advanced-intelligent-systems-and-informatics:main,International Conference on Advanced Intelligent Systems and Informatics,conference,main,venue:international-conference-on-advanced-intelligent-systems-and-informatics:main,
dangling_venue_id,curated:988373de555945528142,"Comparative Analysis of Deepfake Image Detection Method Using VGG16, VGG19 and ResNet50",venue:journal-of-advanced-research-in-applied-sciences-and-engineering-technology,Journal of Advanced Research in Applied Sciences and Engineering Technology,journal,,venue:journal-of-advanced-research-in-applied-sciences-and-engineering-technology,paper venue_id is absent from the canonical registry
no_action_required,curated:9a95c96ee1d20e56c56d,Spatial flatness-curvature mask driven generalized detection of synthetic images,venue:pattern-recognition-letters,Pattern Recognition Letters,journal,,venue:pattern-recognition-letters,
no_action_required,curated:161b6d5ca391d238f7e9,Detecting Origin Attribution for Text-to-Image Diffusion Models,venue:wacv:main,IEEE/CVF Winter Conference on Applications of Computer Vision,conference,main,venue:wacv:main,
no_action_required,curated:c87f234ea256991903e1,Dissect and Prune: Enhancing Robustness in AI-Generated Image Detection,venue:icml:main,International Conference on Machine Learning,conference,main,venue:icml:main,
no_action_required,curated:078ade9edabe304013a7,ForensicConcept: Transferable Forensic Concepts for AIGI Detection,venue:icml:main,International Conference on Machine Learning,conference,main,venue:icml:main,
no_action_required,curated:7ed4e932c4dac57d0136,DGS-Net: Distillation-Guided Gradient Surgery for CLIP Fine-Tuning in AI-Generated Image Detection,venue:icml:main,International Conference on Machine Learning,conference,main,venue:icml:main,
no_action_required,curated:d6fe2666a64b0c70ff6b,GenShield: Unified Detection and Artifact Correction for AI-Generated Images,venue:icml:main,International Conference on Machine Learning,conference,main,venue:icml:main,
no_action_required,curated:a570863c3a6ac227b56c,PGC: Peak-Guided Calibration for Generalizable AI-Generated Image Detection,venue:icml:main,International Conference on Machine Learning,conference,main,venue:icml:main,
no_action_required,curated:f380c0d31081fc59f1eb,FiSeR: Fine-Grained Source Representations for Cross-Domain AI Image Detection,venue:icml:main,International Conference on Machine Learning,conference,main,venue:icml:main,
no_action_required,curated:75cbd31c9946c7eb7977,"""That's another doom I haven't thought about"": A User Study on AI Labels as a Safeguard Against Image-Based Misinformation",venue:chi:main,CHI Conference on Human Factors in Computing Systems,conference,main,venue:chi:main,
no_action_required,curated:2938e895376a45baceec,SAGNet: Decoupling Semantic-Agnostic Artifacts From Limited Training Data for Robust Generalization in Deepfake Detection,venue:ieee-transactions-on-information-forensics-and-security,IEEE Transactions on Information Forensics and Security,journal,,venue:ieee-transactions-on-information-forensics-and-security,
no_action_required,curated:517a2cc4ca3690f3fc44,A Performance Analysis to Detect Synthetic Images with Deep Learning-Based Image Classification,venue:international-conference-on-cyber-intelligence-and-information-retrieval:main,International Conference on Cyber Intelligence and Information Retrieval,conference,main,venue:international-conference-on-cyber-intelligence-and-information-retrieval:main,
dangling_venue_id,curated:e9594b5466110ca009aa,Toward Generalizable AI-Generated Image Detection with a New Realistic Dataset: Performance Evaluation and Improvement,venue:ieee-multimedia,IEEE Multimedia,journal,,venue:ieee-multimedia,paper venue_id is absent from the canonical registry
dangling_venue_id,curated:8ebf01a335c20fdc902d,Fake Detection Based on Balanced Attention and Information Guidance for Collaborative Image Processing Tasks,venue:international-conference-on-computer-supported-cooperative-work-in-design:main,International Conference on Computer Supported Cooperative Work in Design,conference,main,venue:international-conference-on-computer-supported-cooperative-work-in-design:main,paper venue_id is absent from the canonical registry
no_action_required,curated:b31395a72552920109fa,The PRISM benchmark: PhotoRealistic Image Synthesis and Manipulation to detect generated images,venue:computer-vision-and-image-understanding,Computer Vision and Image Understanding,journal,,venue:computer-vision-and-image-understanding,
no_action_required,curated:ab6b43e21ae47dadafe0,Dual Frequency Branch Framework With Reconstructed Sliding Windows Attention for AI-Generated Image Detection,venue:ieee-transactions-on-information-forensics-and-security,IEEE Transactions on Information Forensics and Security,journal,,venue:ieee-transactions-on-information-forensics-and-security,
dangling_venue_id,curated:038a578e520799c8671e,Toward Generalizable Forgery Detection and Reasoning,venue:ieee-transactions-on-image-processing,IEEE Transactions on Image Processing,journal,,venue:ieee-transactions-on-image-processing,paper venue_id is absent from the canonical registry
no_action_required,curated:75b4ab2d95e995615ae2,Quality-Guided Forgery Adapter for Generalizable AIGC Image Detection,venue:ieee-transactions-on-information-forensics-and-security,IEEE Transactions on Information Forensics and Security,journal,,venue:ieee-transactions-on-information-forensics-and-security,
no_action_required,curated:d0eec7c4fce8929c295a,Diffusion-Driven Forgery Detection: Distilling Latent Features for Generalized Image Forensics,venue:ieee-signal-processing-letters,IEEE Signal Processing Letters,journal,,venue:ieee-signal-processing-letters,
no_action_required,curated:d8df0e4505f5d38ebb28,Lightweight Image Forgery Detection via Tucker Decomposition for Efficient Edge Deployment,venue:ieee-tai,IEEE Transactions on Artificial Intelligence,journal,,venue:ieee-tai,
no_action_required,curated:70f6d63927384365006f,High-Resolution Contrastive Framework for Generalizable AI-Generated Image Detection,venue:icassp:main,"IEEE International Conference on Acoustics, Speech and Signal Processing",conference,main,venue:icassp:main,
no_action_required,curated:03f893b9484ea2d09c22,Universal Denoising Patterns for Diffusion Image Detection,venue:icassp:main,"IEEE International Conference on Acoustics, Speech and Signal Processing",conference,main,venue:icassp:main,
no_action_required,curated:567ec9e4515f2e4a20ca,RADI: A Retrieval-Augmented Dynamic In-Context Learning Framework for AIGC Image Detection,venue:icassp:main,"IEEE International Conference on Acoustics, Speech and Signal Processing",conference,main,venue:icassp:main,
no_action_required,curated:5ceb080eeeacfdf0cb8f,M <sup>2</sup> EA: Multi-VAE Manifold Envelope Alignment for Challenging AI-Generated Image Detection,venue:icassp:main,"IEEE International Conference on Acoustics, Speech and Signal Processing",conference,main,venue:icassp:main,
no_action_required,curated:e2c0dacc159564e9e575,Gamma: Generalizable Ai-Generated Image Detection Via Multi-Task and Manipulation-Augmented Supervision,venue:icassp:main,"IEEE International Conference on Acoustics, Speech and Signal Processing",conference,main,venue:icassp:main,
no_action_required,curated:dc9126cc128e1b228717,Transfer Learning of Real Image Features with Soft Contrastive Loss for Fake Image Detection,venue:aaai:main,AAAI Conference on Artificial Intelligence,conference,main,venue:aaai:main,
no_action_required,curated:613af6288792f6ece505,The Visual Counter Turing Test (VCT2): A Benchmark for Evaluating AI-Generated Image Detection and the Visual AI Index (VAI),venue:ijcnlp-aacl:main,International Joint Conference on Natural Language Processing and the Conference of the Asia-Pacific Chapter of the Association for Computational Linguistics,conference,main,venue:ijcnlp-aacl:main,
no_action_required,curated:828a87e68db4c3541e80,MLEP: Multi-granularity Local Entropy Patterns for Generalized AI-generated Image Detection,venue:neurips:main,Advances in Neural Information Processing Systems,conference,main,venue:neurips:main,
no_action_required,curated:4c10e64c5b8f09c7333e,Manifold Induced Biases for Zero-shot and Few-shot Detection of Generated Images,venue:iclr:main,International Conference on Learning Representations,conference,main,venue:iclr:main,
no_action_required,curated:9b7e6c57a9f75e06fddf,CLIP-SegFusion: An Attention-Guided Feature Fusion Framework for Multi-Level Detection on AI-Generated Artworks,venue:icmr:main,ACM International Conference on Multimedia Retrieval,conference,main,venue:icmr:main,
no_action_required,curated:084e01a1a2191cb4c86a,LOKI: A Comprehensive Synthetic Data Detection Benchmark using Large Multimodal Models,venue:iclr:main,International Conference on Learning Representations,conference,main,venue:iclr:main,
no_action_required,curated:4a7bded8c311ed9c0540,Forensic-MoE: Exploring Comprehensive Synthetic Image Detection Traces With Mixture of Experts,venue:iccv:main,IEEE/CVF International Conference on Computer Vision,conference,main,venue:iccv:main,
no_action_required,curated:0fb6a9c0db904eae726d,Generalizable Synthetic Image Detection via Language-guided Contrastive Learning,venue:ieee-tai,IEEE Transactions on Artificial Intelligence,journal,,venue:ieee-tai,
no_action_required,curated:31c548f5aa68f9075659,CausalCLIP: Causally-Informed Feature Disentanglement and Filtering for Generalizable Detection of Generated Images,venue:aaai:main,AAAI Conference on Artificial Intelligence,conference,main,venue:aaai:main,
no_action_required,curated:7b767faa09af80414296,Leveraging Failed Samples: A Few-Shot and Training-Free Framework for Generalized Deepfake Detection,venue:aaai:main,AAAI Conference on Artificial Intelligence,conference,main,venue:aaai:main,
no_action_required,curated:cdbafbabadfbb462102a,Aggregating Diverse Cue Experts for AI-Generated Image Detection,venue:aaai:main,AAAI Conference on Artificial Intelligence,conference,main,venue:aaai:main,
no_action_required,curated:64635535d7b7b6a12a32,Unveiling Perceptual Artifacts: A Fine-Grained Benchmark for Interpretable AI-Generated Image Detection,venue:iclr:main,International Conference on Learning Representations,conference,main,venue:iclr:main,
no_action_required,curated:49cc18f090b2488dda2d,Beyond Binary Classification: A Semi-supervised Approach to Generalized AI-generated Image Detection,venue:aaai:main,AAAI Conference on Artificial Intelligence,conference,main,venue:aaai:main,
no_action_required,curated:b2b738978609f5704f00,HSIC Bottleneck for Cross-Generator and Domain-Incremental Synthetic Image Detection,venue:iclr:main,International Conference on Learning Representations,conference,main,venue:iclr:main,
no_action_required,curated:37949b937d2159b47e73,Spatial-Temporal Forgery Trace Based Forgery Image Identification,venue:iccv:main,IEEE/CVF International Conference on Computer Vision,conference,main,venue:iccv:main,
no_action_required,curated:506d44d3feea2627dd42,No Pixel Left Behind: A Detail-Preserving Architecture for Robust High-Resolution AI-Generated Image Detection,venue:iclr:main,International Conference on Learning Representations,conference,main,venue:iclr:main,
no_action_required,curated:6c2f591bf6fda3abecbb,Reasoning-Aware AIGC Detection via Alignment and Reinforcement,venue:acl:findings,Annual Meeting of the Association for Computational Linguistics,conference,findings,venue:acl:findings,
no_action_required,curated:411724cd949b78c1af6a,FakeXplain: AI-Generated Image Detection via Human-Aligned Grounded Reasoning,venue:iclr:main,International Conference on Learning Representations,conference,main,venue:iclr:main,
no_action_required,curated:3c8696103d9d5e608281,DRCT: Diffusion Reconstruction Contrastive Training towards Universal Detection of Diffusion Generated Images,venue:icml:main,International Conference on Machine Learning,conference,main,venue:icml:main,
no_action_required,curated:386ccd052b812587c286,"All Patches Matter, More Patches Better: Enhance AI-Generated Image Detection via Panoptic Patch Learning",venue:iclr:main,International Conference on Learning Representations,conference,main,venue:iclr:main,
no_action_required,curated:7693a9c0107feaf90e10,Are High-Quality AI-Generated Images More Difficult for Models to Detect?,venue:icml:main,International Conference on Machine Learning,conference,main,venue:icml:main,
no_action_required,curated:95953a73a0e2e1f14ccb,PiD: Generalized AI-Generated Images Detection with Pixelwise Decomposition Residuals,venue:icml:main,International Conference on Machine Learning,conference,main,venue:icml:main,
no_action_required,curated:6976641cbfe602a7e617,Forensic Detection of Generated MRI Imagery Using Autoregressive Modeling and Frequency Analysis,venue:wacv:workshops,IEEE/CVF Winter Conference on Applications of Computer Vision,conference,workshops,venue:wacv:workshops,
dangling_venue_id,curated:3c22ad3ac0639bf3d2b5,Multiscale Spatial Frequency-Aware Transformer and Saturation Analysis for Universal Deepfake Detection,venue:ieee-transactions-on-cybernetics,IEEE Transactions on Cybernetics,journal,,venue:ieee-transactions-on-cybernetics,paper venue_id is absent from the canonical registry
no_action_required,curated:7287cadbc4b8408fd16b,Breaking Manifold Continuity: Vector Quantized Modeling for Real-Centric Deepfake Detection,venue:icml:main,International Conference on Machine Learning,conference,main,venue:icml:main,
no_action_required,curated:b45849aa3f89cc8b64ef,Position: We need to re-think the concept of “real” images.,venue:icml:main,International Conference on Machine Learning,conference,main,venue:icml:main,
no_action_required,curated:c84b04cb8e921be753db,Representation and Reference Selection in Training-Free Synthetic Image Attribution,,,preprint,,,
no_action_required,curated:beb92721c8ba0d0c4231,Scaling Up AI-Generated Image Detection with Generator-Aware Prototypes,venue:cvpr:main,IEEE/CVF Conference on Computer Vision and Pattern Recognition,conference,main,venue:cvpr:main,
no_action_required,curated:40ffd016e03ca4604fa8,Model Synthesis for Zero-Shot Model Attribution,venue:ieee-transactions-on-multimedia,IEEE Transactions on Multimedia,journal,,venue:ieee-transactions-on-multimedia,
no_action_required,curated:830febb52786dbaebbb5,T-GD: Transferable GAN-generated Images Detection Framework,venue:icml:main,International Conference on Machine Learning,conference,main,venue:icml:main,
no_action_required,curated:14272073fa5bc0e301b5,LEGION: Learning to Ground and Explain for Synthetic Image Detection,venue:iccv:main,IEEE/CVF International Conference on Computer Vision,conference,main,venue:iccv:main,
no_action_required,curated:dd05c4a609d902da8c1d,FerretNet: Efficient Synthetic Image Detection via Local Pixel Dependencies,venue:neurips:main,Advances in Neural Information Processing Systems,conference,main,venue:neurips:main,
no_action_required,curated:41a934ce12ecfd2f17e9,EXACT: An Explainable Adaptive SemantiC-Trace framework for AI-generated image forensics,venue:computer-vision-and-image-understanding,Computer Vision and Image Understanding,journal,,venue:computer-vision-and-image-understanding,
dangling_venue_id,curated:9d722dfb4a3418d86063,Beyond Resizing: A Distribution-Aligned Framework for Robust AI-Generated Image Detection,venue:international-conference-on-intelligent-computing:main,International Conference on Intelligent Computing,conference,main,venue:international-conference-on-intelligent-computing:main,paper venue_id is absent from the canonical registry
no_action_required,curated:9fdc78cdcf22cdbf4776,Radial Residual Frequency: A Semantically Aligned Benchmark and Spectral Detector for AI-Generated Images,venue:siggraph:posters,ACM SIGGRAPH,conference,posters,venue:siggraph:posters,
dangling_venue_id,curated:2b5013b99aa5e4de2621,All patches are not equal: Focusing on a single exposed patch for AI-generated image detection,venue:information-processing-management,Information Processing & Management,journal,,venue:information-processing-management,paper venue_id is absent from the canonical registry
dangling_venue_id,curated:a3fb37f39cb20a95e3bf,Can model attribution bridge AI's accountability gap in safety-critical domains?,venue:philosophical-transactions-of-the-royal-society-a-mathematical-physical-and-engineering-sciences,Philosophical Transactions of the Royal Society A Mathematical Physical and Engineering Sciences,journal,,venue:philosophical-transactions-of-the-royal-society-a-mathematical-physical-and-engineering-sciences,paper venue_id is absent from the canonical registry
dangling_venue_id,curated:aeb3a6e4747e1a1b3181,Dual-stream framework for real/fake classification and source attribution of AI-generated images using spatial and frequency features,venue:pattern-analysis-and-applications,Pattern Analysis and Applications,journal,,venue:pattern-analysis-and-applications,paper venue_id is absent from the canonical registry
no_action_required,curated:5888bece56862fbbfc43,DADP: a discrepancy-aware dual-path network for AI-generated image detection,venue:multimedia-systems,Multimedia Systems,journal,,venue:multimedia-systems,
dangling_venue_id,curated:d1195175f50833c90a64,ADRD: Detecting diffusion-generated images via adversarial perturbation induced reconstruction discrepancy,venue:plos-one,PLoS ONE,journal,,venue:plos-one,paper venue_id is absent from the canonical registry
no_action_required,curated:543d02cab0479b0d19ad,"Multi-Domain Feature Fusion: Leveraging Color, Noise, and Spatial Features for AI-generated Image Detection",venue:ieee-transactions-on-multimedia,IEEE Transactions on Multimedia,journal,,venue:ieee-transactions-on-multimedia,
dangling_venue_id,curated:52edb9369ffaae37bd81,Dual-Tree Complex Wavelet Driven Hierarchical Spatial-Frequency Fusion Learning for Robust Deepfake Detection,venue:ieee-transactions-on-dependable-and-secure-computing,IEEE Transactions on Dependable and Secure Computing,journal,,venue:ieee-transactions-on-dependable-and-secure-computing,paper venue_id is absent from the canonical registry
dangling_venue_id,curated:db62aa9b0b1aab0c9f7a,Artifact-Aware Explainable Deepfake Detection via Fake-Only High-Frequency Alignment Supervision,venue:international-conference-on-computing-power-and-communication-technologies:main,"International Conference on Computing, Power, and Communication Technologies",conference,main,venue:international-conference-on-computing-power-and-communication-technologies:main,paper venue_id is absent from the canonical registry
dangling_venue_id,curated:3e707a16418405139945,Towards Generalizable AI-Generated Image Detection via Image-Adaptive Prompt Learning,venue:computer-vision-and-pattern-recognition:main,Computer Vision and Pattern Recognition,conference,main,venue:computer-vision-and-pattern-recognition:main,paper venue_id is absent from the canonical registry
no_action_required,curated:d973c571c1fafe6fb25f,Deepfake-Agent: Aggregating Semantic Forgery Clues for Generalizable Detection,venue:cvpr:findings,IEEE/CVF Conference on Computer Vision and Pattern Recognition,conference,findings,venue:cvpr:findings,
no_action_required,curated:3ea88dc6c3224d22d416,IoT-Oriented Security for Small Sensor Systems Using DnCNN Denoising and Multimodal Feature Fusion for Image Forgery Detection,venue:sensors,Sensors,journal,,venue:sensors,
no_action_required,curated:88b63de59a0eabcd1b02,Incremental Learning for AI-Generated Image Detection,venue:ieee-transactions-on-multimedia,IEEE Transactions on Multimedia,journal,,venue:ieee-transactions-on-multimedia,
dangling_venue_id,curated:7677a61ea68774dc5023,Source Attribution of AI-Generated Image via Orthogonal Subspace Mixture-of-Experts,venue:ieee-international-conference-on-pattern-recognition-machine-vision-and-artificial-intelligence:main,"IEEE International Conference on Pattern Recognition, Machine Vision and Artificial Intelligence",conference,main,venue:ieee-international-conference-on-pattern-recognition-machine-vision-and-artificial-intelligence:main,paper venue_id is absent from the canonical registry
dangling_venue_id,curated:0a803e244a205b05642b,Leveraging DINOv3 with Adapters for Fine-Grained Generative Image Detection,venue:international-conference-on-intelligent-computing:main,International Conference on Intelligent Computing,conference,main,venue:international-conference-on-intelligent-computing:main,paper venue_id is absent from the canonical registry
dangling_venue_id,curated:98044fc98e006607991c,Semantic Artifact Logit Fusion for Generalizable AI-Generated Image Detection,venue:international-conference-on-intelligent-computing:main,International Conference on Intelligent Computing,conference,main,venue:international-conference-on-intelligent-computing:main,paper venue_id is absent from the canonical registry
dangling_venue_id,curated:4ad04c01ae2850d5cc34,MoFAIR: Self-improving Post-training for Robust and Explainable AIGC Forensics with Lightweight Reward Distillation,venue:international-conference-on-intelligent-computing:main,International Conference on Intelligent Computing,conference,main,venue:international-conference-on-intelligent-computing:main,paper venue_id is absent from the canonical registry
dangling_venue_id,curated:dd5b85612778b9021f4e,CCMA-CLIP: Concept-Guided Cross-Modal Adaptation for Robust AI-Generated Image Detection,venue:international-conference-on-intelligent-computing:main,International Conference on Intelligent Computing,conference,main,venue:international-conference-on-intelligent-computing:main,paper venue_id is absent from the canonical registry
dangling_venue_id,curated:268336295435cfbbbd5d,Learning a Semantic Similarity Orthogonal Space for Model‐Level <scp>AI</scp> ‐Generated Image Source Attribution,venue:expert-systems,Expert Systems,journal,,venue:expert-systems,paper venue_id is absent from the canonical registry
no_action_required,curated:672e9600fc8b6ead6ab1,Beyond Causal Models: Multi-Scale Linear Local Attention for AI-Generated Image Detection,venue:ieee-signal-processing-letters,IEEE Signal Processing Letters,journal,,venue:ieee-signal-processing-letters,
dangling_venue_id,curated:748ed5e2cf27aea70f6a,Frequency-Aware Robustness Analysis of Deepfake Detection Models,venue:journal-on-artificial-intelligence,Journal on artificial intelligence,journal,,venue:journal-on-artificial-intelligence,paper venue_id is absent from the canonical registry
dangling_venue_id,curated:611c1fc878b1f9737a04,Universal Deepfake Detection via Low-Rank Adaptation of Vision-Language Models,venue:international-conference-on-intelligent-computing:main,International Conference on Intelligent Computing,conference,main,venue:international-conference-on-intelligent-computing:main,paper venue_id is absent from the canonical registry
dangling_venue_id,curated:b75682820c5af85396c1,Semi-Truths: A Large-Scale Dataset of AI-Augmented Images for Evaluating Robustness of AI-Generated Image detectors,venue:advances-in-neural-information-processing-systems:main,Advances in Neural Information Processing Systems,conference,main,venue:advances-in-neural-information-processing-systems:main,paper venue_id is absent from the canonical registry
no_action_required,curated:cb237bfcbc395a031757,A COMPARATIVE REVIEW OF AI-GENERATED IMAGE DETECTION ACROSS SOCIAL MEDIA PLATFORMS,venue:global-mainstream-journal-of-innovation-engineering-emerging-technology,"Global Mainstream Journal of Innovation, Engineering & Emerging Technology",journal,,venue:global-mainstream-journal-of-innovation-engineering-emerging-technology,
no_action_required,curated:239572598dfae08d563b,DeeCLIP: A Robust and Generalizable Transformer-Based Framework for Detecting AI-Generated Images,venue:international-conference-on-advanced-concepts-for-intelligent-vision-systems:main,International Conference on Advanced Concepts for Intelligent Vision Systems,conference,main,venue:international-conference-on-advanced-concepts-for-intelligent-vision-systems:main,
no_action_required,curated:f9eac1aa13a606c6ec88,A Sanity Check for AI-generated Image Detection,venue:iclr:main,International Conference on Learning Representations,conference,main,venue:iclr:main,
