institution_name,city,country,ror_id,resolution_method,resolution_confidence,needs_review,reason,example_openalex_id,example_author_name
Federico II University Hospital,,,02jr6tp70,ror_id,high,false,resolved,https://openalex.org/W4402915983,Davide Cozzolino
Technical University of Munich,,,02kkvpp62,ror_id,high,false,resolved,https://openalex.org/W4402915983,Matthias Nießner
Sun Yat-sen University,,,0064kty71,ror_id,high,false,resolved,https://openalex.org/W4388820663,Ziyi Xi
University of Science and Technology of China,,,04c4dkn09,ror_id,high,false,resolved,https://openalex.org/W4390873235,Zhendong Wang
Microsoft Research Asia (China),,,0300m5276,ror_id,high,false,resolved,https://openalex.org/W4390873235,Jianmin Bao
Institute of Art,,,017fyx225,ror_id,high,false,resolved,https://openalex.org/W4390873235,Wengang Zhou
National Science Centre,,,03ha2q922,ror_id,high,false,resolved,https://openalex.org/W4390873235,Wengang Zhou
,,,,unresolved,low,true,no_authoritative_identifier_or_exact_cache_match;resolved_coordinates_missing,https://openalex.org/W4390873235,Hong Chen
University of Naples Federico II,,,05290cv24,ror_id,high,false,resolved,https://openalex.org/W2811414481,Francesco Marra
University of Siena,,,01tevnk56,ror_id,high,false,resolved,https://openalex.org/W4392453284,Lydia Abady
Monash University Malaysia,,,00yncr324,ror_id,high,false,resolved,https://openalex.org/W4200053273,Brandon Khoo
Monash University,,,02bfwt286,ror_id,high,false,resolved,https://openalex.org/W4200053273,Raphaël C.‐W. Phan
Beijing Jiaotong University,,,01yj56c84,ror_id,high,false,resolved,https://openalex.org/W4402753859,Huan Liu
Baidu (China),,,03vs3wt56,ror_id,high,false,resolved,https://openalex.org/W4402753859,Zichang Tan
Information Technologies Institute,,,0069akp70,ror_id,high,false,resolved,https://openalex.org/W4404002774,Christos Koutlis
Centre for Research and Technology Hellas,,,03bndpq63,ror_id,high,false,resolved,https://openalex.org/W4404002774,Christos Koutlis
Bangladesh University of Engineering and Technology,,,05a1qpv97,ror_id,high,false,resolved,https://openalex.org/W4386590429,Md Awsafur Rahman
Brandman University,,,013922990,ror_id,high,false,resolved,https://openalex.org/W4394597038,Sergey Sinitsa
Institut d'électronique de microélectronique et de nanotechnologie,,,02q4res37,ror_id,high,false,resolved,https://openalex.org/W4406160881,Mamadou Keïta
Université Polytechnique Hauts-de-France,,,02ezch769,ror_id,high,false,resolved,https://openalex.org/W4406160881,Mamadou Keïta
Khalifa University of Science and Technology,,,05hffr360,ror_id,high,false,resolved,https://openalex.org/W4406160881,Wassim Hamidouche
Universidad Politécnica de Madrid,,,03n6nwv02,ror_id,high,false,resolved,https://openalex.org/W4406160881,David Camacho
Sorbonne University Abu Dhabi,,,03e1ymy32,ror_id,high,false,resolved,https://openalex.org/W4406160881,Abdenour Hadid
University of Amsterdam,,,04dkp9463,ror_id,high,false,resolved,https://openalex.org/W4413144629,Efstratios Gavves
Ahsanullah University of Science and Technology,,,04wfbp123,ror_id,high,false,resolved,https://openalex.org/W4392209962,Md. Zahid Hossain
Southeast University,,,00cf0ab87,ror_id,high,false,resolved,https://openalex.org/W4392209962,Farhad Uz Zaman
Adobe Systems (United States),,,059tvcg64,ror_id,high,false,resolved,https://openalex.org/W4390189958,David C. Epstein
Amity University,,,02n9z0v62,ror_id,high,false,resolved,https://openalex.org/W4396886753,Achal Shankar Gupta
Nanjing University of Science and Technology,,,00xp9wg62,ror_id,high,false,resolved,https://openalex.org/W4391557868,Mingqian Lin
Victoria University of Wellington,,,0040r6f76,ror_id,high,false,resolved,https://openalex.org/W4391557868,Xiaoying Gao
Anhui University,,,05th6yx34,ror_id,high,false,resolved,https://openalex.org/W4405021796,Juncong Xu
National University of Singapore,,,01tgyzw49,ror_id,high,false,resolved,https://openalex.org/W4405021796,Han Fang
Lamar University,,,008ms5s18,ror_id,high,false,resolved,https://openalex.org/W4393021531,"Anjuman Ara, Md Sajadul Alam, Kamrujjaman & Afia Farjana Mifa"
Google (United States),,,00njsd438,ror_id,high,false,resolved,https://openalex.org/W4413145917,Ben Usman
Google DeepMind (United Kingdom),,,00971b260,ror_id,high,false,resolved,https://openalex.org/W4413145917,Ben Usman
Anhui Business College,,,02d0cgn19,ror_id,high,false,resolved,https://openalex.org/W4409032835,Hui Wang
Shanghai Jiao Tong University,,,0220qvk04,ror_id,high,false,resolved,https://openalex.org/W4409368310,Jianfu Zhang
Fakir Mohan University,,,00g0n6t22,ror_id,high,false,resolved,https://openalex.org/W4410228077,Jayanti Rout
Edinburgh Napier University,,,03zjvnn91,ror_id,high,false,resolved,https://openalex.org/W4407467920,Stuart Weir
Prince Mohammad bin Fahd University,,,03d64na34,ror_id,high,false,resolved,https://openalex.org/W4407467920,Jawad Ahmad
Beihang University,,,00wk2mp56,ror_id,high,false,resolved,https://openalex.org/W4411960917,Xuhui Liu
Zhejiang Sci-Tech University,,,03893we55,ror_id,high,false,resolved,https://openalex.org/W4411960917,Ziqian Lu
SRM Institute of Science and Technology,,,050113w36,ror_id,high,false,resolved,https://openalex.org/W4392457694,Mrs D. Suma
Chongqing University of Posts and Telecommunications,,,03dgaqz26,ror_id,high,false,resolved,https://openalex.org/W4413144713,Haifeng Zhang
Hong Kong Polytechnic University,,,0030zas98,ror_id,high,false,resolved,https://openalex.org/W4402917177,Zihang Lyu
University of Applied Health Sciences,,,019yxat94,ror_id,high,false,resolved,https://openalex.org/W4402240806,Adrian Lokner Lađević
University of Maribor,,,01d5jce07,ror_id,high,false,resolved,https://openalex.org/W4402240806,Dino Vlahek
University of Bologna,,,01111rn36,ror_id,high,false,resolved,https://openalex.org/W4416252067,Lorenzo Pellegrini
Ingegneria dei Trasporti (Italy),,,01fp7rv25,ror_id,high,false,resolved,https://openalex.org/W4416252067,Davide Cozzolino
Ingegneria dei Sistemi (Italy),,,03spsm219,ror_id,high,false,resolved,https://openalex.org/W4416252067,Marco Prati
Korea Advanced Institute of Science and Technology,,,05apxxy63,ror_id,high,false,resolved,https://openalex.org/W4409262730,Seoyeon Gye
University of Technology Sydney,,,03f0f6041,ror_id,high,false,resolved,https://openalex.org/W4415540724,Kuo Shi
Chinese Academy of Sciences,,,034t30j35,ror_id,high,false,resolved,https://openalex.org/W4400624794,Zheling Meng
Institute of Automation,,,022c3hy66,ror_id,high,false,resolved,https://openalex.org/W4400624794,Zheling Meng
University of Chinese Academy of Sciences,,,05qbk4x57,ror_id,high,false,resolved,https://openalex.org/W4400624794,Zheling Meng
Communication University of China,,,04facbs33,ror_id,high,false,resolved,https://openalex.org/W4400624794,Haonan Cheng
Shandong University,,,0207yh398,ror_id,high,false,resolved,https://openalex.org/W4412810251,Yupeng Zhang
University of Jinan,,,02mjz6f26,ror_id,high,false,resolved,https://openalex.org/W4412810251,Chengyou Wang
Intelligent Health (United Kingdom),,,0576zak10,ror_id,high,false,resolved,https://openalex.org/W4412810251,Chengyou Wang
Weihai Science and Technology Bureau,,,05mx4xx46,ror_id,high,false,resolved,https://openalex.org/W4412810251,Chengyou Wang
National Taiwan University of Science and Technology,,,00q09pe49,ror_id,high,false,resolved,https://openalex.org/W4408954780,Hau-Ching Chen
Sungkyunkwan University,,,04q78tk20,ror_id,high,false,resolved,https://openalex.org/W4411979370,Hyejoo Choi
University of Mumbai,,,032hdk172,ror_id,high,false,resolved,https://openalex.org/W4409362694,Dhruv Bhatada
Global University,,,04frhb927,ror_id,high,false,resolved,https://openalex.org/W7125513809,Sujal Kumar
Southeast University,,,04ct4d772,ror_id,high,false,resolved,https://openalex.org/W7160100074,H M Wang
Shenzhen University,,,01vy4gh70,ror_id,high,false,resolved,https://openalex.org/W7160100074,Yang Zhang
Yanshan University,,,02txfnf15,ror_id,high,false,resolved,https://openalex.org/W4386075954,Guanghua Gu
Signal Processing (United States),,,021gzyw51,ror_id,high,false,resolved,https://openalex.org/W4386075954,Guanghua Gu
Helmholtz Center for Information Security,,,02njgxr09,ror_id,high,false,resolved,https://openalex.org/W4388858946,Zeyang Sha
Salesforce (United States),,,057315g56,ror_id,high,false,resolved,https://openalex.org/W4388858946,Ning Yu
Singapore University of Technology and Design,,,05j6fvn87,ror_id,high,false,resolved,https://openalex.org/W4313048095,Keshigeyan Chandrasegaran
Singapore Institute of Technology,,,01v2c2791,ror_id,high,false,resolved,https://openalex.org/W4313048095,Alexander Binder
Unge aksjonærer,,,00tajj279,ror_id,high,false,resolved,https://openalex.org/W4313048095,Alexander Binder
University of Oslo,,,01xtthb56,ror_id,high,false,resolved,https://openalex.org/W4313048095,Alexander Binder
Tencent (China),,,00hhjss72,ror_id,high,false,resolved,https://openalex.org/W4402727598,Yunpeng Luo
University of Trento,,,05trd4x28,ror_id,high,false,resolved,https://openalex.org/W3010699567,"Saltori, Cristiano"
Naver (South Korea),,,04nzrnx83,ror_id,high,false,resolved,https://openalex.org/W4312710588,Yonghyun Jeong
University of Seoul,,,05en5nh73,ror_id,high,false,resolved,https://openalex.org/W4312710588,Youngmin Ro
Samsung (South Korea),,,04w3jy968,ror_id,high,false,resolved,https://openalex.org/W4312710588,Pyounggeon Kim
Samsung Pharm (South Korea),,,003eds368,ror_id,high,false,resolved,https://openalex.org/W4312710588,Pyounggeon Kim
Chung-Ang University,,,01r024a98,ror_id,high,false,resolved,https://openalex.org/W4312710588,Pyounggeon Kim
Indian Institute of Technology Patna,,,01ft5vz71,ror_id,high,false,resolved,https://openalex.org/W4394935852,Surbhi Raj
Sichuan University,,,011ashp19,ror_id,high,false,resolved,https://openalex.org/W4293518933,Mingxu Zhang
Aligarh Muslim University,,,03kw9gc02,ror_id,high,false,resolved,https://openalex.org/W4293518933,Asad Malik
Czech Technical University in Prague,,,03kqpb082,ror_id,high,false,resolved,https://openalex.org/W4367000238,Giorgos Kordopatis-Zilos
Centre National de la Recherche Scientifique,,,02feahw73,ror_id,high,false,resolved,https://openalex.org/W4389370799,Quentin Bammey
Université Paris-Saclay,,,03xjwb503,ror_id,high,false,resolved,https://openalex.org/W4389370799,Quentin Bammey
Hangzhou Dianzi University,,,0576gt767,ror_id,high,false,resolved,https://openalex.org/W2973074956,Xuan Ni
Peking University,,,02v51f717,ror_id,high,false,resolved,https://openalex.org/W3034196597,Lingzhi Li
Fraunhofer Institute for Industrial Mathematics,,,019hjw009,ror_id,high,false,resolved,https://openalex.org/W4410706528,Patrick Grommelt
Supply Chain Competence Center (Germany),,,04rbcv404,ror_id,high,false,resolved,https://openalex.org/W4410706528,Patrick Grommelt
Offenburg University of Applied Sciences,,,03zh5eq96,ror_id,high,false,resolved,https://openalex.org/W4410706528,Patrick Grommelt
University of Mannheim,,,031bsb921,ror_id,high,false,resolved,https://openalex.org/W4410706528,Janis Keuper
University of Catania,,,03a64bh57,ror_id,high,false,resolved,https://openalex.org/W4392623241,Luca Guarnera
Bank of Italy,,,03v2nbx43,ror_id,high,false,resolved,https://openalex.org/W4392623241,Oliver Giudice
University of Oxford,,,052gg0110,ror_id,high,false,resolved,https://openalex.org/W3034795015,Zhengzhe Liu
University of Hong Kong,,,02zhqgq86,ror_id,high,false,resolved,https://openalex.org/W3034795015,Xiaojuan Qi
"University of California, Santa Barbara",,,02t274463,ror_id,high,false,resolved,https://openalex.org/W3179128750,Michael Goebel
Mayachitra (United States),,,02pvba079,ror_id,high,false,resolved,https://openalex.org/W3179128750,Michael Goebel
PLA Information Engineering University,,,00mm1qk40,ror_id,high,false,resolved,https://openalex.org/W3166640306,Guihua Tang
Liaoning University,,,03xpwj629,ror_id,high,false,resolved,https://openalex.org/W4381620941,Yun Liu
Shenzhen University Health Science Center,,,04yjbr930,ror_id,high,false,resolved,https://openalex.org/W4381620941,Guanghui Yue
National Pingtung University of Science and Technology,,,01y6ccj36,ror_id,high,false,resolved,https://openalex.org/W2970868842,Chih–Chung Hsu
National United University,,,04twccc71,ror_id,high,false,resolved,https://openalex.org/W2970868842,Chia‐Yen Lee
"University of California, Riverside",,,03nawhv43,ror_id,high,false,resolved,https://openalex.org/W2975558816,Lakshmanan Nataraj
Naval Air Warfare Center Weapons Division,,,03cap2a49,ror_id,high,false,resolved,https://openalex.org/W2975558816,Lakshmanan Nataraj
Politecnico di Milano,,,01nffqt88,ror_id,high,false,resolved,https://openalex.org/W4416252268,Sara Mandelli
Sapienza University of Rome,,,02be6w209,ror_id,high,false,resolved,https://openalex.org/W4416252268,Luca Zanchetta
Technische Universität Berlin,,,03v4gjf40,ror_id,high,false,resolved,https://openalex.org/W4399261595,Alexander Wißmann
Bucknell University,,,00fc1qt65,ror_id,high,false,resolved,https://openalex.org/W4399261595,Robert M. Nickel
University Frères Mentouri Constantine 1,,,017wv6808,ror_id,high,false,resolved,https://openalex.org/W4407408001,Yasmine Namani
Université Paris-Est Créteil,,,05ggc9x40,ror_id,high,false,resolved,https://openalex.org/W4407408001,Mohamed Aymen Labiod
Paris-Est Sup,,,0268ecp52,ror_id,high,false,resolved,https://openalex.org/W4407408001,Mohamed Aymen Labiod
University of Portsmouth,,,03ykbk197,ror_id,high,false,resolved,https://openalex.org/W4407408001,Stavros Shiaeles
Nvidia (United States),,,03jdj4y14,ror_id,high,false,resolved,https://openalex.org/W4393972628,Koki Nagano
University of Surrey,,,00ks66431,ror_id,high,false,resolved,https://openalex.org/W4385801341,Kar Balan
"University of Maryland, College Park",,,047s2c258,ror_id,high,false,resolved,https://openalex.org/W3161417217,Sharath Girish
"Indian Institute of Engineering Science and Technology, Shibpur",,,02ytfzr55,ror_id,high,false,resolved,https://openalex.org/W4388656143,Sanandita Das
The University of Sydney,,,0384j8v12,ror_id,high,false,resolved,https://openalex.org/W4385767391,Sheng Shen
City University of Macau,,,04gpd4q15,ror_id,high,false,resolved,https://openalex.org/W4385767391,Wanlei Zhou
Institute of Engineering Science,,,03zeyg902,ror_id,high,false,resolved,https://openalex.org/W4391306866,Tanusree Ghosh
Indian Institute of Technology Indore,,,01hhf7w52,ror_id,high,false,resolved,https://openalex.org/W4391306866,Tanusree Ghosh
South China University of Technology,,,0530pts50,ror_id,high,false,resolved,https://openalex.org/W4401325047,Patrick P. K. Chan
Chengdu University of Information Technology,,,01yxwrh59,ror_id,high,false,resolved,https://openalex.org/W4402352361,Lei Zhang
University of Indianapolis,,,052133d12,ror_id,high,false,resolved,https://openalex.org/W4402352361,Shu Hu
Indiana University – Purdue University Indianapolis,,,05gxnyn08,ror_id,high,true,authoritative_record_not_active,https://openalex.org/W4402352361,Shu Hu
Tunghai University,,,00zhvdn11,ror_id,high,false,resolved,https://openalex.org/W4402352361,Ching-Sheng Lin
"University at Albany, State University of New York",,,012zs8222,ror_id,high,false,resolved,https://openalex.org/W4402352361,Xin Wang
University of North Texas,,,00v97ad02,ror_id,high,false,resolved,https://openalex.org/W4213417724,Alakananda Mitra
Ollscoil na Gaillimhe – University of Galway,,,03bea9k73,ror_id,high,false,resolved,https://openalex.org/W4213417724,Peter Corcoran
University of Padua,,,00240q980,ror_id,high,false,resolved,https://openalex.org/W3161986877,Simone Milani
Dehradun Institute of Technology University,,,01v5k4d73,ror_id,high,false,resolved,https://openalex.org/W4409526923,Preeti Sharma
University of Wollongong in Dubai,,,0447ajy94,ror_id,high,false,resolved,https://openalex.org/W4409526923,Manoj Kumar
Middle East University,,,059bgad73,ror_id,high,false,resolved,https://openalex.org/W4409526923,Manoj Kumar
University of Petroleum and Energy Studies,,,04q2jes40,ror_id,high,false,resolved,https://openalex.org/W4409526923,Hitesh Kumar Sharma
Beijing Normal University,,,022k4wk35,ror_id,high,false,resolved,https://openalex.org/W4409705469,Biwei Chen
Southwest University of Science and Technology,,,04d996474,ror_id,high,false,resolved,https://openalex.org/W4409705469,Hui Zeng
Beijing Academy of Artificial Intelligence,,,016a74861,ror_id,high,false,resolved,https://openalex.org/W4410853187,Weinan Guan
Nanjing University of Information Science and Technology,,,02y0rxk19,ror_id,high,false,resolved,https://openalex.org/W4410853187,Ziwen He
Nanjing University of Aeronautics and Astronautics,,,01scyh794,ror_id,high,false,resolved,https://openalex.org/W4400828592,Weng Jing
Sorbonne Université,,,02en5vm52,ror_id,high,false,resolved,https://openalex.org/W4390872921,Guillaume Couairon
Institut national de recherche en sciences et technologies du numérique,,,02kvxyf05,ror_id,high,false,resolved,https://openalex.org/W4390872921,Teddy Furon
Honeywell (United States),,,02t71h845,ror_id,high,false,resolved,https://openalex.org/W2971682216,Michael Albright
Nirma University,,,05qkq7x38,ror_id,high,false,resolved,https://openalex.org/W4323022407,Y. G. Patel
Najran University,,,05edw4a90,ror_id,high,false,resolved,https://openalex.org/W4323022407,Turki Alsuwian
Cape Peninsula University of Technology,,,056e9h402,ror_id,high,false,resolved,https://openalex.org/W4323022407,Innocent E. Davidson
Durban University of Technology,,,0303y7a51,ror_id,high,false,resolved,https://openalex.org/W4323022407,Thokozile Mazibuko
Macau University of Science and Technology,,,03jqs2n27,ror_id,high,false,resolved,https://openalex.org/W4406858668,Xinqi Jiang
Drexel University,,,04bdffz58,ror_id,high,false,resolved,https://openalex.org/W4413145326,Tai D. Nguyen
Xidian University,,,05s92vm98,ror_id,high,false,resolved,https://openalex.org/W2972023908,Kejun Zhang
Beijing Electronic Science and Technology Institute,,,01xdzh226,ror_id,high,false,resolved,https://openalex.org/W2972023908,Jianyi Zhang
Khwaja Fareed University of Engineering and Information Technology,,,0161dyt30,ror_id,high,false,resolved,https://openalex.org/W4297988790,Ali Raza
University of Hafr Al-Batin,,,021jt1927,ror_id,high,false,resolved,https://openalex.org/W4297988790,Mubarak Almutairi
Hindustan Institute of Technology and Science,,,037tgdn13,ror_id,high,false,resolved,https://openalex.org/W4402322120,R Maheshwari
Govind Ballabh Pant University of Agriculture and Technology,,,02msjvh03,ror_id,high,false,resolved,https://openalex.org/W4402322120,Binay Kumar Pandey
North South University,,,05wdbfp45,ror_id,high,false,resolved,https://openalex.org/W4200434941,Hasin Shahed Shad
Manipal University Jaipur,,,040h76494,ror_id,high,false,resolved,https://openalex.org/W4200434941,Arjun Singh
Taif University,,,014g1a453,ror_id,high,false,resolved,https://openalex.org/W4200434941,Atef Zaguia
Middle Technical University,,,02fvkg758,ror_id,high,false,resolved,https://openalex.org/W4395673009,Omar Alfarouk Hadi Hasan Al-Dulaimi
Altınbaş University,,,0145w8333,ror_id,high,false,resolved,https://openalex.org/W4395673009,Omar Alfarouk Hadi Hasan Al-Dulaimi
National Institute of Technology Karnataka,,,01hz4v948,ror_id,high,false,resolved,https://openalex.org/W4285362588,Niteesh Kumar
"Istituto di Scienza e Tecnologie dell'Informazione ""Alessandro Faedo""",,,05kacka20,ror_id,high,false,resolved,https://openalex.org/W4283452332,Davide Alessandro Coccomini
National Research Council,,,04zaypm56,ror_id,high,false,resolved,https://openalex.org/W4283452332,Davide Alessandro Coccomini
Consorzio Nazionale Interuniversitario per le Telecomunicazioni,,,0182a5n39,ror_id,high,false,resolved,https://openalex.org/W4283452332,Roberto Caldelli
Universiti Putra Malaysia,,,02e91jd64,ror_id,high,false,resolved,https://openalex.org/W4399978626,Zahra Nazemi Ashani
King's College London,,,0220mzb33,ror_id,high,false,resolved,https://openalex.org/W4402130168,Bogdan Ghita
Sheffield Hallam University,,,019wt1929,ror_id,high,false,resolved,https://openalex.org/W4402130168,Bogdan Ghita
Leeds Beckett University,,,02xsh5r57,ror_id,high,false,resolved,https://openalex.org/W4402130168,Bogdan Ghita
University of Plymouth,,,008n7pv89,ror_id,high,false,resolved,https://openalex.org/W4402130168,Bogdan Ghita
Virginia Tech,,,02smfhw86,ror_id,high,false,resolved,https://openalex.org/W4402264364,Sifat Muhammad Abdullah
International Institute of Information Technology,,,02dernx73,ror_id,high,false,resolved,https://openalex.org/W4408018363,Pranav Sathe
Allied Services,,,02trh1t47,ror_id,high,false,resolved,https://openalex.org/W4406611495,Reena S. Satpute
Dominican University,,,01qww1p93,ror_id,high,false,resolved,https://openalex.org/W4406611495,Chidozie Peter Onwe
Haliç University,,,022xhck05,ror_id,high,false,resolved,https://openalex.org/W4388851105,Arash Heidari
Kadir Has University,,,03zzckc47,ror_id,high,false,resolved,https://openalex.org/W4388851105,Nima Jafari Navimipour
National Yunlin University of Science and Technology,,,04qkq2m54,ror_id,high,false,resolved,https://openalex.org/W4388851105,Nima Jafari Navimipour
İstanbul Nişantaşı Üniversitesi,,,04tah3159,ror_id,high,false,resolved,https://openalex.org/W4388851105,Mehmet Ünal
Shandong University of Political Science and Law,,,01b2j5886,ror_id,high,false,resolved,https://openalex.org/W3084142230,Xu Chang
Bar-Ilan University,,,03kgsv495,ror_id,high,false,resolved,https://openalex.org/W3173581984,Yuval Nirkin
Tel Aviv University,,,04mhzgx49,ror_id,high,false,resolved,https://openalex.org/W3173581984,Lior Wolf
Menlo School,,,01240pn49,ror_id,high,false,resolved,https://openalex.org/W3173581984,Tal Hassner
Meta (United States),,,01zbnvs85,ror_id,high,false,resolved,https://openalex.org/W3173581984,Tal Hassner
University of Kerala,,,05tqa9940,ror_id,high,false,resolved,https://openalex.org/W4410253117,Arvanitis Theodoros N.
AISSMS Institute of Information Technology,,,01bg3pz19,ror_id,high,false,resolved,https://openalex.org/W4394009764,Mrs. Prajwal S
Tun Hussein Onn University of Malaysia,,,01c5wha71,ror_id,high,false,resolved,https://openalex.org/W4408401076,Lee Kar Yee
Universiti Malaysia Sarawak,,,05b307002,ror_id,high,false,resolved,https://openalex.org/W4408401076,Kuryati Kipli
Graphic Era University,,,03wqgqd89,ror_id,high,false,resolved,https://openalex.org/W4389633690,Vrince Vimal
St. Joseph's Institute of Technology,,,012npkr10,ror_id,high,false,resolved,https://openalex.org/W4402353496,T. Manju
PSG INSTITUTE OF TECHNOLOGY AND APPLIED RESEARCH,,,01sa9ng67,ror_id,high,false,resolved,https://openalex.org/W4402353496,S. Kalarani
Karabük University,,,04wy7gp54,ror_id,high,false,resolved,https://openalex.org/W4283712107,Saadaldeen Rashid Ahmed
Marmara University,,,02kswqa67,ror_id,high,false,resolved,https://openalex.org/W4283712107,Adil Deniz Duru
Kahramanmaraş Sütçü İmam University,,,03gn5cg19,ror_id,high,false,resolved,https://openalex.org/W4408853348,Lutfi Emre Demir
Fraunhofer-Gesellschaft,,,05hkkdn48,ror_id,high,false,resolved,https://openalex.org/W3170631962,Felix Blanke
University of Bonn,,,041nas322,ror_id,high,false,resolved,https://openalex.org/W3170631962,Jochen Garcke
APJ Abdul Kalam Technological University,,,04yn30r61,ror_id,high,false,resolved,https://openalex.org/W3128257465,K. Remya Revi
Deakin University,,,02czsnj07,ror_id,high,false,resolved,https://openalex.org/W3045755384,Thanh Thi Nguyen
Chongqing University of Science and Technology,,,03n3v6d52,ror_id,high,false,resolved,https://openalex.org/W4406867188,Guorong Chen
University of Liverpool,,,04xs57h96,ror_id,high,false,resolved,https://openalex.org/W4413144523,Zhenglin Huang
Nanyang Technological University,,,02e7b5302,ror_id,high,false,resolved,https://openalex.org/W4413144523,Xiangtai Li
University of Warwick,,,01a77tt86,ror_id,high,false,resolved,https://openalex.org/W4413144523,Xingyu Zhao
"Chinese University of Hong Kong, Shenzhen",,,02d5ks197,ror_id,high,false,resolved,https://openalex.org/W4413144523,Baoyuan Wu
Sunway University,,,04mjt7f73,ror_id,high,false,resolved,https://openalex.org/W4413255768,Jefferson Ng
University of Aleppo,,,03mzvxz96,ror_id,high,false,resolved,https://openalex.org/W4413255768,Bayan Issa
Amrita Vishwa Vidyapeetham,,,03am10p12,ror_id,high,false,resolved,https://openalex.org/W4409586875,Talluri Harshitha
University of Cagliari,,,003109y17,ror_id,high,false,resolved,https://openalex.org/W4297477523,Giovanni Puglisi
Mercatorum University,,,03znjxt55,ror_id,high,false,resolved,https://openalex.org/W4297477523,Roberto Caldelli
"University of Nevada, Reno",,,01keh0577,ror_id,high,false,resolved,https://openalex.org/W4402716164,Ping Liu
Guangdong University of Technology,,,04azbjn80,ror_id,high,false,resolved,https://openalex.org/W4415428300,Zili Xu
Qilu University of Technology,,,04hyzq608,ror_id,high,false,resolved,https://openalex.org/W4415428300,Fuqiang Yu
University of Florence,,,04jr1s763,ror_id,high,false,resolved,https://openalex.org/W3010352349,Daniele Baracchi
Bowie State University,,,0567w8j84,ror_id,high,false,resolved,https://openalex.org/W4386214843,Galamo Monkam
University of Baltimore,,,024gw2733,ror_id,high,false,resolved,https://openalex.org/W4386214843,Weifeng Xu
Texas Tech University,,,0405mnx93,ror_id,high,false,resolved,https://openalex.org/W4411926716,Abhilash Reddy Gunukula
Louisiana State University of Alexandria,,,043z25g17,ror_id,high,false,resolved,https://openalex.org/W4411926716,Himel Das Gupta
Carnegie Institution for Science,,,04jr01610,ror_id,high,false,resolved,https://openalex.org/W4394891207,Alexander Moskowitz
Haemonetics (United States),,,02vxa5545,ror_id,high,false,resolved,https://openalex.org/W4394891207,Jacob Peterson
Florida International University,,,02gz6gg07,ror_id,high,false,resolved,https://openalex.org/W7125199518,Arpan Mahara
Nanchang University,,,042v6xz23,ror_id,high,false,resolved,https://openalex.org/W4408352289,Feng Ding
Jinan University,,,02xe5ns62,ror_id,high,false,resolved,https://openalex.org/W4401287425,Jiahan Chen
Yulin Normal University,,,00445hv47,ror_id,high,false,resolved,https://openalex.org/W4401287425,Hailiang Liao
Institute of Engineering,,,03ny67e60,ror_id,high,false,resolved,https://openalex.org/W4410120556,Abhishek Pratap Singh
Friedrich-Alexander-Universität Erlangen-Nürnberg,,,00f7hpc57,ror_id,high,false,resolved,https://openalex.org/W2912336782,Christian Rieß
Georgetown University,,,05vzafd60,ror_id,high,false,resolved,https://openalex.org/W4407129617,Maryam Yashtini
University of Rajshahi,,,05nnyr510,ror_id,high,false,resolved,https://openalex.org/W4415936841,Mohd Ruhul Ameen
City University of Hong Kong,,,03q8dnn23,ror_id,high,false,resolved,https://openalex.org/W4413146215,Nan Zhong
Fudan University,,,013q1eq08,ror_id,high,false,resolved,https://openalex.org/W4413146215,Yiran Xu
MIT University,,,00v140q16,ror_id,high,false,resolved,https://openalex.org/W4394571198,T.J. Thomson
RMIT University,,,04ttjf776,ror_id,high,false,resolved,https://openalex.org/W4394571198,T.J. Thomson
Washington State University,,,05dk0ce17,ror_id,high,false,resolved,https://openalex.org/W4394571198,Ryan J. Thomas
Queensland University of Technology,,,03pnv4752,ror_id,high,false,resolved,https://openalex.org/W4394571198,Phoebe Matich
New York University,,,0190ak572,ror_id,high,false,resolved,https://openalex.org/W4406443479,Nouar AlDahoul
Northeast Agricultural University,,,0515nd386,ror_id,high,false,resolved,https://openalex.org/W3135589907,Keke Zhang
Chitkara University,,,057d6z539,ror_id,high,false,resolved,https://openalex.org/W4400793389,Vinay Gautam
Sharda University,,,03b6ffh07,ror_id,high,false,resolved,https://openalex.org/W4400793389,Ambuj Kumar Agarwal
University of Newcastle Australia,,,00eae9z71,ror_id,high,false,resolved,https://openalex.org/W2766065312,Abdul Jabbar
Shenzhen Academy of Robotics,,,01h027j09,ror_id,high,false,resolved,https://openalex.org/W4284974950,Junhua Zhao
Guangxi Medical University,,,03dveyr97,ror_id,high,false,resolved,https://openalex.org/W4284974950,Weijin Fu
First Affiliated Hospital of GuangXi Medical University,,,030sc3x20,ror_id,high,false,resolved,https://openalex.org/W4284974950,Weijin Fu
University of Engineering and Technology Taxila,,,03v00ka07,ror_id,high,false,resolved,https://openalex.org/W4375955734,Rimsha Rafique
Chonnam National University,,,05kzjxq56,ror_id,high,false,resolved,https://openalex.org/W4375955734,Rahma Gantassi
Karnatak University,,,05ajnv358,ror_id,high,false,resolved,https://openalex.org/W4375955734,Rashid Amin
VSB - Technical University of Ostrava,,,05x8mcb75,ror_id,high,false,resolved,https://openalex.org/W4375955734,Jaroslav Frnda
University of Žilina,,,031wwwj55,ror_id,high,false,resolved,https://openalex.org/W4375955734,Jaroslav Frnda
Shaqra University,,,05hawb687,ror_id,high,false,resolved,https://openalex.org/W4375955734,Asma Hassan Alshehri
State University of New York,,,01q1z8k08,ror_id,high,false,resolved,https://openalex.org/W4386590781,Yan Ju
"University at Buffalo, State University of New York",,,01y64my43,ror_id,high,false,resolved,https://openalex.org/W4386590781,Yan Ju
National Institute of Standards and Technology,,,05xpvk416,ror_id,high,false,resolved,https://openalex.org/W4386590781,Haiying Guan
Majmaah University,,,01mcrnj60,ror_id,high,false,resolved,https://openalex.org/W4402013517,Sunil Kumar Sharma
King Saud University,,,02f81g417,ror_id,high,false,resolved,https://openalex.org/W4402013517,Osama Alfarraj
Military University Nueva Granada,,,05n0gsn30,ror_id,high,false,resolved,https://openalex.org/W3138230904,Yohanna Rodríguez-Ortega
Imperial College London,,,041kmwe10,ror_id,high,false,resolved,https://openalex.org/W2979433881,Stefanos Zafeiriou
Microsoft (United States),,,00d0nc645,ror_id,high,false,resolved,https://openalex.org/W4409262147,Rui Xu
Fujitsu (China),,,04w4yzw62,ror_id,high,false,resolved,https://openalex.org/W4394862914,Xiaojie Xia
Fujitsu (Japan),,,038e2g226,ror_id,high,false,resolved,https://openalex.org/W4394862914,Akira Nakagawa
Northeastern University,,,04t5xt781,ror_id,high,false,resolved,https://openalex.org/W4396832416,Maitraye Das
Stanford University,,,00f54p054,ror_id,high,false,resolved,https://openalex.org/W4401607051,Renée DiResta
Center for Security and Emerging Technology,,,045qf3j54,ror_id,high,false,resolved,https://openalex.org/W4401607051,Josh A. Goldstein
Shanghai Polytechnic University,,,02as5yg64,ror_id,high,false,resolved,https://openalex.org/W4413783451,Liwei Yao
Shanghai University,,,006teas31,ror_id,high,false,resolved,https://openalex.org/W4413783451,Guobing Zou
Shanghai University of Engineering Science,,,0557b9y08,ror_id,high,false,resolved,https://openalex.org/W4413783451,Guobing Zou
Korea Aerospace University,,,05jmm0651,ror_id,high,false,resolved,https://openalex.org/W7128674854,Nusrat Tasnim
University of Michigan–Flint,,,01c3xc117,ror_id,high,false,resolved,https://openalex.org/W7128674854,kutub Uddin
Duke University,,,00py81415,ror_id,high,false,resolved,https://openalex.org/W4388858443,Zhengyuan Jiang
University of Coimbra,,,04z8k9a98,ror_id,high,false,resolved,https://openalex.org/W4312518338,Tiago Tamagusko
University of Southern Denmark,,,03yrrjy16,ror_id,high,false,resolved,https://openalex.org/W4312518338,Minh Anh Huynh
Shandong Institute of Automation,,,00qdtba35,ror_id,high,false,resolved,https://openalex.org/W2903907439,Chao Gou
Qingdao Academy of Intelligent Industries,,,02a0rnh86,ror_id,high,false,resolved,https://openalex.org/W2903907439,Chao Gou
Rensselaer Polytechnic Institute,,,01rtyzb94,ror_id,high,false,resolved,https://openalex.org/W2903907439,Qiang Ji
Zhejiang University,,,00a2xv884,ror_id,high,false,resolved,https://openalex.org/W4313042219,Eryun Liu
Princess Nourah bint Abdulrahman University,,,05b0cyh02,ror_id,high,false,resolved,https://openalex.org/W4285791495,Myriam Hadjouni
CT Group Of Institutions,,,00m02ap37,ror_id,high,false,resolved,https://openalex.org/W4285791495,Rajesh Dey
GLA University,,,05fnxgv12,ror_id,high,false,resolved,https://openalex.org/W4387377174,Dilip Kumar Sharma
University of St. Thomas - Minnesota,,,05vfxvp80,ror_id,high,false,resolved,https://openalex.org/W4387377174,Bhuvanesh Singh
Gyeongguk National University,,,04wd10e19,ror_id,high,false,resolved,https://openalex.org/W4387377174,Saurabh Agarwal
University of Malta,,,03a62bv60,ror_id,high,false,resolved,https://openalex.org/W4387377174,Lalit Garg
Sejong University,,,00aft1q37,ror_id,high,false,resolved,https://openalex.org/W4387377174,Cheonshik Kim
University of Management and Technology,,,0095xcq10,ror_id,high,false,resolved,https://openalex.org/W4391110866,Muhammad Asad Arshed
Islamia University of Bahawalpur,,,002rc4w13,ror_id,high,false,resolved,https://openalex.org/W4391110866,Shahzad Mumtaz
Satya Wacana Christian University,,,009nnre75,ror_id,high,false,resolved,https://openalex.org/W4391110866,Christine Dewi
Lund University,,,012a77v79,ror_id,high,false,resolved,https://openalex.org/W4391110866,Saeed Ahmad
University College London,,,02jx3x895,ror_id,high,false,resolved,https://openalex.org/W4381851764,Sergi D. Bray
Tilburg University,,,04b8v1s79,ror_id,high,false,resolved,https://openalex.org/W4381851764,Bennett Kleinberg
Chaoyang University of Technology,,,04xwksx09,ror_id,high,false,resolved,https://openalex.org/W4412112598,Shin‐Hung Pan
Ronin Institute,,,04awze035,ror_id,high,true,authoritative_record_not_active,https://openalex.org/W4412112598,Akshat Gaurav
Dar Al-Hekma University,,,01g0jya04,ror_id,high,false,resolved,https://openalex.org/W4412112598,Saoucène Mahfoudh
King Abdulaziz University,,,02ma4wv74,ror_id,high,false,resolved,https://openalex.org/W4412112598,Wadee Alhalabi
Symbiosis International University,,,005r2ww51,ror_id,high,false,resolved,https://openalex.org/W4412112598,Ramakrishnan Raman
Asia University,,,038a1tp19,ror_id,high,false,resolved,https://openalex.org/W4412112598,Ching‐Hsien Hsu
Academy of Broadcasting Science,,,01z4nez64,ror_id,high,false,resolved,https://openalex.org/W4393217303,Qingtong Liu
National University of Ireland,,,00shsf120,ror_id,high,false,resolved,https://openalex.org/W4214857236,Peter Corcoran
Computer Research Institute of Montréal,,,0279d5115,ror_id,high,false,resolved,https://openalex.org/W4404943058,Rajjeshwar Ganguly
Sant Gadge Baba Amravati University,,,05s8p6g93,ror_id,high,false,resolved,https://openalex.org/W4409047068,Ambika Jaiswal
Saraswati Dental College and Hospital,,,02r2tq059,ror_id,high,false,resolved,https://openalex.org/W4409047068,Akash Prakash Kharat
Rashtrasant Tukadoji Maharaj Nagpur University,,,04esgv207,ror_id,high,false,resolved,https://openalex.org/W4409047068,Suhashini Awadhesh Chaurasia
Raisoni Group of Institutions,,,03dp11s58,ror_id,high,false,resolved,https://openalex.org/W4318559723,Gopal Sarkarkar
Shivaji University,,,01bsn4x02,ror_id,high,false,resolved,https://openalex.org/W4318559723,Shilpa Gedam
Beijing University of Posts and Telecommunications,,,04w9fbh59,ror_id,high,false,resolved,https://openalex.org/W4360766590,Dazhuang Liu
Samsung SDS (South Korea),,,0476bn305,ror_id,high,false,resolved,https://openalex.org/W4221149434,Yonghyun Jeong
Korea University,,,047dqcg40,ror_id,high,false,resolved,https://openalex.org/W4221149434,Youngmin Ro
Ain Shams University,,,00cb9w016,ror_id,high,false,resolved,https://openalex.org/W3172046373,Hady A. Khalil
University of Engineering & Management,,,02decng19,ror_id,high,false,resolved,https://openalex.org/W4410026772,Gouri Morankar
Canadian International College,,,03374t109,ror_id,high,false,resolved,https://openalex.org/W4407768917,Omar Khasro Akram
Al-Azhar University,,,05fnp1145,ror_id,high,false,resolved,https://openalex.org/W4407768917,Mariam M. Abdellatif
Scientific Research Group in Egypt,,,03rahtg67,ror_id,high,false,resolved,https://openalex.org/W4407768917,Sara Abdelghafar
Tianjin University,,,012tb2g32,ror_id,high,false,resolved,https://openalex.org/W3173631964,Jiachen Yang
Jacksonville University,,,050rkhq40,ror_id,high,false,resolved,https://openalex.org/W3173631964,Huihui Wang
University of Vienna,,,03prydq77,ror_id,high,false,resolved,https://openalex.org/W4384297285,Theresa Rahel Demmer
Humboldt-Universität zu Berlin,,,01hcx6992,ror_id,high,false,resolved,https://openalex.org/W4384297285,Joerg Fingerhut
