audit_candidate,title,resolved_paper_id,resolved_authoritative_identity,doi,arxiv_id,openalex_id,category,audit_evidence_reference,decisive_audit_evidence,identity_basis,pre_migration_exclusion_state,migration_action,final_exclusion_id,final_is_active,public_suppression_status,map_suppression_status,restoration_receipt_status,remaining_issue
curated:3ea88dc6c3224d22d416,IoT-Oriented Security for Small Sensor Systems Using DnCNN Denoising and Multimodal Feature Fusion for Image Forgery Detection,curated:3ea88dc6c3224d22d416,curated:3ea88dc6c3224d22d416,10.3390/s26041172,,W7128586659,classical_manipulation,legacy_scope_cleanup_audit_2026_09:curated:3ea88dc6c3224d22d416 | https://pmc.ncbi.nlm.nih.gov/articles/PMC12944014/,"Sections 3.1 and 6.1 and Table 2 evaluate CASIA 2.0 for conventional splicing, copy-move, and compositing detection/localization; Section 6.2 identifies GenImage and diffusion-era evaluation only as future work.",paper_id,NO_EXISTING_EXCLUSION,NEW_ACTIVE_EXCLUSION,exclusion-ea456e71491f58989c0e28f44cbf2729,true,VERIFIED_ABSENT,VERIFIED_ABSENT,RECORDED,
doi:10.3390/jimaging7030059,Copy-Move Forgery Detection (CMFD) Using Deep Learning for Image and Video Forensics,,doi:10.3390/jimaging7030059,10.3390/jimaging7030059,,W3138230904,classical_manipulation,legacy_scope_cleanup_audit_2026_09:doi:10.3390/jimaging7030059 | https://pmc.ncbi.nlm.nih.gov/articles/PMC8321314/,Section 3 and Tables 3-5 evaluate eight open-access classical copy-move datasets; Sections 4.1 and 6 define and assess only copy-move forgery detection.,doi,NO_EXISTING_EXCLUSION,NEW_ACTIVE_EXCLUSION,exclusion-7ac02b43ccbf5872a7a3ae0d893b1069,true,VERIFIED_ABSENT,VERIFIED_ABSENT,RECORDED,
curated:074bb9a77ee85d50090c,Aperture: A Patch-Aware Framework for Joint Forgery Detection and Localization,curated:074bb9a77ee85d50090c,curated:074bb9a77ee85d50090c,10.1007/s44336-025-00027-8,,W4417449415,pure_deepfake,legacy_scope_cleanup_audit_2026_09:curated:074bb9a77ee85d50090c | https://link.springer.com/article/10.1007/s44336-025-00027-8,"Training/localization use the DDL collection of roughly 1.5 million single-face and multi-face tampering images across 61 facial-manipulation techniques; detection tests use face-deepfake benchmarks such as FaceForensics++, Celeb-DF, and DeeperForensics.",paper_id,NO_EXISTING_EXCLUSION,NEW_ACTIVE_EXCLUSION,exclusion-6c53124e1f7954c09d1aa54937083a22,true,VERIFIED_ABSENT,VERIFIED_ABSENT,RECORDED,
curated:4b5ef3aeb56177a90939,On Attribution of Deepfakes,curated:4b5ef3aeb56177a90939,curated:4b5ef3aeb56177a90939,10.48550/arxiv.2008.09194,2008.09194,W3134567460,pure_deepfake,legacy_scope_cleanup_audit_2026_09:curated:4b5ef3aeb56177a90939 | https://arxiv.org/abs/2008.09194,"The attribution experiment uses 6,000 centered 1024x1024 human-face images, 2,000 each from ProgressiveGAN, StyleGAN, and StyleGAN2, and performs seed/source reconstruction and attribution.",paper_id,NO_EXISTING_EXCLUSION,NEW_ACTIVE_EXCLUSION,exclusion-084918571d5753c09ce1b0f9a317ba17,true,VERIFIED_ABSENT,VERIFIED_ABSENT,RECORDED,
curated:6a0913decc4e81abddb3,Diffusion Models as a Representation Learner for Deepfake Image Detection,curated:6a0913decc4e81abddb3,curated:6a0913decc4e81abddb3,10.1007/978-3-031-78305-0_15,,W4404943058,pure_deepfake,legacy_scope_cleanup_audit_2026_09:curated:6a0913decc4e81abddb3 | https://link.springer.com/chapter/10.1007/978-3-031-78305-0_15,"The primary proceedings experiment reports classification on FaceForensics++ using DDIM reconstructions, latent inversion, and high-frequency features.",paper_id,NO_EXISTING_EXCLUSION,NEW_ACTIVE_EXCLUSION,exclusion-227d9a482ee8519b9de38b0399e019b2,true,VERIFIED_ABSENT,VERIFIED_ABSENT,RECORDED,
curated:80e6fc4ce64c001a2b3d,An Improved Dense CNN Architecture for Deepfake Image Detection,curated:80e6fc4ce64c001a2b3d,curated:80e6fc4ce64c001a2b3d,10.1109/access.2023.3251417,,W4323022407,pure_deepfake,legacy_scope_cleanup_audit_2026_09:curated:80e6fc4ce64c001a2b3d | https://digitalknowledge.cput.ac.za/bitstream/11189/9712/1/Improved_Dense_CNN_Architecture.pdf,"The full paper uses real CelebA/FFHQ faces and fake faces from GDWCT, AttGAN, StarGAN, StyleGAN, and StyleGAN2; external testing extracts/crops faces from Celeb-DF video.",paper_id,NO_EXISTING_EXCLUSION,NEW_ACTIVE_EXCLUSION,exclusion-8853fc167d28586ca8ea8fad0d270fa3,true,VERIFIED_ABSENT,VERIFIED_ABSENT,RECORDED,
curated:8227355571a6d402e4f8,SpectraGuard: Provably-Private Deepfake Detection with Learnable Frequency-Domain Differential Privacy,curated:8227355571a6d402e4f8,curated:8227355571a6d402e4f8,10.1109/tcsvt.2026.3724270,,W7203624959,pure_deepfake,legacy_scope_cleanup_audit_2026_09:curated:8227355571a6d402e4f8 | https://doi.org/10.1109/tcsvt.2026.3724270,"Detection/privacy experiments use FaceForensics++ and Celeb-DF, including reconstruction attacks against protected facial inputs.",paper_id,NO_EXISTING_EXCLUSION,NEW_ACTIVE_EXCLUSION,exclusion-2c63b2b5efce54158b98812cd590b4b1,true,VERIFIED_ABSENT,VERIFIED_ABSENT,RECORDED,
curated:988373de555945528142,"Comparative Analysis of Deepfake Image Detection Method Using VGG16, VGG19 and ResNet50",curated:988373de555945528142,curated:988373de555945528142,10.37934/araset.47.1.1628,,W4399978626,pure_deepfake,legacy_scope_cleanup_audit_2026_09:curated:988373de555945528142 | https://doi.org/10.37934/araset.47.1.1628,"The study classifies 1,200 images, split between 600 real images and 600 FaceApp-manipulated face images, using VGG16, VGG19, and ResNet50.",paper_id,NO_EXISTING_EXCLUSION,NEW_ACTIVE_EXCLUSION,exclusion-ef468975cb5557ad84248cd68086f317,true,VERIFIED_ABSENT,VERIFIED_ABSENT,RECORDED,
curated:a0c532923fe10a4ee7c0,Enhancing Deepfake Detection with Diversified Self-Blending Images and Residuals,curated:a0c532923fe10a4ee7c0,curated:a0c532923fe10a4ee7c0,10.1109/access.2024.3382196,,W4393217303,pure_deepfake,legacy_scope_cleanup_audit_2026_09:curated:a0c532923fe10a4ee7c0 | https://doi.org/10.1109/access.2024.3382196,"Training uses diversified self-blended facial images; cross-dataset tests train on FaceForensics++ and evaluate FaceForensics++ HQ/LQ, Celeb-DF, and WildDeepfake.",paper_id,NO_EXISTING_EXCLUSION,NEW_ACTIVE_EXCLUSION,exclusion-f4ae1ceb5cdb5d9aa944500f84a8b6ce,true,VERIFIED_ABSENT,VERIFIED_ABSENT,RECORDED,
curated:bbe4e9e8c5b41e467a76,The Face Deepfake Detection Challenge,curated:bbe4e9e8c5b41e467a76,curated:bbe4e9e8c5b41e467a76,10.3390/jimaging8100263,,W4297477523,pure_deepfake,legacy_scope_cleanup_audit_2026_09:curated:bbe4e9e8c5b41e467a76 | https://www.mdpi.com/2313-433X/8/10/263,"Challenge tasks are face-deepfake detection and source-face reconstruction. Real data come from CelebA and FFHQ; fake faces come from StarGAN, StarGAN-v2, StyleGAN, StyleGAN2, AttGAN, and GDWCT, with additional face crops from DFDC/FaceForensics++ in participant development.",paper_id,NO_EXISTING_EXCLUSION,NEW_ACTIVE_EXCLUSION,exclusion-801775d4ea7f5121b3cd3f2d31a7625b,true,VERIFIED_ABSENT,VERIFIED_ABSENT,RECORDED,
curated:c071c25bc2957d78569b,Deep Learning for Deepfakes Creation and Detection: A Survey,curated:c071c25bc2957d78569b,curated:c071c25bc2957d78569b,10.1016/j.cviu.2022.103525,1909.11573,W3045755384,pure_deepfake,legacy_scope_cleanup_audit_2026_09:curated:c071c25bc2957d78569b | https://arxiv.org/abs/1909.11573,"The survey organizes image and video deepfake creation/detection around face synthesis, identity replacement, reenactment, facial attributes/artifacts, and face/video benchmarks such as FaceForensics++, Celeb-DF, DFDC, UADFV, and DeepfakeTIMIT.",paper_id,NO_EXISTING_EXCLUSION,NEW_ACTIVE_EXCLUSION,exclusion-6b0f2730deba5bdc971c66c8113375ed,true,VERIFIED_ABSENT,VERIFIED_ABSENT,RECORDED,
curated:cd18fc45f8a86a30aaf6,Complement Face Forensic Detection and Localization with FacialLandmarks,curated:cd18fc45f8a86a30aaf6,curated:cd18fc45f8a86a30aaf6,10.48550/arxiv.1910.05455,1910.05455,W2979433881,pure_deepfake,legacy_scope_cleanup_audit_2026_09:curated:cd18fc45f8a86a30aaf6 | https://arxiv.org/abs/1910.05455,"The proposed 1.3-million-image dataset uses CelebA/FFHQ real faces, DCGAN/LSGAN/BEGAN/WGAN-GP/ProGAN/StyleGAN generated faces, and StarGAN/SEFCGAN edited faces; external tests use FaceForensics++.",paper_id,NO_EXISTING_EXCLUSION,NEW_ACTIVE_EXCLUSION,exclusion-05c3b5617df45ad5a3d2de336d77d548,true,VERIFIED_ABSENT,VERIFIED_ABSENT,RECORDED,
curated:ce21a7aa219b08d1b81a,Beyond Backbones: Degradation-Aware Prototype Fusion for Robust Deepfake Detection,curated:ce21a7aa219b08d1b81a,curated:ce21a7aa219b08d1b81a,,,,pure_deepfake,legacy_scope_cleanup_audit_2026_09:curated:ce21a7aa219b08d1b81a | https://openaccess.thecvf.com/content/CVPR2026W/NTIRE/papers/Negi_Beyond_Backbones_Degradation-Aware_Prototype_Fusion_for_Robust_Deepfake_Detection_CVPRW_2026_paper.pdf,"The method is trained/evaluated on the NTIRE 2026 Robust Deepfake Detection face-forgery benchmark, with 26 image degradations and AUC as the principal metric.",paper_id,NO_EXISTING_EXCLUSION,NEW_ACTIVE_EXCLUSION,exclusion-a7e2ece9551a54d7891fbd44c2afbf93,true,VERIFIED_ABSENT,VERIFIED_ABSENT,RECORDED,
curated:fc87c72c7e8c831652ea,LADLE-MM: Limited Annotation Based Detector with Learned Ensembles for Multimodal Misinformation,curated:fc87c72c7e8c831652ea,curated:fc87c72c7e8c831652ea,,2512.20257,W7117248393,pure_deepfake,legacy_scope_cleanup_audit_2026_09:curated:fc87c72c7e8c831652ea | https://arxiv.org/abs/2512.20257,DGM4 binary/multi-label experiments classify pristine/tampered image-text pairs with visual labels Face Swap and Face Attribute plus Text Swap and Text Attribute; VERITE tests open-set multimodal misinformation/out-of-context consistency rather than synthetic-image authenticity.,paper_id,CONFLICTING_EXCLUSION_IDENTITY,MIGRATION_CONFLICT_BLOCKED,,false,NOT_SUPPRESSED_BLOCKED,NOT_SUPPRESSED_BLOCKED,NOT_REQUIRED_BLOCKED,"exact normalized title/year collides with exclusion exclusion-b4edceac7e584ae58b7bda18b45b7bc1, but strong identifiers disagree"
doi:10.1002/widm.1520,Deepfake detection using deep learning methods: A systematic and comprehensive review,,doi:10.1002/widm.1520,10.1002/widm.1520,,W4388851105,pure_deepfake,legacy_scope_cleanup_audit_2026_09:doi:10.1002/widm.1520 | https://wires.onlinelibrary.wiley.com/doi/10.1002/widm.1520,"The systematic review categorizes deepfake detection into image, video, audio, and hybrid media, with its visual evidence centered on facial synthesis/manipulation, face replacement/reenactment, and established face/video deepfake datasets; it reports that video dominates the included literature.",doi,NO_EXISTING_EXCLUSION,NEW_ACTIVE_EXCLUSION,exclusion-2635537f04a351389c18484ffe66feea,true,VERIFIED_ABSENT,VERIFIED_ABSENT,RECORDED,
doi:10.1016/j.future.2021.06.043,Detecting fake images by identifying potential texture difference,,doi:10.1016/j.future.2021.06.043,10.1016/j.future.2021.06.043,,W3173631964,pure_deepfake,legacy_scope_cleanup_audit_2026_09:doi:10.1016/j.future.2021.06.043 | https://www.sciencedirect.com/science/article/pii/S0167739X21002387,The primary paper defines Deepfake as face manipulation/replacement and evaluates ResNet18 classification after saliency-guided texture enhancement on real and fake face images.,doi,NO_EXISTING_EXCLUSION,NEW_ACTIVE_EXCLUSION,exclusion-27700ca45d285fedb9419d46677afbdb,true,VERIFIED_ABSENT,VERIFIED_ABSENT,RECORDED,
doi:10.1016/j.heliyon.2024.e37163,Detection of real-time deep fakes and face forgery in video conferencing employing generative adversarial networks,,doi:10.1016/j.heliyon.2024.e37163,10.1016/j.heliyon.2024.e37163,,W4402013517,pure_deepfake,legacy_scope_cleanup_audit_2026_09:doi:10.1016/j.heliyon.2024.e37163 | https://pmc.ncbi.nlm.nih.gov/articles/PMC11407936/,The full open primary article trains on CelebA-HQ faces and FaceForensics++ video frames for real-time video-conferencing face-forgery detection.,doi,NO_EXISTING_EXCLUSION,NEW_ACTIVE_EXCLUSION,exclusion-7b4be4e6e3cc50c48a8482750103e431,true,VERIFIED_ABSENT,VERIFIED_ABSENT,RECORDED,
doi:10.1016/j.patrec.2024.03.025,A Guided-Based Approach for Deepfake Detection: RGB-Depth Integration via Features Fusion,,doi:10.1016/j.patrec.2024.03.025,10.1016/j.patrec.2024.03.025,,W4393375171,pure_deepfake,legacy_scope_cleanup_audit_2026_09:doi:10.1016/j.patrec.2024.03.025 | https://iris.uniroma1.it/retrieve/5690f691-9dd1-40bc-855e-01d0b3edbf04/Leporoni_A-guided-based_2024.pdf,"The full primary paper crops subject faces and evaluates on FaceForensics++ videos covering DeepFakes, Face2Face, FaceSwap, and NeuralTextures facial manipulations, including adversarial-robustness tests.",doi,NO_EXISTING_EXCLUSION,NEW_ACTIVE_EXCLUSION,exclusion-88d7ee1dac3c5af4ba1dbdc873bd9f2d,true,VERIFIED_ABSENT,VERIFIED_ABSENT,RECORDED,
doi:10.1016/j.procs.2023.01.237,Revealing and Classification of Deepfakes Video's Images using a Customize Convolution Neural Network Model,,doi:10.1016/j.procs.2023.01.237,10.1016/j.procs.2023.01.237,,W4318559723,pure_deepfake,legacy_scope_cleanup_audit_2026_09:doi:10.1016/j.procs.2023.01.237 | https://doi.org/10.1016/j.procs.2023.01.237,"Kaggle deepfake-video frames; the workflow extracts faces, preprocesses face crops, and compares a custom CNN with CNN/MLP-CNN classifiers.",doi,NO_EXISTING_EXCLUSION,NEW_ACTIVE_EXCLUSION,exclusion-194ecc71b77450369a0b6d9857b00b80,true,VERIFIED_ABSENT,VERIFIED_ABSENT,RECORDED,
doi:10.1016/j.procs.2025.04.313,DeepGuardNet: A Novel CNN Architecture for DeepFake Image Detection,,doi:10.1016/j.procs.2025.04.313,10.1016/j.procs.2025.04.313,,W4410253117,pure_deepfake,legacy_scope_cleanup_audit_2026_09:doi:10.1016/j.procs.2025.04.313 | https://doi.org/10.1016/j.procs.2025.04.313,Celeb-DF is the reported experimental dataset; DeepGuardNet is evaluated as a real-versus-deepfake face classifier.,doi,NO_EXISTING_EXCLUSION,NEW_ACTIVE_EXCLUSION,exclusion-e4668477bd275654ba13c93f3d7ff50d,true,VERIFIED_ABSENT,VERIFIED_ABSENT,RECORDED,
doi:10.1038/s41598-023-34629-3,Deep fake detection and classification using error-level analysis and deep learning,,doi:10.1038/s41598-023-34629-3,10.1038/s41598-023-34629-3,,W4375955734,pure_deepfake,legacy_scope_cleanup_audit_2026_09:doi:10.1038/s41598-023-34629-3 | https://doi.org/10.1038/s41598-023-34629-3,The primary experiment uses the Yonsei real/fake human-face image collection; ELA-derived images feed CNN feature extractors and SVM/KNN classifiers.,doi,NO_EXISTING_EXCLUSION,NEW_ACTIVE_EXCLUSION,exclusion-bf1199c148f256298fc2b6e6fa252263,true,VERIFIED_ABSENT,VERIFIED_ABSENT,RECORDED,
doi:10.1093/cybsec/tyad011,Testing human ability to detect ‘deepfake’ images of human faces,,doi:10.1093/cybsec/tyad011,10.1093/cybsec/tyad011,2212.05056,W4381851764,pure_deepfake,legacy_scope_cleanup_audit_2026_09:doi:10.1093/cybsec/tyad011 | https://doi.org/10.1093/cybsec/tyad011,"The human-subject study uses 50 StyleGAN2/FFHQ-generated human faces and 50 real FFHQ faces, sampling 20 images per participant.",doi,NO_EXISTING_EXCLUSION,NEW_ACTIVE_EXCLUSION,exclusion-2e0d3010993c56af8f1f134492c69e8f,true,VERIFIED_ABSENT,VERIFIED_ABSENT,RECORDED,
doi:10.1109/blackseacom61746.2024.10646310,Deepfake Image Detection Using Vision Transformer Models,,doi:10.1109/blackseacom61746.2024.10646310,10.1109/blackseacom61746.2024.10646310,,W4402130168,pure_deepfake,legacy_scope_cleanup_audit_2026_09:doi:10.1109/blackseacom61746.2024.10646310 | https://doi.org/10.1109/blackseacom61746.2024.10646310,"A 40,000-image Kaggle real/deepfake collection is used to train and test the Vision Transformer; the reviewed dataset is a face-deepfake image collection.",doi,NO_EXISTING_EXCLUSION,NEW_ACTIVE_EXCLUSION,exclusion-c082409b8d2652758c8c4b3f20778019,true,VERIFIED_ABSENT,VERIFIED_ABSENT,RECORDED,
doi:10.1109/cait56099.2022.10072275,MaskGAN: A Facial Fusion Algorithm for Deepfake Image Detection,,doi:10.1109/cait56099.2022.10072275,10.1109/cait56099.2022.10072275,,W4360766590,pure_deepfake,legacy_scope_cleanup_audit_2026_09:doi:10.1109/cait56099.2022.10072275 | https://doi.org/10.1109/cait56099.2022.10072275,MaskGAN generates face-swapping images with fusion masks; those face swaps train an improved DeepLabV3+ detector for known and unknown face-tampering methods.,doi,NO_EXISTING_EXCLUSION,NEW_ACTIVE_EXCLUSION,exclusion-6d38ec2572265eb49102c895b7749d2a,true,VERIFIED_ABSENT,VERIFIED_ABSENT,RECORDED,
doi:10.1109/cvpr42600.2020.00505,Face X-Ray for More General Face Forgery Detection,,doi:10.1109/cvpr42600.2020.00505,10.1109/cvpr42600.2020.00505,1912.13458,W3034196597,pure_deepfake,legacy_scope_cleanup_audit_2026_09:doi:10.1109/cvpr42600.2020.00505 | https://openaccess.thecvf.com/content_CVPR_2020/html/Li_Face_X-Ray_for_More_General_Face_Forgery_Detection_CVPR_2020_paper.html,Face X-Ray is evaluated on face-forgery benchmarks and unseen facial manipulation methods; its target is the blending boundary created when an altered face is composited into a face image.,doi,NO_EXISTING_EXCLUSION,NEW_ACTIVE_EXCLUSION,exclusion-180a502c420d58529bf33632c99e2cc8,true,VERIFIED_ABSENT,VERIFIED_ABSENT,RECORDED,
doi:10.1109/hora55278.2022.9799858,Analysis Survey on Deepfake detection and Recognition with Convolutional Neural Networks,,doi:10.1109/hora55278.2022.9799858,10.1109/hora55278.2022.9799858,,W4283712107,pure_deepfake,legacy_scope_cleanup_audit_2026_09:doi:10.1109/hora55278.2022.9799858 | https://doi.org/10.1109/hora55278.2022.9799858,"The primary survey reviews CNN-based image/video deepfake generation and detection methods, with its technical scope organized around facial/identity deepfakes rather than general AIGI benchmarks.",doi,NO_EXISTING_EXCLUSION,NEW_ACTIVE_EXCLUSION,exclusion-3935564de0745e4e9ba574c9f31b2ffe,true,VERIFIED_ABSENT,VERIFIED_ABSENT,RECORDED,
doi:10.1109/idicaiei61867.2024.10842840,CNN-LSTM Model for Deepfake Image Detection,,doi:10.1109/idicaiei61867.2024.10842840,10.1109/idicaiei61867.2024.10842840,,W4406611495,pure_deepfake,legacy_scope_cleanup_audit_2026_09:doi:10.1109/idicaiei61867.2024.10842840 | https://doi.org/10.1109/idicaiei61867.2024.10842840,The primary evaluation uses FaceForensics++ and Celeb-DF video frames; the CNN extracts spatial face features and the LSTM models temporal/frame context.,doi,NO_EXISTING_EXCLUSION,NEW_ACTIVE_EXCLUSION,exclusion-0df58eddc18c5fd984ce15d665036e23,true,VERIFIED_ABSENT,VERIFIED_ABSENT,RECORDED,
doi:10.1109/iitcee59897.2024.10467257,GAN Generated Fake Human Face Image Detection,,doi:10.1109/iitcee59897.2024.10467257,10.1109/iitcee59897.2024.10467257,,W4392981221,pure_deepfake,legacy_scope_cleanup_audit_2026_09:doi:10.1109/iitcee59897.2024.10467257 | https://doi.org/10.1109/iitcee59897.2024.10467257,The experiment detects StyleGAN3-generated fake human faces against real human-face images and reports binary face-image accuracy.,doi,EXISTING_INACTIVE_EXCLUSION,REACTIVATED_EXCLUSION,exclusion-b4c81bf833c64b808efdec040224d1f4,true,VERIFIED_ABSENT,VERIFIED_ABSENT,RECORDED,
doi:10.1109/ocit53463.2021.00039,Detection of Deep-Morphed Deepfake Images to Make Robust Automatic Facial Recognition Systems,,doi:10.1109/ocit53463.2021.00039,10.1109/ocit53463.2021.00039,,W4214857236,pure_deepfake,legacy_scope_cleanup_audit_2026_09:doi:10.1109/ocit53463.2021.00039 | https://doi.org/10.1109/ocit53463.2021.00039,DeepfakeTIMIT-HQ is the reported benchmark for detecting deep-morphed attacks against automatic facial-recognition systems.,doi,NO_EXISTING_EXCLUSION,NEW_ACTIVE_EXCLUSION,exclusion-a79682af30495381a1ec770e10e7dbc6,true,VERIFIED_ABSENT,VERIFIED_ABSENT,RECORDED,
doi:10.1109/punecon63413.2024.10895706,Deepfake Image Detection Using Yolov8,,doi:10.1109/punecon63413.2024.10895706,10.1109/punecon63413.2024.10895706,,W4408018363,pure_deepfake,legacy_scope_cleanup_audit_2026_09:doi:10.1109/punecon63413.2024.10895706 | https://doi.org/10.1109/punecon63413.2024.10895706,"The primary study evaluates YOLOv8, CNN, CNN-LSTM, and ResNet on a 190,402-image real/fake human-face collection.",doi,NO_EXISTING_EXCLUSION,NEW_ACTIVE_EXCLUSION,exclusion-863fc138d24c52828f5e11374e435122,true,VERIFIED_ABSENT,VERIFIED_ABSENT,RECORDED,
doi:10.1109/tpami.2021.3093446,DeepFake Detection Based on Discrepancies Between Faces and Their Context,,doi:10.1109/tpami.2021.3093446,10.1109/tpami.2021.3093446,,W3173581984,pure_deepfake,legacy_scope_cleanup_audit_2026_09:doi:10.1109/tpami.2021.3093446 | https://doi.org/10.1109/tpami.2021.3093446,FaceForensics++ and Celeb-DF-v2 are the principal benchmarks for detecting face swaps and identity manipulation from discrepancies between a face and its hair/ears/neck context.,doi,NO_EXISTING_EXCLUSION,NEW_ACTIVE_EXCLUSION,exclusion-97fae1b81f0b51dbb5f91cb3c191fb5a,true,VERIFIED_ABSENT,VERIFIED_ABSENT,RECORDED,
doi:10.1109/wifs49906.2020.9360905,CNN Detection of GAN-Generated Face Images based on Cross-Band Co-occurrences Analysis,,doi:10.1109/wifs49906.2020.9360905,10.1109/wifs49906.2020.9360905,2007.12909,W3044151627,pure_deepfake,legacy_scope_cleanup_audit_2026_09:doi:10.1109/wifs49906.2020.9360905 | https://doi.org/10.1109/wifs49906.2020.9360905,"The primary experiments distinguish GAN-generated from natural face images using spatial and cross-band co-occurrence features and test robustness to geometric, filtering, and contrast post-processing.",doi,NO_EXISTING_EXCLUSION,NEW_ACTIVE_EXCLUSION,exclusion-aea7623d16c95594a12cf879d1cbc774,true,VERIFIED_ABSENT,VERIFIED_ABSENT,RECORDED,
doi:10.1145/3512732.3533582,Cross-Forgery Analysis of Vision Transformers and CNNs for Deepfake Image Detection,,doi:10.1145/3512732.3533582,10.1145/3512732.3533582,2206.13829,W4283452332,pure_deepfake,legacy_scope_cleanup_audit_2026_09:doi:10.1145/3512732.3533582 | https://doi.org/10.1145/3512732.3533582,Cross-forgery experiments use ForgeryNet and compare a Vision Transformer with EfficientNetV2 across face-forgery methods.,doi,NO_EXISTING_EXCLUSION,NEW_ACTIVE_EXCLUSION,exclusion-eeeef1e830b95066bcdcb2a9f57b11e8,true,VERIFIED_ABSENT,VERIFIED_ABSENT,RECORDED,
doi:10.17798/bitlisfen.1610300,Deepfake Image Detection with Transfer Learning Models,,doi:10.17798/bitlisfen.1610300,10.17798/bitlisfen.1610300,,W4408853348,pure_deepfake,legacy_scope_cleanup_audit_2026_09:doi:10.17798/bitlisfen.1610300 | https://doi.org/10.17798/bitlisfen.1610300,"The primary study evaluates seven transfer-learning backbones on a 190,000-image public real/fake human-face dataset.",doi,NO_EXISTING_EXCLUSION,NEW_ACTIVE_EXCLUSION,exclusion-d9cb126d981158088834ad44c21b0ebf,true,VERIFIED_ABSENT,VERIFIED_ABSENT,RECORDED,
doi:10.22266/ijies2023.0630.07,DeepFake Detection Improvement for Images Based on a Proposed Method for Local Binary Pattern of the Multiple-Channel Color Space,,doi:10.22266/ijies2023.0630.07,10.22266/ijies2023.0630.07,,W4367554082,pure_deepfake,legacy_scope_cleanup_audit_2026_09:doi:10.22266/ijies2023.0630.07 | https://doi.org/10.22266/ijies2023.0630.07,The primary experiment uses FFHQ/face-deepfake imagery and evaluates the IR-CLBP-MC color-space representation for still-image deepfake detection.,doi,NO_EXISTING_EXCLUSION,NEW_ACTIVE_EXCLUSION,exclusion-b1529b32d0db5dda9f915a1e9286461b,true,VERIFIED_ABSENT,VERIFIED_ABSENT,RECORDED,
doi:10.23919/ccc50068.2020.9189596,DeepFake Face Image Detection based on Improved VGG Convolutional Neural Network,,doi:10.23919/ccc50068.2020.9189596,10.23919/ccc50068.2020.9189596,,W3084142230,pure_deepfake,legacy_scope_cleanup_audit_2026_09:doi:10.23919/ccc50068.2020.9189596 | https://doi.org/10.23919/ccc50068.2020.9189596,Celeb-DF is the reported experimental dataset; NA-VGG uses SRM noise filtering and augmentation to classify forged face images.,doi,NO_EXISTING_EXCLUSION,NEW_ACTIVE_EXCLUSION,exclusion-9879d41ce4115af9abf0b38bba16fde3,true,VERIFIED_ABSENT,VERIFIED_ABSENT,RECORDED,
doi:10.32604/cmc.2025.063141,SMNDNet for Multiple Types of Deepfake Image Detection,,doi:10.32604/cmc.2025.063141,10.32604/cmc.2025.063141,,W4408874542,pure_deepfake,legacy_scope_cleanup_audit_2026_09:doi:10.32604/cmc.2025.063141 | https://doi.org/10.32604/cmc.2025.063141,"The primary taxonomy and experiments cover entire-face synthesis, identity-swap face forgery, expression-swap face forgery, and attribute-manipulated face forgery (EFSF, ISFF, ESFF, and AMFF).",doi,NO_EXISTING_EXCLUSION,NEW_ACTIVE_EXCLUSION,exclusion-8e826d4cfd9f5a9fbc70fd6412c97b7d,true,VERIFIED_ABSENT,VERIFIED_ABSENT,RECORDED,
doi:10.32604/iasc.2023.029653,Detecting Deepfake Images Using Deep Learning Techniques and Explainable AI Methods,,doi:10.32604/iasc.2023.029653,10.32604/iasc.2023.029653,,W4285791495,pure_deepfake,legacy_scope_cleanup_audit_2026_09:doi:10.32604/iasc.2023.029653 | https://doi.org/10.32604/iasc.2023.029653,The primary contribution applies deep classifiers and XAI explanations to deepfake face images; the reviewed task definition is replacement of one person's likeness in pictures/video.,doi,NO_EXISTING_EXCLUSION,NEW_ACTIVE_EXCLUSION,exclusion-47852c1cb3855105b48cc9752c1e5728,true,VERIFIED_ABSENT,VERIFIED_ABSENT,RECORDED,
doi:10.3389/frsip.2022.918725,An Eyes-Based Siamese Neural Network for the Detection of GAN-Generated Face Images,,doi:10.3389/frsip.2022.918725,10.3389/frsip.2022.918725,,W4284895444,pure_deepfake,legacy_scope_cleanup_audit_2026_09:doi:10.3389/frsip.2022.918725 | https://www.frontiersin.org/journals/signal-processing/articles/10.3389/frsip.2022.918725/full,"Primary experiments compare real and GAN-generated faces under matched/unmatched generator conditions and post-processing, using inter-eye pairs as the forensic signal.",doi,NO_EXISTING_EXCLUSION,NEW_ACTIVE_EXCLUSION,exclusion-5e1c14975145569c8a10036276aa86b1,true,VERIFIED_ABSENT,VERIFIED_ABSENT,RECORDED,
doi:10.3390/app12199820,A Novel Deep Learning Approach for Deepfake Image Detection,,doi:10.3390/app12199820,10.3390/app12199820,,W4297988790,pure_deepfake,legacy_scope_cleanup_audit_2026_09:doi:10.3390/app12199820 | https://www.mdpi.com/2076-3417/12/19/9820,"The reported dataset contains real and fake faces; the proposed VGG16/CNN Deepfake Predictor is compared with Xception, NASNet, MobileNet, and VGG16 transfer models.",doi,NO_EXISTING_EXCLUSION,NEW_ACTIVE_EXCLUSION,exclusion-b47752e1f396525cbb1216439758bc23,true,VERIFIED_ABSENT,VERIFIED_ABSENT,RECORDED,
doi:10.3390/computers13010031,Multiclass AI-Generated Deepfake Face Detection Using Patch-Wise Deep Learning Model,,doi:10.3390/computers13010031,10.3390/computers13010031,,W4391110866,pure_deepfake,legacy_scope_cleanup_audit_2026_09:doi:10.3390/computers13010031 | https://www.mdpi.com/2073-431X/13/1/31,"The multiclass dataset separates real human faces, StyleGAN2-generated faces, and Stable-Diffusion-generated faces for patch-wise ViT/CNN comparison.",doi,NO_EXISTING_EXCLUSION,NEW_ACTIVE_EXCLUSION,exclusion-cb465407fa5c5a5ca28fad6dc38326bd,true,VERIFIED_ABSENT,VERIFIED_ABSENT,RECORDED,
doi:10.3390/electronics13091662,A Hybrid CNN-LSTM Approach for Precision Deepfake Image Detection Based on Transfer Learning,,doi:10.3390/electronics13091662,10.3390/electronics13091662,,W4395673009,pure_deepfake,legacy_scope_cleanup_audit_2026_09:doi:10.3390/electronics13091662 | https://www.mdpi.com/2079-9292/13/9/1662,DFDC and Ciplab are the named open-source benchmarks; the CNN-LSTM combines spatial face cues with temporal context for deepfake recognition.,doi,NO_EXISTING_EXCLUSION,NEW_ACTIVE_EXCLUSION,exclusion-e59a655659fd5583a491753e5872a1c0,true,VERIFIED_ABSENT,VERIFIED_ABSENT,RECORDED,
doi:10.4018/ijswis.384517,Semantic-Aware Lightweight AI Model for Deepfake Image Detection in Online Retail Platforms,,doi:10.4018/ijswis.384517,10.4018/ijswis.384517,,W4412112598,pure_deepfake,legacy_scope_cleanup_audit_2026_09:doi:10.4018/ijswis.384517 | https://doi.org/10.4018/ijswis.384517,The primary study uses the public Karki real/fake collection; the preserved dataset description establishes that its samples are human faces.,doi,NO_EXISTING_EXCLUSION,NEW_ACTIVE_EXCLUSION,exclusion-e191652c051653ada45bae9fa4dac2c9,true,VERIFIED_ABSENT,VERIFIED_ABSENT,RECORDED,
doi:10.1145/3576915.3623189,Evading Watermark based Detection of AI-Generated Content,,doi:10.1145/3576915.3623189,10.1145/3576915.3623189,2305.03807,W4388858443,watermark_provenance,legacy_scope_cleanup_audit_2026_09:doi:10.1145/3576915.3623189 | https://arxiv.org/abs/2305.03807,"Section 7 trains and attacks HiDDeN and UDH embedded-bit watermark systems on COCO, ImageNet, and Conceptual Captions and evaluates a Stable Diffusion system carrying an intentionally embedded 136-bit watermark.",doi,NO_EXISTING_EXCLUSION,NEW_ACTIVE_EXCLUSION,exclusion-deba9d5d27ee5d978191952ca6557e44,true,VERIFIED_ABSENT,VERIFIED_ABSENT,RECORDED,
