candidate_identity,paper_id,title,year,doi,arxiv_id,openalex_id,resolved_authoritative_identity,identity_match_method,identity_resolution_status,legacy_category,primary_source,decisive_primary_evidence,scope_conflict,recommended_future_action
curated:3ea88dc6c3224d22d416,curated:3ea88dc6c3224d22d416,IoT-Oriented Security for Small Sensor Systems Using DnCNN Denoising and Multimodal Feature Fusion for Image Forgery Detection,2026,10.3390/s26041172,,W7128586659,curated:3ea88dc6c3224d22d416,paper_id,INTERNAL_ID_RESOLVED,classical_manipulation,https://pmc.ncbi.nlm.nih.gov/articles/PMC12944014/,"Sections 3.1 and 6.1 and Table 2 evaluate CASIA 2.0 for conventional splicing, copy-move, and compositing detection/localization; Section 6.2 identifies GenImage and diffusion-era evaluation only as future work.","The evaluated contribution is classical-only image manipulation forensics, so it conflicts with the current narrowed synthetic-image scope while remaining a legitimate legacy inclusion under the earlier policy.",MOVE_TO_EXCLUDED_ARCHIVE
doi:10.3390/jimaging7030059,,Copy-Move Forgery Detection (CMFD) Using Deep Learning for Image and Video Forensics,2021,10.3390/jimaging7030059,,W3138230904,doi:10.3390/jimaging7030059,doi,IDENTITY_RESOLVABLE_BY_STRONG_ID,classical_manipulation,https://pmc.ncbi.nlm.nih.gov/articles/PMC8321314/,Section 3 and Tables 3-5 evaluate eight open-access classical copy-move datasets; Sections 4.1 and 6 define and assess only copy-move forgery detection.,"The paper's experiments are limited to classical copy-move manipulation, which is outside the current narrowed scope.",MOVE_TO_EXCLUDED_ARCHIVE
curated:074bb9a77ee85d50090c,curated:074bb9a77ee85d50090c,Aperture: A Patch-Aware Framework for Joint Forgery Detection and Localization,2025,10.1007/s44336-025-00027-8,,W4417449415,curated:074bb9a77ee85d50090c,paper_id,INTERNAL_ID_RESOLVED,pure_deepfake,https://link.springer.com/article/10.1007/s44336-025-00027-8,"Training/localization use the DDL collection of roughly 1.5 million single-face and multi-face tampering images across 61 facial-manipulation techniques; detection tests use face-deepfake benchmarks such as FaceForensics++, Celeb-DF, and DeeperForensics.",Joint detection/localization does not broaden the corpus scope when every decisive benchmark is facial forgery.,MOVE_TO_EXCLUDED_ARCHIVE
curated:4b5ef3aeb56177a90939,curated:4b5ef3aeb56177a90939,On Attribution of Deepfakes,2020,10.48550/arxiv.2008.09194,2008.09194,W3134567460,curated:4b5ef3aeb56177a90939,paper_id,INTERNAL_ID_RESOLVED,pure_deepfake,https://arxiv.org/abs/2008.09194,"The attribution experiment uses 6,000 centered 1024x1024 human-face images, 2,000 each from ProgressiveGAN, StyleGAN, and StyleGAN2, and performs seed/source reconstruction and attribution.",Source attribution is in scope as a task only when it extends beyond a face-only benchmark; this paper does not.,MOVE_TO_EXCLUDED_ARCHIVE
curated:6a0913decc4e81abddb3,curated:6a0913decc4e81abddb3,Diffusion Models as a Representation Learner for Deepfake Image Detection,2024,10.1007/978-3-031-78305-0_15,,W4404943058,curated:6a0913decc4e81abddb3,paper_id,INTERNAL_ID_RESOLVED,pure_deepfake,https://link.springer.com/chapter/10.1007/978-3-031-78305-0_15,"The primary proceedings experiment reports classification on FaceForensics++ using DDIM reconstructions, latent inversion, and high-frequency features.",Using a diffusion model internally does not broaden a face-manipulation-only evaluation into synthetic-image detection.,MOVE_TO_EXCLUDED_ARCHIVE
curated:80e6fc4ce64c001a2b3d,curated:80e6fc4ce64c001a2b3d,An Improved Dense CNN Architecture for Deepfake Image Detection,2023,10.1109/access.2023.3251417,,W4323022407,curated:80e6fc4ce64c001a2b3d,paper_id,INTERNAL_ID_RESOLVED,pure_deepfake,https://digitalknowledge.cput.ac.za/bitstream/11189/9712/1/Improved_Dense_CNN_Architecture.pdf,"The full paper uses real CelebA/FFHQ faces and fake faces from GDWCT, AttGAN, StarGAN, StyleGAN, and StyleGAN2; external testing extracts/crops faces from Celeb-DF video.",Multiple generators do not make the evaluation broad when all generated content is faces.,MOVE_TO_EXCLUDED_ARCHIVE
curated:8227355571a6d402e4f8,curated:8227355571a6d402e4f8,SpectraGuard: Provably-Private Deepfake Detection with Learnable Frequency-Domain Differential Privacy,2026,10.1109/tcsvt.2026.3724270,,W7203624959,curated:8227355571a6d402e4f8,paper_id,INTERNAL_ID_RESOLVED,pure_deepfake,https://doi.org/10.1109/tcsvt.2026.3724270,"Detection/privacy experiments use FaceForensics++ and Celeb-DF, including reconstruction attacks against protected facial inputs.","This is privacy-preserving face-deepfake detection, with no broader still-image AIGI evaluation.",MOVE_TO_EXCLUDED_ARCHIVE
curated:988373de555945528142,curated:988373de555945528142,"Comparative Analysis of Deepfake Image Detection Method Using VGG16, VGG19 and ResNet50",2024,10.37934/araset.47.1.1628,,W4399978626,curated:988373de555945528142,paper_id,INTERNAL_ID_RESOLVED,pure_deepfake,https://doi.org/10.37934/araset.47.1.1628,"The study classifies 1,200 images, split between 600 real images and 600 FaceApp-manipulated face images, using VGG16, VGG19, and ResNet50.",This is a small face-manipulation classifier without a broader generative-image test.,MOVE_TO_EXCLUDED_ARCHIVE
curated:a0c532923fe10a4ee7c0,curated:a0c532923fe10a4ee7c0,Enhancing Deepfake Detection with Diversified Self-Blending Images and Residuals,2024,10.1109/access.2024.3382196,,W4393217303,curated:a0c532923fe10a4ee7c0,paper_id,INTERNAL_ID_RESOLVED,pure_deepfake,https://doi.org/10.1109/access.2024.3382196,"Training uses diversified self-blended facial images; cross-dataset tests train on FaceForensics++ and evaluate FaceForensics++ HQ/LQ, Celeb-DF, and WildDeepfake.","Synthetic self-blending is training augmentation for face-deepfake detection, not broader synthetic-image evaluation.",MOVE_TO_EXCLUDED_ARCHIVE
curated:bbe4e9e8c5b41e467a76,curated:bbe4e9e8c5b41e467a76,The Face Deepfake Detection Challenge,2022,10.3390/jimaging8100263,,W4297477523,curated:bbe4e9e8c5b41e467a76,paper_id,INTERNAL_ID_RESOLVED,pure_deepfake,https://www.mdpi.com/2313-433X/8/10/263,"Challenge tasks are face-deepfake detection and source-face reconstruction. Real data come from CelebA and FFHQ; fake faces come from StarGAN, StarGAN-v2, StyleGAN, StyleGAN2, AttGAN, and GDWCT, with additional face crops from DFDC/FaceForensics++ in participant development.",The paper's entire contribution is a face-deepfake benchmark.,MOVE_TO_EXCLUDED_ARCHIVE
curated:c071c25bc2957d78569b,curated:c071c25bc2957d78569b,Deep Learning for Deepfakes Creation and Detection: A Survey,2022,10.1016/j.cviu.2022.103525,1909.11573,W3045755384,curated:c071c25bc2957d78569b,paper_id,INTERNAL_ID_RESOLVED,pure_deepfake,https://arxiv.org/abs/1909.11573,"The survey organizes image and video deepfake creation/detection around face synthesis, identity replacement, reenactment, facial attributes/artifacts, and face/video benchmarks such as FaceForensics++, Celeb-DF, DFDC, UADFV, and DeepfakeTIMIT.","Although surveys may remain when they cover the corpus scope, this review surveys facial deepfakes and video rather than general synthetic still-image detection/attribution.",MOVE_TO_EXCLUDED_ARCHIVE
curated:cd18fc45f8a86a30aaf6,curated:cd18fc45f8a86a30aaf6,Complement Face Forensic Detection and Localization with FacialLandmarks,2019,10.48550/arxiv.1910.05455,1910.05455,W2979433881,curated:cd18fc45f8a86a30aaf6,paper_id,INTERNAL_ID_RESOLVED,pure_deepfake,https://arxiv.org/abs/1910.05455,"The proposed 1.3-million-image dataset uses CelebA/FFHQ real faces, DCGAN/LSGAN/BEGAN/WGAN-GP/ProGAN/StyleGAN generated faces, and StarGAN/SEFCGAN edited faces; external tests use FaceForensics++.","Generative editing and full synthesis are present, but only in a face-restricted benchmark, which the narrowed policy treats as drift.",MOVE_TO_EXCLUDED_ARCHIVE
curated:ce21a7aa219b08d1b81a,curated:ce21a7aa219b08d1b81a,Beyond Backbones: Degradation-Aware Prototype Fusion for Robust Deepfake Detection,2026,,,,curated:ce21a7aa219b08d1b81a,paper_id,INTERNAL_ID_RESOLVED,pure_deepfake,https://openaccess.thecvf.com/content/CVPR2026W/NTIRE/papers/Negi_Beyond_Backbones_Degradation-Aware_Prototype_Fusion_for_Robust_Deepfake_Detection_CVPRW_2026_paper.pdf,"The method is trained/evaluated on the NTIRE 2026 Robust Deepfake Detection face-forgery benchmark, with 26 image degradations and AUC as the principal metric.",Robustness to degradations does not broaden the underlying face-forgery task.,MOVE_TO_EXCLUDED_ARCHIVE
curated:fc87c72c7e8c831652ea,curated:fc87c72c7e8c831652ea,LADLE-MM: Limited Annotation Based Detector with Learned Ensembles for Multimodal Misinformation,2025,,2512.20257,W7117248393,curated:fc87c72c7e8c831652ea,paper_id,INTERNAL_ID_RESOLVED,pure_deepfake,https://arxiv.org/abs/2512.20257,DGM4 binary/multi-label experiments classify pristine/tampered image-text pairs with visual labels Face Swap and Face Attribute plus Text Swap and Text Attribute; VERITE tests open-set multimodal misinformation/out-of-context consistency rather than synthetic-image authenticity.,"The paper is valuable multimodal misinformation work, but its synthetic-image component is face manipulation only and its broader task is outside this corpus.",MOVE_TO_EXCLUDED_ARCHIVE
doi:10.1002/widm.1520,,Deepfake detection using deep learning methods: A systematic and comprehensive review,2023,10.1002/widm.1520,,W4388851105,doi:10.1002/widm.1520,doi,IDENTITY_RESOLVABLE_BY_STRONG_ID,pure_deepfake,https://wires.onlinelibrary.wiley.com/doi/10.1002/widm.1520,"The systematic review categorizes deepfake detection into image, video, audio, and hybrid media, with its visual evidence centered on facial synthesis/manipulation, face replacement/reenactment, and established face/video deepfake datasets; it reports that video dominates the included literature.",Survey status does not override scope: this review treats facial and audiovisual deepfakes rather than the broader synthetic still-image field.,MOVE_TO_EXCLUDED_ARCHIVE
doi:10.1016/j.future.2021.06.043,,Detecting fake images by identifying potential texture difference,2021,10.1016/j.future.2021.06.043,,W3173631964,doi:10.1016/j.future.2021.06.043,doi,IDENTITY_RESOLVABLE_BY_STRONG_ID,pure_deepfake,https://www.sciencedirect.com/science/article/pii/S0167739X21002387,The primary paper defines Deepfake as face manipulation/replacement and evaluates ResNet18 classification after saliency-guided texture enhancement on real and fake face images.,This is a face-texture deepfake detector without an independent general-image benchmark.,MOVE_TO_EXCLUDED_ARCHIVE
doi:10.1016/j.heliyon.2024.e37163,,Detection of real-time deep fakes and face forgery in video conferencing employing generative adversarial networks,2024,10.1016/j.heliyon.2024.e37163,,W4402013517,doi:10.1016/j.heliyon.2024.e37163,doi,IDENTITY_RESOLVABLE_BY_STRONG_ID,pure_deepfake,https://pmc.ncbi.nlm.nih.gov/articles/PMC11407936/,The full open primary article trains on CelebA-HQ faces and FaceForensics++ video frames for real-time video-conferencing face-forgery detection.,Frame extraction from video does not create a broad still-image contribution when all evaluated content is faces.,MOVE_TO_EXCLUDED_ARCHIVE
doi:10.1016/j.patrec.2024.03.025,,A Guided-Based Approach for Deepfake Detection: RGB-Depth Integration via Features Fusion,2024,10.1016/j.patrec.2024.03.025,,W4393375171,doi:10.1016/j.patrec.2024.03.025,doi,IDENTITY_RESOLVABLE_BY_STRONG_ID,pure_deepfake,https://iris.uniroma1.it/retrieve/5690f691-9dd1-40bc-855e-01d0b3edbf04/Leporoni_A-guided-based_2024.pdf,"The full primary paper crops subject faces and evaluates on FaceForensics++ videos covering DeepFakes, Face2Face, FaceSwap, and NeuralTextures facial manipulations, including adversarial-robustness tests.",The depth cue is evaluated only for face manipulations extracted from video.,MOVE_TO_EXCLUDED_ARCHIVE
doi:10.1016/j.procs.2023.01.237,,Revealing and Classification of Deepfakes Video's Images using a Customize Convolution Neural Network Model,2023,10.1016/j.procs.2023.01.237,,W4318559723,doi:10.1016/j.procs.2023.01.237,doi,IDENTITY_RESOLVABLE_BY_STRONG_ID,pure_deepfake,https://doi.org/10.1016/j.procs.2023.01.237,"Kaggle deepfake-video frames; the workflow extracts faces, preprocesses face crops, and compares a custom CNN with CNN/MLP-CNN classifiers.",The primary experiment is a face-swap/video-frame detector with no independent broader synthetic-image benchmark.,MOVE_TO_EXCLUDED_ARCHIVE
doi:10.1016/j.procs.2025.04.313,,DeepGuardNet: A Novel CNN Architecture for DeepFake Image Detection,2025,10.1016/j.procs.2025.04.313,,W4410253117,doi:10.1016/j.procs.2025.04.313,doi,IDENTITY_RESOLVABLE_BY_STRONG_ID,pure_deepfake,https://doi.org/10.1016/j.procs.2025.04.313,Celeb-DF is the reported experimental dataset; DeepGuardNet is evaluated as a real-versus-deepfake face classifier.,The contribution is limited to facial deepfake recognition under the current narrowed policy.,MOVE_TO_EXCLUDED_ARCHIVE
doi:10.1038/s41598-023-34629-3,,Deep fake detection and classification using error-level analysis and deep learning,2023,10.1038/s41598-023-34629-3,,W4375955734,doi:10.1038/s41598-023-34629-3,doi,IDENTITY_RESOLVABLE_BY_STRONG_ID,pure_deepfake,https://doi.org/10.1038/s41598-023-34629-3,The primary experiment uses the Yonsei real/fake human-face image collection; ELA-derived images feed CNN feature extractors and SVM/KNN classifiers.,"The paper evaluates only face imagery, so it is legacy scope drift rather than a general synthetic-image detector.",MOVE_TO_EXCLUDED_ARCHIVE
doi:10.1093/cybsec/tyad011,,Testing human ability to detect ‘deepfake’ images of human faces,2023,10.1093/cybsec/tyad011,2212.05056,W4381851764,doi:10.1093/cybsec/tyad011,doi,IDENTITY_RESOLVABLE_BY_STRONG_ID,pure_deepfake,https://doi.org/10.1093/cybsec/tyad011,"The human-subject study uses 50 StyleGAN2/FFHQ-generated human faces and 50 real FFHQ faces, sampling 20 images per participant.",The study is exclusively about human recognition of generated faces and has no broader still-image forensic task.,MOVE_TO_EXCLUDED_ARCHIVE
doi:10.1109/blackseacom61746.2024.10646310,,Deepfake Image Detection Using Vision Transformer Models,2024,10.1109/blackseacom61746.2024.10646310,,W4402130168,doi:10.1109/blackseacom61746.2024.10646310,doi,IDENTITY_RESOLVABLE_BY_STRONG_ID,pure_deepfake,https://doi.org/10.1109/blackseacom61746.2024.10646310,"A 40,000-image Kaggle real/deepfake collection is used to train and test the Vision Transformer; the reviewed dataset is a face-deepfake image collection.",The experimental endpoint remains face-deepfake detection despite the generic wording of the title.,MOVE_TO_EXCLUDED_ARCHIVE
doi:10.1109/cait56099.2022.10072275,,MaskGAN: A Facial Fusion Algorithm for Deepfake Image Detection,2022,10.1109/cait56099.2022.10072275,,W4360766590,doi:10.1109/cait56099.2022.10072275,doi,IDENTITY_RESOLVABLE_BY_STRONG_ID,pure_deepfake,https://doi.org/10.1109/cait56099.2022.10072275,MaskGAN generates face-swapping images with fusion masks; those face swaps train an improved DeepLabV3+ detector for known and unknown face-tampering methods.,"The paper's generalization claim is across face-tampering methods, not across broader synthetic-image content.",MOVE_TO_EXCLUDED_ARCHIVE
doi:10.1109/cvpr42600.2020.00505,,Face X-Ray for More General Face Forgery Detection,2020,10.1109/cvpr42600.2020.00505,1912.13458,W3034196597,doi:10.1109/cvpr42600.2020.00505,doi,IDENTITY_RESOLVABLE_BY_STRONG_ID,pure_deepfake,https://openaccess.thecvf.com/content_CVPR_2020/html/Li_Face_X-Ray_for_More_General_Face_Forgery_Detection_CVPR_2020_paper.html,Face X-Ray is evaluated on face-forgery benchmarks and unseen facial manipulation methods; its target is the blending boundary created when an altered face is composited into a face image.,Generalization to unseen face-forgery methods does not establish a broader synthetic-image contribution.,MOVE_TO_EXCLUDED_ARCHIVE
doi:10.1109/hora55278.2022.9799858,,Analysis Survey on Deepfake detection and Recognition with Convolutional Neural Networks,2022,10.1109/hora55278.2022.9799858,,W4283712107,doi:10.1109/hora55278.2022.9799858,doi,IDENTITY_RESOLVABLE_BY_STRONG_ID,pure_deepfake,https://doi.org/10.1109/hora55278.2022.9799858,"The primary survey reviews CNN-based image/video deepfake generation and detection methods, with its technical scope organized around facial/identity deepfakes rather than general AIGI benchmarks.",Its surveyed contribution is bounded to deepfake/face media and does not independently cover the map's narrowed general-image scope.,MOVE_TO_EXCLUDED_ARCHIVE
doi:10.1109/idicaiei61867.2024.10842840,,CNN-LSTM Model for Deepfake Image Detection,2024,10.1109/idicaiei61867.2024.10842840,,W4406611495,doi:10.1109/idicaiei61867.2024.10842840,doi,IDENTITY_RESOLVABLE_BY_STRONG_ID,pure_deepfake,https://doi.org/10.1109/idicaiei61867.2024.10842840,The primary evaluation uses FaceForensics++ and Celeb-DF video frames; the CNN extracts spatial face features and the LSTM models temporal/frame context.,"The image samples are frames from face-deepfake videos, so the contribution remains pure face/video forensics.",MOVE_TO_EXCLUDED_ARCHIVE
doi:10.1109/iitcee59897.2024.10467257,,GAN Generated Fake Human Face Image Detection,2024,10.1109/iitcee59897.2024.10467257,,W4392981221,doi:10.1109/iitcee59897.2024.10467257,doi,IDENTITY_RESOLVABLE_BY_STRONG_ID,pure_deepfake,https://doi.org/10.1109/iitcee59897.2024.10467257,The experiment detects StyleGAN3-generated fake human faces against real human-face images and reports binary face-image accuracy.,Fully generated faces alone remain pure face forensics under the current narrowed policy.,MOVE_TO_EXCLUDED_ARCHIVE
doi:10.1109/ocit53463.2021.00039,,Detection of Deep-Morphed Deepfake Images to Make Robust Automatic Facial Recognition Systems,2021,10.1109/ocit53463.2021.00039,,W4214857236,doi:10.1109/ocit53463.2021.00039,doi,IDENTITY_RESOLVABLE_BY_STRONG_ID,pure_deepfake,https://doi.org/10.1109/ocit53463.2021.00039,DeepfakeTIMIT-HQ is the reported benchmark for detecting deep-morphed attacks against automatic facial-recognition systems.,"The contribution is a face-biometric attack detector, not broader synthetic-image forensics.",MOVE_TO_EXCLUDED_ARCHIVE
doi:10.1109/punecon63413.2024.10895706,,Deepfake Image Detection Using Yolov8,2024,10.1109/punecon63413.2024.10895706,,W4408018363,doi:10.1109/punecon63413.2024.10895706,doi,IDENTITY_RESOLVABLE_BY_STRONG_ID,pure_deepfake,https://doi.org/10.1109/punecon63413.2024.10895706,"The primary study evaluates YOLOv8, CNN, CNN-LSTM, and ResNet on a 190,402-image real/fake human-face collection.",The large sample count does not broaden the task beyond face-only deepfake detection.,MOVE_TO_EXCLUDED_ARCHIVE
doi:10.1109/tpami.2021.3093446,,DeepFake Detection Based on Discrepancies Between Faces and Their Context,2021,10.1109/tpami.2021.3093446,,W3173581984,doi:10.1109/tpami.2021.3093446,doi,IDENTITY_RESOLVABLE_BY_STRONG_ID,pure_deepfake,https://doi.org/10.1109/tpami.2021.3093446,FaceForensics++ and Celeb-DF-v2 are the principal benchmarks for detecting face swaps and identity manipulation from discrepancies between a face and its hair/ears/neck context.,The detector is explicitly designed for face swapping and other identity manipulations.,MOVE_TO_EXCLUDED_ARCHIVE
doi:10.1109/wifs49906.2020.9360905,,CNN Detection of GAN-Generated Face Images based on Cross-Band Co-occurrences Analysis,2020,10.1109/wifs49906.2020.9360905,2007.12909,W3044151627,doi:10.1109/wifs49906.2020.9360905,doi,IDENTITY_RESOLVABLE_BY_STRONG_ID,pure_deepfake,https://doi.org/10.1109/wifs49906.2020.9360905,"The primary experiments distinguish GAN-generated from natural face images using spatial and cross-band co-occurrence features and test robustness to geometric, filtering, and contrast post-processing.",Robustness testing does not create a broader synthetic-image contribution when the evaluated domain remains faces.,MOVE_TO_EXCLUDED_ARCHIVE
doi:10.1145/3512732.3533582,,Cross-Forgery Analysis of Vision Transformers and CNNs for Deepfake Image Detection,2022,10.1145/3512732.3533582,2206.13829,W4283452332,doi:10.1145/3512732.3533582,doi,IDENTITY_RESOLVABLE_BY_STRONG_ID,pure_deepfake,https://doi.org/10.1145/3512732.3533582,Cross-forgery experiments use ForgeryNet and compare a Vision Transformer with EfficientNetV2 across face-forgery methods.,Cross-method generalization is confined to facial forgery and therefore conflicts with the narrowed scope.,MOVE_TO_EXCLUDED_ARCHIVE
doi:10.17798/bitlisfen.1610300,,Deepfake Image Detection with Transfer Learning Models,2025,10.17798/bitlisfen.1610300,,W4408853348,doi:10.17798/bitlisfen.1610300,doi,IDENTITY_RESOLVABLE_BY_STRONG_ID,pure_deepfake,https://doi.org/10.17798/bitlisfen.1610300,"The primary study evaluates seven transfer-learning backbones on a 190,000-image public real/fake human-face dataset.",The reported real/fake dataset is face-only and provides no independent broader synthetic-image task.,MOVE_TO_EXCLUDED_ARCHIVE
doi:10.22266/ijies2023.0630.07,,DeepFake Detection Improvement for Images Based on a Proposed Method for Local Binary Pattern of the Multiple-Channel Color Space,2023,10.22266/ijies2023.0630.07,,W4367554082,doi:10.22266/ijies2023.0630.07,doi,IDENTITY_RESOLVABLE_BY_STRONG_ID,pure_deepfake,https://doi.org/10.22266/ijies2023.0630.07,The primary experiment uses FFHQ/face-deepfake imagery and evaluates the IR-CLBP-MC color-space representation for still-image deepfake detection.,The still-image modality does not change the fact that the evaluated content is face-only.,MOVE_TO_EXCLUDED_ARCHIVE
doi:10.23919/ccc50068.2020.9189596,,DeepFake Face Image Detection based on Improved VGG Convolutional Neural Network,2020,10.23919/ccc50068.2020.9189596,,W3084142230,doi:10.23919/ccc50068.2020.9189596,doi,IDENTITY_RESOLVABLE_BY_STRONG_ID,pure_deepfake,https://doi.org/10.23919/ccc50068.2020.9189596,Celeb-DF is the reported experimental dataset; NA-VGG uses SRM noise filtering and augmentation to classify forged face images.,The experiment is limited to facial deepfakes and lacks broader synthetic-image evaluation.,MOVE_TO_EXCLUDED_ARCHIVE
doi:10.32604/cmc.2025.063141,,SMNDNet for Multiple Types of Deepfake Image Detection,2025,10.32604/cmc.2025.063141,,W4408874542,doi:10.32604/cmc.2025.063141,doi,IDENTITY_RESOLVABLE_BY_STRONG_ID,pure_deepfake,https://doi.org/10.32604/cmc.2025.063141,"The primary taxonomy and experiments cover entire-face synthesis, identity-swap face forgery, expression-swap face forgery, and attribute-manipulated face forgery (EFSF, ISFF, ESFF, and AMFF).",Multiple deepfake types do not broaden the paper beyond pure face forensics.,MOVE_TO_EXCLUDED_ARCHIVE
doi:10.32604/iasc.2023.029653,,Detecting Deepfake Images Using Deep Learning Techniques and Explainable AI Methods,2022,10.32604/iasc.2023.029653,,W4285791495,doi:10.32604/iasc.2023.029653,doi,IDENTITY_RESOLVABLE_BY_STRONG_ID,pure_deepfake,https://doi.org/10.32604/iasc.2023.029653,The primary contribution applies deep classifiers and XAI explanations to deepfake face images; the reviewed task definition is replacement of one person's likeness in pictures/video.,Explainability is applied to a face-only deepfake detector and does not establish broader scope.,MOVE_TO_EXCLUDED_ARCHIVE
doi:10.3389/frsip.2022.918725,,An Eyes-Based Siamese Neural Network for the Detection of GAN-Generated Face Images,2022,10.3389/frsip.2022.918725,,W4284895444,doi:10.3389/frsip.2022.918725,doi,IDENTITY_RESOLVABLE_BY_STRONG_ID,pure_deepfake,https://www.frontiersin.org/journals/signal-processing/articles/10.3389/frsip.2022.918725/full,"Primary experiments compare real and GAN-generated faces under matched/unmatched generator conditions and post-processing, using inter-eye pairs as the forensic signal.",The generator-generalization study remains strictly face-only.,MOVE_TO_EXCLUDED_ARCHIVE
doi:10.3390/app12199820,,A Novel Deep Learning Approach for Deepfake Image Detection,2022,10.3390/app12199820,,W4297988790,doi:10.3390/app12199820,doi,IDENTITY_RESOLVABLE_BY_STRONG_ID,pure_deepfake,https://www.mdpi.com/2076-3417/12/19/9820,"The reported dataset contains real and fake faces; the proposed VGG16/CNN Deepfake Predictor is compared with Xception, NASNet, MobileNet, and VGG16 transfer models.",The paper has no broader synthetic-image benchmark beyond human faces.,MOVE_TO_EXCLUDED_ARCHIVE
doi:10.3390/computers13010031,,Multiclass AI-Generated Deepfake Face Detection Using Patch-Wise Deep Learning Model,2024,10.3390/computers13010031,,W4391110866,doi:10.3390/computers13010031,doi,IDENTITY_RESOLVABLE_BY_STRONG_ID,pure_deepfake,https://www.mdpi.com/2073-431X/13/1/31,"The multiclass dataset separates real human faces, StyleGAN2-generated faces, and Stable-Diffusion-generated faces for patch-wise ViT/CNN comparison.",Mentioning and evaluating diffusion does not establish general-image scope when all classes are face images.,MOVE_TO_EXCLUDED_ARCHIVE
doi:10.3390/electronics13091662,,A Hybrid CNN-LSTM Approach for Precision Deepfake Image Detection Based on Transfer Learning,2024,10.3390/electronics13091662,,W4395673009,doi:10.3390/electronics13091662,doi,IDENTITY_RESOLVABLE_BY_STRONG_ID,pure_deepfake,https://www.mdpi.com/2079-9292/13/9/1662,DFDC and Ciplab are the named open-source benchmarks; the CNN-LSTM combines spatial face cues with temporal context for deepfake recognition.,The method is a facial/video deepfake system without a broader still-image experiment.,MOVE_TO_EXCLUDED_ARCHIVE
doi:10.4018/ijswis.384517,,Semantic-Aware Lightweight AI Model for Deepfake Image Detection in Online Retail Platforms,2025,10.4018/ijswis.384517,,W4412112598,doi:10.4018/ijswis.384517,doi,IDENTITY_RESOLVABLE_BY_STRONG_ID,pure_deepfake,https://doi.org/10.4018/ijswis.384517,The primary study uses the public Karki real/fake collection; the preserved dataset description establishes that its samples are human faces.,The actual evaluated data are face-only despite the generic online-retail application framing.,MOVE_TO_EXCLUDED_ARCHIVE
doi:10.1145/3576915.3623189,,Evading Watermark based Detection of AI-Generated Content,2023,10.1145/3576915.3623189,2305.03807,W4388858443,doi:10.1145/3576915.3623189,doi,IDENTITY_RESOLVABLE_BY_STRONG_ID,watermark_provenance,https://arxiv.org/abs/2305.03807,"Section 7 trains and attacks HiDDeN and UDH embedded-bit watermark systems on COCO, ImageNet, and Conceptual Captions and evaluates a Stable Diffusion system carrying an intentionally embedded 136-bit watermark.","The contribution studies evasion of active watermark-based detection, which falls outside the current passive synthetic-image forensic scope.",MOVE_TO_EXCLUDED_ARCHIVE
