candidate_identity,paper_id,title,year,doi,arxiv_id,openalex_id,resolved_authoritative_identity,identity_match_method,identity_resolution_status,legacy_category,primary_source,evidence_available,exact_unresolved_question,recommended_future_action
curated:4363b7a97f75f90ad22c,curated:4363b7a97f75f90ad22c,A Swin Transformer and CLIP-Based Framework for Generalized DeepFake Detection,2025,10.1007/978-981-95-6825-3_10,,W7203828369,curated:4363b7a97f75f90ad22c,paper_id,INTERNAL_ID_RESOLVED,pure_deepfake,https://doi.org/10.1007/978-981-95-6825-3_10,"A publisher-accessible primary experiments section was not available. Index snippets report nine unseen GAN models and an Ojha diffusion-image benchmark, but the exact image domains and table definitions could not be verified from the primary paper.","Inspect the primary experimental dataset table and sample descriptions: do the nine GAN tests and the Ojha diffusion benchmark contain independently scored non-face general still images, and what metrics are reported for them?",FURTHER_PRIMARY_REVIEW
curated:52edb9369ffaae37bd81,curated:52edb9369ffaae37bd81,Dual-Tree Complex Wavelet Driven Hierarchical Spatial-Frequency Fusion Learning for Robust Deepfake Detection,2026,10.1109/tdsc.2026.3712721,,W7168127486,curated:52edb9369ffaae37bd81,paper_id,INTERNAL_ID_RESOLVED,pure_deepfake,https://doi.org/10.1109/tdsc.2026.3712721,"The primary abstract discloses cross-dataset AUROC on Celeb-DFv2 and DFDC, both facial-video deepfake benchmarks, but refers generically to additional benchmark datasets without naming their domains.","Do the full primary dataset and results tables contain any independently scored benchmark with non-face fully generated or generatively edited still images, and what are all train/test benchmarks?",FURTHER_PRIMARY_REVIEW
curated:611c1fc878b1f9737a04,curated:611c1fc878b1f9737a04,Universal Deepfake Detection via Low-Rank Adaptation of Vision-Language Models,2026,10.1007/978-981-92-3429-5_47,,W7169672328,curated:611c1fc878b1f9737a04,paper_id,INTERNAL_ID_RESOLVED,pure_deepfake,https://link.springer.com/chapter/10.1007/978-981-92-3429-5_47,"The primary abstract reports mAP/accuracy, robustness, and scale ablations but does not name the training or evaluation datasets, generator families, or image domains.",Does the primary experimental dataset table and generator list show that the reported mAP includes independently evaluated non-face general AIGI rather than only facial deepfakes?,FURTHER_PRIMARY_REVIEW
curated:6e6c7c4645ed4af43a61,curated:6e6c7c4645ed4af43a61,Enhancing Sensing and Imaging Capabilities Through Surface Plasmon Resonance for Deepfake Image Detection,2025,10.1007/s11468-024-02492-1,,W4402322120,curated:6e6c7c4645ed4af43a61,paper_id,INTERNAL_ID_RESOLVED,pure_deepfake,https://link.springer.com/article/10.1007/s11468-024-02492-1,"The primary abstract reports greater than 95% accuracy from a gold-nanoparticle SPR spectroscopic setup but does not identify the images, dataset, generation/manipulation methods, sample counts, or train/test protocol.","Inspect the full primary methods, dataset/sample table, and results: what exact authentic and fake images were physically measured, were any non-face AIGI or generative edits independently evaluated, and how were splits and labels defined?",FURTHER_PRIMARY_REVIEW
curated:7287cadbc4b8408fd16b,curated:7287cadbc4b8408fd16b,Breaking Manifold Continuity: Vector Quantized Modeling for Real-Centric Deepfake Detection,2026,,,,curated:7287cadbc4b8408fd16b,paper_id,INTERNAL_ID_RESOLVED,pure_deepfake,https://openreview.net/attachment?id=WrlqkXYYCx&name=pdf,"The accessible primary abstract states only that experiments use 'diverse datasets'; the OpenReview primary PDF was unavailable for inspection, so dataset names, domains, and generator-level results remain unverified.","Which training/testing datasets and image categories appear in the primary experiments table, and are there separate quantitative results on non-face general GAN/diffusion still images?",FURTHER_PRIMARY_REVIEW
curated:9c8645e0bddeeff2ed4b,curated:9c8645e0bddeeff2ed4b,Deepfake Image Detection Using ResNet50 Model,2024,10.1109/cybercomp60759.2024.10913843,,W4408401076,curated:9c8645e0bddeeff2ed4b,paper_id,INTERNAL_ID_RESOLVED,pure_deepfake,https://doi.org/10.1109/cybercomp60759.2024.10913843,"The primary abstract names DeepFakeFace and Deepfake Processed, with 4,000 images per dataset and ResNet50/Gaussian-blur experiments, but does not disclose the underlying image domains or manipulation/generator composition.","Inspect the primary dataset section and sample figures for both DeepFakeFace and Deepfake Processed: are all images faces, and is any non-face fully generated or generatively edited still-image subset reported separately?",FURTHER_PRIMARY_REVIEW
curated:b388bfe1b5785775a436,curated:b388bfe1b5785775a436,Deepfake Image Detection Using Light-Weight Attention Integrated MobileNetV3 Model,2025,10.1007/978-3-031-84543-7_11,,W4409586875,curated:b388bfe1b5785775a436,paper_id,INTERNAL_ID_RESOLVED,pure_deepfake,https://link.springer.com/chapter/10.1007/978-3-031-84543-7_11,"The publisher abstract compares MobileNetV3 with XceptionNet, InceptionV3, EfficientNetB0, and InceptionResNet and reports an F-score of 98.46%, but names no dataset or image domain.","What dataset and manipulation/generator sources appear in the full primary results, are the samples all faces, and does any non-face AIGI subset have a separate result?",FURTHER_PRIMARY_REVIEW
curated:d8df0e4505f5d38ebb28,curated:d8df0e4505f5d38ebb28,Lightweight Image Forgery Detection via Tucker Decomposition for Efficient Edge Deployment,2026,10.1109/tai.2026.3703792,,W7164849447,curated:d8df0e4505f5d38ebb28,paper_id,INTERNAL_ID_RESOLVED,pure_deepfake,https://doi.org/10.1109/tai.2026.3703792,"The primary abstract says three detectors are compressed and tested across 24 forgery datasets, but it does not name those datasets, their content domains, or the per-dataset results.","What are all 24 datasets and three base detectors in the primary tables, and do they include separate quantitative results on non-face GAN/diffusion/general synthetic still imagery?",FURTHER_PRIMARY_REVIEW
curated:db62aa9b0b1aab0c9f7a,curated:db62aa9b0b1aab0c9f7a,Artifact-Aware Explainable Deepfake Detection via Fake-Only High-Frequency Alignment Supervision,2026,10.1109/ic2pct68894.2026.11584299,,W7167698944,curated:db62aa9b0b1aab0c9f7a,paper_id,INTERNAL_ID_RESOLVED,pure_deepfake,https://doi.org/10.1109/ic2pct68894.2026.11584299,"The primary abstract reports EfficientNet-B0 detection, Grad-CAM/FFT alignment, a 0.262 alignment gap, and 99.96% validation accuracy, but gives no dataset name or image composition; diverse cross-domain and video tests are only future work.","What is the validation corpus in the primary dataset/method section, is it face-only, which generator/edit types are included, and was any non-face general AIGI subset actually evaluated rather than proposed as future work?",FURTHER_PRIMARY_REVIEW
curated:f898cd2f736babc824dc,curated:f898cd2f736babc824dc,HiDD-Net: A Hierarchical Dual-Domain Distillation Network for Efficient Deepfake Detection,2026,10.1117/12.3119955,,W7203837282,curated:f898cd2f736babc824dc,paper_id,INTERNAL_ID_RESOLVED,pure_deepfake,https://doi.org/10.1117/12.3119955,"No primary abstract, experimental table, or accessible paper text identifies the datasets or image domains.","What train/test datasets, generator/manipulation types, and media types are in the SPIE primary paper, and are separate results reported for any non-face generated or edited still-image benchmark?",FURTHER_PRIMARY_REVIEW
doi:10.1109/ccge50943.2021.9776410,,Deepfake Image Detection using CNNs and Transfer Learning,2021,10.1109/ccge50943.2021.9776410,,W4285362588,doi:10.1109/ccge50943.2021.9776410,doi,IDENTITY_RESOLVABLE_BY_STRONG_ID,pure_deepfake,https://doi.org/10.1109/ccge50943.2021.9776410,"The accessible primary abstract describes a custom CNN and transfer-learning approach but does not name the datasets, generators, or manipulation classes used in the experiments.","Which named datasets, generators, and manipulation classes are evaluated in the primary paper, and do they include a substantive non-face synthetic-image task?",FURTHER_PRIMARY_REVIEW
doi:10.1109/i2cacis65476.2025.11100461,,"A Review on Deepfake Image Detection Approaches, Techniques and Methods",2025,10.1109/i2cacis65476.2025.11100461,,W4413255768,doi:10.1109/i2cacis65476.2025.11100461,doi,IDENTITY_RESOLVABLE_BY_STRONG_ID,pure_deepfake,https://doi.org/10.1109/i2cacis65476.2025.11100461,"The accessible primary review abstract reports a taxonomy of deepfake-image approaches and internet case studies, but the preserved source does not expose the included-study table or dataset coverage needed to establish broader AIGI scope.","Which included primary studies and named datasets define the review's empirical scope, and is broader non-face synthetic-image detection covered substantively rather than mentioned incidentally?",FURTHER_PRIMARY_REVIEW
doi:10.1109/icipcn63822.2024.00014,,DeepSight: Enhancing Deepfake Image Detection and Classification through Ensemble and Deep Learning Techniques,2024,10.1109/icipcn63822.2024.00014,,W4402353496,doi:10.1109/icipcn63822.2024.00014,doi,IDENTITY_RESOLVABLE_BY_STRONG_ID,pure_deepfake,https://doi.org/10.1109/icipcn63822.2024.00014,"The accessible primary abstract says DeepSight is evaluated on benchmark datasets and across deepfake generation techniques, but it does not name the datasets or disclose whether their content is face-only.","Which named benchmark datasets and generation methods are used in DeepSight's experiments, and do any independently evaluate non-face fully generated or generatively edited images?",FURTHER_PRIMARY_REVIEW
doi:10.1109/lt64002.2025.10940759,,A Novel Framework for Deepfake Image Detection Using Deep Learning Approach,2025,10.1109/lt64002.2025.10940759,,W4409047068,doi:10.1109/lt64002.2025.10940759,doi,IDENTITY_RESOLVABLE_BY_STRONG_ID,pure_deepfake,https://doi.org/10.1109/lt64002.2025.10940759,"The accessible primary abstract reports a CNN+VGG16 framework and an unnamed 'deepfake dataset' with accuracy/precision, but it does not identify the dataset or manipulation classes.","What is the exact deepfake dataset used by the CNN/VGG16 framework, what content and manipulation classes does it contain, and is any broader synthetic-image subset independently evaluated?",FURTHER_PRIMARY_REVIEW
doi:10.1109/miucc52538.2021.9447642,,Deepfakes Creation and Detection Using Deep Learning,2021,10.1109/miucc52538.2021.9447642,,W3172046373,doi:10.1109/miucc52538.2021.9447642,doi,IDENTITY_RESOLVABLE_BY_STRONG_ID,pure_deepfake,https://doi.org/10.1109/miucc52538.2021.9447642,"The accessible primary abstract discusses creating and detecting deepfakes with deep learning and proposes image enhancement, but names no dataset, generator suite, or evaluation protocol.","Which named datasets, generation/manipulation methods, and detection experiments are reported in the full primary paper, and do they include independently evaluated non-face synthetic images?",FURTHER_PRIMARY_REVIEW
doi:10.55041/ijsrem30215,,DeepFake Image Detection,2024,10.55041/ijsrem30215,,W4394009764,doi:10.55041/ijsrem30215,doi,IDENTITY_RESOLVABLE_BY_STRONG_ID,pure_deepfake,https://doi.org/10.55041/ijsrem30215,"The accessible primary abstract describes a comparison of ResNet, InceptionV3, and DenseNet for deepfake image and face-forgery detection, but it does not name the experimental datasets or establish the evaluated manipulation classes.","Which named datasets and manipulation classes are used in the primary experiments, and do they substantively include broader fully generated or generatively edited images beyond face-only deepfakes?",FURTHER_PRIMARY_REVIEW
