audit_candidate,resolved_paper_id,resolved_authoritative_identity,title,doi,arxiv_id,openalex_id,category,identity_resolution_basis,identity_resolution_status,authoritative_targets_found,strong_identifiers_agree,normalized_title_corroborates,pre_migration_exclusion_state,existing_exclusion_id,existing_is_active,existing_restored_at,existing_restore_note,existing_reason,existing_source,exclusion_match_identifiers,proposed_migration_action,proposed_exclusion_id,publication_type,pre_migration_marker_count,blocking_issue
curated:3ea88dc6c3224d22d416,curated:3ea88dc6c3224d22d416,curated:3ea88dc6c3224d22d416,IoT-Oriented Security for Small Sensor Systems Using DnCNN Denoising and Multimodal Feature Fusion for Image Forgery Detection,10.3390/s26041172,,W7128586659,classical_manipulation,paper_id,IDENTITY_LOCKED,1,true,true,NO_EXISTING_EXCLUSION,,,,,,,,NEW_ACTIVE_EXCLUSION,exclusion-ea456e71491f58989c0e28f44cbf2729,journal,3,
doi:10.3390/jimaging7030059,,doi:10.3390/jimaging7030059,Copy-Move Forgery Detection (CMFD) Using Deep Learning for Image and Video Forensics,10.3390/jimaging7030059,,W3138230904,classical_manipulation,doi,IDENTITY_LOCKED,1,true,true,NO_EXISTING_EXCLUSION,,,,,,,,NEW_ACTIVE_EXCLUSION,exclusion-7ac02b43ccbf5872a7a3ae0d893b1069,journal,1,
curated:074bb9a77ee85d50090c,curated:074bb9a77ee85d50090c,curated:074bb9a77ee85d50090c,Aperture: A Patch-Aware Framework for Joint Forgery Detection and Localization,10.1007/s44336-025-00027-8,,W4417449415,pure_deepfake,paper_id,IDENTITY_LOCKED,1,true,true,NO_EXISTING_EXCLUSION,,,,,,,,NEW_ACTIVE_EXCLUSION,exclusion-6c53124e1f7954c09d1aa54937083a22,journal,5,
curated:4b5ef3aeb56177a90939,curated:4b5ef3aeb56177a90939,curated:4b5ef3aeb56177a90939,On Attribution of Deepfakes,10.48550/arxiv.2008.09194,2008.09194,W3134567460,pure_deepfake,paper_id,IDENTITY_LOCKED,1,true,true,NO_EXISTING_EXCLUSION,,,,,,,,NEW_ACTIVE_EXCLUSION,exclusion-084918571d5753c09ce1b0f9a317ba17,preprint,3,
curated:6a0913decc4e81abddb3,curated:6a0913decc4e81abddb3,curated:6a0913decc4e81abddb3,Diffusion Models as a Representation Learner for Deepfake Image Detection,10.1007/978-3-031-78305-0_15,,W4404943058,pure_deepfake,paper_id,IDENTITY_LOCKED,1,true,true,NO_EXISTING_EXCLUSION,,,,,,,,NEW_ACTIVE_EXCLUSION,exclusion-227d9a482ee8519b9de38b0399e019b2,conference,1,
curated:80e6fc4ce64c001a2b3d,curated:80e6fc4ce64c001a2b3d,curated:80e6fc4ce64c001a2b3d,An Improved Dense CNN Architecture for Deepfake Image Detection,10.1109/access.2023.3251417,,W4323022407,pure_deepfake,paper_id,IDENTITY_LOCKED,1,true,true,NO_EXISTING_EXCLUSION,,,,,,,,NEW_ACTIVE_EXCLUSION,exclusion-8853fc167d28586ca8ea8fad0d270fa3,journal,5,
curated:8227355571a6d402e4f8,curated:8227355571a6d402e4f8,curated:8227355571a6d402e4f8,SpectraGuard: Provably-Private Deepfake Detection with Learnable Frequency-Domain Differential Privacy,10.1109/tcsvt.2026.3724270,,W7203624959,pure_deepfake,paper_id,IDENTITY_LOCKED,1,true,true,NO_EXISTING_EXCLUSION,,,,,,,,NEW_ACTIVE_EXCLUSION,exclusion-2c63b2b5efce54158b98812cd590b4b1,journal,2,
curated:988373de555945528142,curated:988373de555945528142,curated:988373de555945528142,"Comparative Analysis of Deepfake Image Detection Method Using VGG16, VGG19 and ResNet50",10.37934/araset.47.1.1628,,W4399978626,pure_deepfake,paper_id,IDENTITY_LOCKED,1,true,true,NO_EXISTING_EXCLUSION,,,,,,,,NEW_ACTIVE_EXCLUSION,exclusion-ef468975cb5557ad84248cd68086f317,journal,1,
curated:a0c532923fe10a4ee7c0,curated:a0c532923fe10a4ee7c0,curated:a0c532923fe10a4ee7c0,Enhancing Deepfake Detection with Diversified Self-Blending Images and Residuals,10.1109/access.2024.3382196,,W4393217303,pure_deepfake,paper_id,IDENTITY_LOCKED,1,true,true,NO_EXISTING_EXCLUSION,,,,,,,,NEW_ACTIVE_EXCLUSION,exclusion-f4ae1ceb5cdb5d9aa944500f84a8b6ce,journal,2,
curated:bbe4e9e8c5b41e467a76,curated:bbe4e9e8c5b41e467a76,curated:bbe4e9e8c5b41e467a76,The Face Deepfake Detection Challenge,10.3390/jimaging8100263,,W4297477523,pure_deepfake,paper_id,IDENTITY_LOCKED,1,true,true,NO_EXISTING_EXCLUSION,,,,,,,,NEW_ACTIVE_EXCLUSION,exclusion-801775d4ea7f5121b3cd3f2d31a7625b,journal,8,
curated:c071c25bc2957d78569b,curated:c071c25bc2957d78569b,curated:c071c25bc2957d78569b,Deep Learning for Deepfakes Creation and Detection: A Survey,10.1016/j.cviu.2022.103525,1909.11573,W3045755384,pure_deepfake,paper_id,IDENTITY_LOCKED,1,true,true,NO_EXISTING_EXCLUSION,,,,,,,,NEW_ACTIVE_EXCLUSION,exclusion-6b0f2730deba5bdc971c66c8113375ed,journal,7,
curated:cd18fc45f8a86a30aaf6,curated:cd18fc45f8a86a30aaf6,curated:cd18fc45f8a86a30aaf6,Complement Face Forensic Detection and Localization with FacialLandmarks,10.48550/arxiv.1910.05455,1910.05455,W2979433881,pure_deepfake,paper_id,IDENTITY_LOCKED,1,true,true,NO_EXISTING_EXCLUSION,,,,,,,,NEW_ACTIVE_EXCLUSION,exclusion-05c3b5617df45ad5a3d2de336d77d548,preprint,2,
curated:ce21a7aa219b08d1b81a,curated:ce21a7aa219b08d1b81a,curated:ce21a7aa219b08d1b81a,Beyond Backbones: Degradation-Aware Prototype Fusion for Robust Deepfake Detection,,,,pure_deepfake,paper_id,IDENTITY_LOCKED,1,true,true,NO_EXISTING_EXCLUSION,,,,,,,,NEW_ACTIVE_EXCLUSION,exclusion-a7e2ece9551a54d7891fbd44c2afbf93,conference,4,
curated:fc87c72c7e8c831652ea,curated:fc87c72c7e8c831652ea,curated:fc87c72c7e8c831652ea,LADLE-MM: Limited Annotation Based Detector with Learned Ensembles for Multimodal Misinformation,,2512.20257,W7117248393,pure_deepfake,paper_id,IDENTITY_LOCKED,1,true,true,CONFLICTING_EXCLUSION_IDENTITY,exclusion-b4edceac7e584ae58b7bda18b45b7bc1,true,,,other,local_admin,normalized_title_year_conflict,BLOCK_EXCLUSION_CONFLICT,exclusion-b4edceac7e584ae58b7bda18b45b7bc1,preprint,1,"exact normalized title/year collides with exclusion exclusion-b4edceac7e584ae58b7bda18b45b7bc1, but strong identifiers disagree"
doi:10.1002/widm.1520,,doi:10.1002/widm.1520,Deepfake detection using deep learning methods: A systematic and comprehensive review,10.1002/widm.1520,,W4388851105,pure_deepfake,doi,IDENTITY_LOCKED,1,true,true,NO_EXISTING_EXCLUSION,,,,,,,,NEW_ACTIVE_EXCLUSION,exclusion-2635537f04a351389c18484ffe66feea,journal,4,
doi:10.1016/j.future.2021.06.043,,doi:10.1016/j.future.2021.06.043,Detecting fake images by identifying potential texture difference,10.1016/j.future.2021.06.043,,W3173631964,pure_deepfake,doi,IDENTITY_LOCKED,1,true,true,NO_EXISTING_EXCLUSION,,,,,,,,NEW_ACTIVE_EXCLUSION,exclusion-27700ca45d285fedb9419d46677afbdb,journal,2,
doi:10.1016/j.heliyon.2024.e37163,,doi:10.1016/j.heliyon.2024.e37163,Detection of real-time deep fakes and face forgery in video conferencing employing generative adversarial networks,10.1016/j.heliyon.2024.e37163,,W4402013517,pure_deepfake,doi,IDENTITY_LOCKED,1,true,true,NO_EXISTING_EXCLUSION,,,,,,,,NEW_ACTIVE_EXCLUSION,exclusion-7b4be4e6e3cc50c48a8482750103e431,journal,4,
doi:10.1016/j.patrec.2024.03.025,,doi:10.1016/j.patrec.2024.03.025,A Guided-Based Approach for Deepfake Detection: RGB-Depth Integration via Features Fusion,10.1016/j.patrec.2024.03.025,,W4393375171,pure_deepfake,doi,IDENTITY_LOCKED,1,true,true,NO_EXISTING_EXCLUSION,,,,,,,,NEW_ACTIVE_EXCLUSION,exclusion-88d7ee1dac3c5af4ba1dbdc873bd9f2d,journal,1,
doi:10.1016/j.procs.2023.01.237,,doi:10.1016/j.procs.2023.01.237,Revealing and Classification of Deepfakes Video's Images using a Customize Convolution Neural Network Model,10.1016/j.procs.2023.01.237,,W4318559723,pure_deepfake,doi,IDENTITY_LOCKED,1,true,true,NO_EXISTING_EXCLUSION,,,,,,,,NEW_ACTIVE_EXCLUSION,exclusion-194ecc71b77450369a0b6d9857b00b80,journal,1,
doi:10.1016/j.procs.2025.04.313,,doi:10.1016/j.procs.2025.04.313,DeepGuardNet: A Novel CNN Architecture for DeepFake Image Detection,10.1016/j.procs.2025.04.313,,W4410253117,pure_deepfake,doi,IDENTITY_LOCKED,1,true,true,NO_EXISTING_EXCLUSION,,,,,,,,NEW_ACTIVE_EXCLUSION,exclusion-e4668477bd275654ba13c93f3d7ff50d,journal,1,
doi:10.1038/s41598-023-34629-3,,doi:10.1038/s41598-023-34629-3,Deep fake detection and classification using error-level analysis and deep learning,10.1038/s41598-023-34629-3,,W4375955734,pure_deepfake,doi,IDENTITY_LOCKED,1,true,true,NO_EXISTING_EXCLUSION,,,,,,,,NEW_ACTIVE_EXCLUSION,exclusion-bf1199c148f256298fc2b6e6fa252263,journal,7,
doi:10.1093/cybsec/tyad011,,doi:10.1093/cybsec/tyad011,Testing human ability to detect ‘deepfake’ images of human faces,10.1093/cybsec/tyad011,2212.05056,W4381851764,pure_deepfake,doi,IDENTITY_LOCKED,1,true,true,NO_EXISTING_EXCLUSION,,,,,,,,NEW_ACTIVE_EXCLUSION,exclusion-2e0d3010993c56af8f1f134492c69e8f,journal,2,
doi:10.1109/blackseacom61746.2024.10646310,,doi:10.1109/blackseacom61746.2024.10646310,Deepfake Image Detection Using Vision Transformer Models,10.1109/blackseacom61746.2024.10646310,,W4402130168,pure_deepfake,doi,IDENTITY_LOCKED,1,true,true,NO_EXISTING_EXCLUSION,,,,,,,,NEW_ACTIVE_EXCLUSION,exclusion-c082409b8d2652758c8c4b3f20778019,conference,4,
doi:10.1109/cait56099.2022.10072275,,doi:10.1109/cait56099.2022.10072275,MaskGAN: A Facial Fusion Algorithm for Deepfake Image Detection,10.1109/cait56099.2022.10072275,,W4360766590,pure_deepfake,doi,IDENTITY_LOCKED,1,true,true,NO_EXISTING_EXCLUSION,,,,,,,,NEW_ACTIVE_EXCLUSION,exclusion-6d38ec2572265eb49102c895b7749d2a,conference,1,
doi:10.1109/cvpr42600.2020.00505,,doi:10.1109/cvpr42600.2020.00505,Face X-Ray for More General Face Forgery Detection,10.1109/cvpr42600.2020.00505,1912.13458,W3034196597,pure_deepfake,doi,IDENTITY_LOCKED,1,true,true,NO_EXISTING_EXCLUSION,,,,,,,,NEW_ACTIVE_EXCLUSION,exclusion-180a502c420d58529bf33632c99e2cc8,conference,2,
doi:10.1109/hora55278.2022.9799858,,doi:10.1109/hora55278.2022.9799858,Analysis Survey on Deepfake detection and Recognition with Convolutional Neural Networks,10.1109/hora55278.2022.9799858,,W4283712107,pure_deepfake,doi,IDENTITY_LOCKED,1,true,true,NO_EXISTING_EXCLUSION,,,,,,,,NEW_ACTIVE_EXCLUSION,exclusion-3935564de0745e4e9ba574c9f31b2ffe,conference,2,
doi:10.1109/idicaiei61867.2024.10842840,,doi:10.1109/idicaiei61867.2024.10842840,CNN-LSTM Model for Deepfake Image Detection,10.1109/idicaiei61867.2024.10842840,,W4406611495,pure_deepfake,doi,IDENTITY_LOCKED,1,true,true,NO_EXISTING_EXCLUSION,,,,,,,,NEW_ACTIVE_EXCLUSION,exclusion-0df58eddc18c5fd984ce15d665036e23,conference,2,
doi:10.1109/iitcee59897.2024.10467257,,doi:10.1109/iitcee59897.2024.10467257,GAN Generated Fake Human Face Image Detection,10.1109/iitcee59897.2024.10467257,,W4392981221,pure_deepfake,doi,IDENTITY_LOCKED,1,true,true,EXISTING_INACTIVE_EXCLUSION,exclusion-b4c81bf833c64b808efdec040224d1f4,false,2026-07-17T23:00:57Z,ML,deepfake_only_not_core,local_admin,doi;openalex_id,REACTIVATE_EXISTING_EXCLUSION,exclusion-b4c81bf833c64b808efdec040224d1f4,conference,1,
doi:10.1109/ocit53463.2021.00039,,doi:10.1109/ocit53463.2021.00039,Detection of Deep-Morphed Deepfake Images to Make Robust Automatic Facial Recognition Systems,10.1109/ocit53463.2021.00039,,W4214857236,pure_deepfake,doi,IDENTITY_LOCKED,1,true,true,NO_EXISTING_EXCLUSION,,,,,,,,NEW_ACTIVE_EXCLUSION,exclusion-a79682af30495381a1ec770e10e7dbc6,conference,3,
doi:10.1109/punecon63413.2024.10895706,,doi:10.1109/punecon63413.2024.10895706,Deepfake Image Detection Using Yolov8,10.1109/punecon63413.2024.10895706,,W4408018363,pure_deepfake,doi,IDENTITY_LOCKED,1,true,true,NO_EXISTING_EXCLUSION,,,,,,,,NEW_ACTIVE_EXCLUSION,exclusion-863fc138d24c52828f5e11374e435122,conference,1,
doi:10.1109/tpami.2021.3093446,,doi:10.1109/tpami.2021.3093446,DeepFake Detection Based on Discrepancies Between Faces and Their Context,10.1109/tpami.2021.3093446,,W3173581984,pure_deepfake,doi,IDENTITY_LOCKED,1,true,true,NO_EXISTING_EXCLUSION,,,,,,,,NEW_ACTIVE_EXCLUSION,exclusion-97fae1b81f0b51dbb5f91cb3c191fb5a,journal,4,
doi:10.1109/wifs49906.2020.9360905,,doi:10.1109/wifs49906.2020.9360905,CNN Detection of GAN-Generated Face Images based on Cross-Band Co-occurrences Analysis,10.1109/wifs49906.2020.9360905,2007.12909,W3044151627,pure_deepfake,doi,IDENTITY_LOCKED,1,true,true,NO_EXISTING_EXCLUSION,,,,,,,,NEW_ACTIVE_EXCLUSION,exclusion-aea7623d16c95594a12cf879d1cbc774,conference,1,
doi:10.1145/3512732.3533582,,doi:10.1145/3512732.3533582,Cross-Forgery Analysis of Vision Transformers and CNNs for Deepfake Image Detection,10.1145/3512732.3533582,2206.13829,W4283452332,pure_deepfake,doi,IDENTITY_LOCKED,1,true,true,NO_EXISTING_EXCLUSION,,,,,,,,NEW_ACTIVE_EXCLUSION,exclusion-eeeef1e830b95066bcdcb2a9f57b11e8,conference,3,
doi:10.17798/bitlisfen.1610300,,doi:10.17798/bitlisfen.1610300,Deepfake Image Detection with Transfer Learning Models,10.17798/bitlisfen.1610300,,W4408853348,pure_deepfake,doi,IDENTITY_LOCKED,1,true,true,NO_EXISTING_EXCLUSION,,,,,,,,NEW_ACTIVE_EXCLUSION,exclusion-d9cb126d981158088834ad44c21b0ebf,journal,1,
doi:10.22266/ijies2023.0630.07,,doi:10.22266/ijies2023.0630.07,DeepFake Detection Improvement for Images Based on a Proposed Method for Local Binary Pattern of the Multiple-Channel Color Space,10.22266/ijies2023.0630.07,,W4367554082,pure_deepfake,doi,IDENTITY_LOCKED,1,true,true,NO_EXISTING_EXCLUSION,,,,,,,,NEW_ACTIVE_EXCLUSION,exclusion-b1529b32d0db5dda9f915a1e9286461b,journal,2,
doi:10.23919/ccc50068.2020.9189596,,doi:10.23919/ccc50068.2020.9189596,DeepFake Face Image Detection based on Improved VGG Convolutional Neural Network,10.23919/ccc50068.2020.9189596,,W3084142230,pure_deepfake,doi,IDENTITY_LOCKED,1,true,true,NO_EXISTING_EXCLUSION,,,,,,,,NEW_ACTIVE_EXCLUSION,exclusion-9879d41ce4115af9abf0b38bba16fde3,conference,1,
doi:10.32604/cmc.2025.063141,,doi:10.32604/cmc.2025.063141,SMNDNet for Multiple Types of Deepfake Image Detection,10.32604/cmc.2025.063141,,W4408874542,pure_deepfake,doi,IDENTITY_LOCKED,1,true,true,NO_EXISTING_EXCLUSION,,,,,,,,NEW_ACTIVE_EXCLUSION,exclusion-8e826d4cfd9f5a9fbc70fd6412c97b7d,journal,2,
doi:10.32604/iasc.2023.029653,,doi:10.32604/iasc.2023.029653,Detecting Deepfake Images Using Deep Learning Techniques and Explainable AI Methods,10.32604/iasc.2023.029653,,W4285791495,pure_deepfake,doi,IDENTITY_LOCKED,1,true,true,NO_EXISTING_EXCLUSION,,,,,,,,NEW_ACTIVE_EXCLUSION,exclusion-47852c1cb3855105b48cc9752c1e5728,journal,4,
doi:10.3389/frsip.2022.918725,,doi:10.3389/frsip.2022.918725,An Eyes-Based Siamese Neural Network for the Detection of GAN-Generated Face Images,10.3389/frsip.2022.918725,,W4284895444,pure_deepfake,doi,IDENTITY_LOCKED,1,true,true,NO_EXISTING_EXCLUSION,,,,,,,,NEW_ACTIVE_EXCLUSION,exclusion-5e1c14975145569c8a10036276aa86b1,journal,1,
doi:10.3390/app12199820,,doi:10.3390/app12199820,A Novel Deep Learning Approach for Deepfake Image Detection,10.3390/app12199820,,W4297988790,pure_deepfake,doi,IDENTITY_LOCKED,1,true,true,NO_EXISTING_EXCLUSION,,,,,,,,NEW_ACTIVE_EXCLUSION,exclusion-b47752e1f396525cbb1216439758bc23,journal,2,
doi:10.3390/computers13010031,,doi:10.3390/computers13010031,Multiclass AI-Generated Deepfake Face Detection Using Patch-Wise Deep Learning Model,10.3390/computers13010031,,W4391110866,pure_deepfake,doi,IDENTITY_LOCKED,1,true,true,NO_EXISTING_EXCLUSION,,,,,,,,NEW_ACTIVE_EXCLUSION,exclusion-cb465407fa5c5a5ca28fad6dc38326bd,journal,4,
doi:10.3390/electronics13091662,,doi:10.3390/electronics13091662,A Hybrid CNN-LSTM Approach for Precision Deepfake Image Detection Based on Transfer Learning,10.3390/electronics13091662,,W4395673009,pure_deepfake,doi,IDENTITY_LOCKED,1,true,true,NO_EXISTING_EXCLUSION,,,,,,,,NEW_ACTIVE_EXCLUSION,exclusion-e59a655659fd5583a491753e5872a1c0,journal,2,
doi:10.4018/ijswis.384517,,doi:10.4018/ijswis.384517,Semantic-Aware Lightweight AI Model for Deepfake Image Detection in Online Retail Platforms,10.4018/ijswis.384517,,W4412112598,pure_deepfake,doi,IDENTITY_LOCKED,1,true,true,NO_EXISTING_EXCLUSION,,,,,,,,NEW_ACTIVE_EXCLUSION,exclusion-e191652c051653ada45bae9fa4dac2c9,journal,6,
doi:10.1145/3576915.3623189,,doi:10.1145/3576915.3623189,Evading Watermark based Detection of AI-Generated Content,10.1145/3576915.3623189,2305.03807,W4388858443,watermark_provenance,doi,IDENTITY_LOCKED,1,true,true,NO_EXISTING_EXCLUSION,,,,,,,,NEW_ACTIVE_EXCLUSION,exclusion-deba9d5d27ee5d978191952ca6557e44,conference,1,
