paper_id,resolved_authoritative_identity,exclusion_id,prior_exclusion_existence,prior_active_state,prior_restored_at,prior_restore_note,prior_reason,prior_review_note,prior_exclusion_row_sha256,migration_action,audit_source,resulting_active_state,future_restoration_action
curated:3ea88dc6c3224d22d416,curated:3ea88dc6c3224d22d416,exclusion-ea456e71491f58989c0e28f44cbf2729,false,,,,,,,NEW_ACTIVE_EXCLUSION,legacy_scope_cleanup_audit_2026_09,true,SET_INACTIVE_RETAIN_ROW
,doi:10.3390/jimaging7030059,exclusion-7ac02b43ccbf5872a7a3ae0d893b1069,false,,,,,,,NEW_ACTIVE_EXCLUSION,legacy_scope_cleanup_audit_2026_09,true,SET_INACTIVE_RETAIN_ROW
curated:074bb9a77ee85d50090c,curated:074bb9a77ee85d50090c,exclusion-6c53124e1f7954c09d1aa54937083a22,false,,,,,,,NEW_ACTIVE_EXCLUSION,legacy_scope_cleanup_audit_2026_09,true,SET_INACTIVE_RETAIN_ROW
curated:4b5ef3aeb56177a90939,curated:4b5ef3aeb56177a90939,exclusion-084918571d5753c09ce1b0f9a317ba17,false,,,,,,,NEW_ACTIVE_EXCLUSION,legacy_scope_cleanup_audit_2026_09,true,SET_INACTIVE_RETAIN_ROW
curated:6a0913decc4e81abddb3,curated:6a0913decc4e81abddb3,exclusion-227d9a482ee8519b9de38b0399e019b2,false,,,,,,,NEW_ACTIVE_EXCLUSION,legacy_scope_cleanup_audit_2026_09,true,SET_INACTIVE_RETAIN_ROW
curated:80e6fc4ce64c001a2b3d,curated:80e6fc4ce64c001a2b3d,exclusion-8853fc167d28586ca8ea8fad0d270fa3,false,,,,,,,NEW_ACTIVE_EXCLUSION,legacy_scope_cleanup_audit_2026_09,true,SET_INACTIVE_RETAIN_ROW
curated:8227355571a6d402e4f8,curated:8227355571a6d402e4f8,exclusion-2c63b2b5efce54158b98812cd590b4b1,false,,,,,,,NEW_ACTIVE_EXCLUSION,legacy_scope_cleanup_audit_2026_09,true,SET_INACTIVE_RETAIN_ROW
curated:988373de555945528142,curated:988373de555945528142,exclusion-ef468975cb5557ad84248cd68086f317,false,,,,,,,NEW_ACTIVE_EXCLUSION,legacy_scope_cleanup_audit_2026_09,true,SET_INACTIVE_RETAIN_ROW
curated:a0c532923fe10a4ee7c0,curated:a0c532923fe10a4ee7c0,exclusion-f4ae1ceb5cdb5d9aa944500f84a8b6ce,false,,,,,,,NEW_ACTIVE_EXCLUSION,legacy_scope_cleanup_audit_2026_09,true,SET_INACTIVE_RETAIN_ROW
curated:bbe4e9e8c5b41e467a76,curated:bbe4e9e8c5b41e467a76,exclusion-801775d4ea7f5121b3cd3f2d31a7625b,false,,,,,,,NEW_ACTIVE_EXCLUSION,legacy_scope_cleanup_audit_2026_09,true,SET_INACTIVE_RETAIN_ROW
curated:c071c25bc2957d78569b,curated:c071c25bc2957d78569b,exclusion-6b0f2730deba5bdc971c66c8113375ed,false,,,,,,,NEW_ACTIVE_EXCLUSION,legacy_scope_cleanup_audit_2026_09,true,SET_INACTIVE_RETAIN_ROW
curated:cd18fc45f8a86a30aaf6,curated:cd18fc45f8a86a30aaf6,exclusion-05c3b5617df45ad5a3d2de336d77d548,false,,,,,,,NEW_ACTIVE_EXCLUSION,legacy_scope_cleanup_audit_2026_09,true,SET_INACTIVE_RETAIN_ROW
curated:ce21a7aa219b08d1b81a,curated:ce21a7aa219b08d1b81a,exclusion-a7e2ece9551a54d7891fbd44c2afbf93,false,,,,,,,NEW_ACTIVE_EXCLUSION,legacy_scope_cleanup_audit_2026_09,true,SET_INACTIVE_RETAIN_ROW
,doi:10.1002/widm.1520,exclusion-2635537f04a351389c18484ffe66feea,false,,,,,,,NEW_ACTIVE_EXCLUSION,legacy_scope_cleanup_audit_2026_09,true,SET_INACTIVE_RETAIN_ROW
,doi:10.1016/j.future.2021.06.043,exclusion-27700ca45d285fedb9419d46677afbdb,false,,,,,,,NEW_ACTIVE_EXCLUSION,legacy_scope_cleanup_audit_2026_09,true,SET_INACTIVE_RETAIN_ROW
,doi:10.1016/j.heliyon.2024.e37163,exclusion-7b4be4e6e3cc50c48a8482750103e431,false,,,,,,,NEW_ACTIVE_EXCLUSION,legacy_scope_cleanup_audit_2026_09,true,SET_INACTIVE_RETAIN_ROW
,doi:10.1016/j.patrec.2024.03.025,exclusion-88d7ee1dac3c5af4ba1dbdc873bd9f2d,false,,,,,,,NEW_ACTIVE_EXCLUSION,legacy_scope_cleanup_audit_2026_09,true,SET_INACTIVE_RETAIN_ROW
,doi:10.1016/j.procs.2023.01.237,exclusion-194ecc71b77450369a0b6d9857b00b80,false,,,,,,,NEW_ACTIVE_EXCLUSION,legacy_scope_cleanup_audit_2026_09,true,SET_INACTIVE_RETAIN_ROW
,doi:10.1016/j.procs.2025.04.313,exclusion-e4668477bd275654ba13c93f3d7ff50d,false,,,,,,,NEW_ACTIVE_EXCLUSION,legacy_scope_cleanup_audit_2026_09,true,SET_INACTIVE_RETAIN_ROW
,doi:10.1038/s41598-023-34629-3,exclusion-bf1199c148f256298fc2b6e6fa252263,false,,,,,,,NEW_ACTIVE_EXCLUSION,legacy_scope_cleanup_audit_2026_09,true,SET_INACTIVE_RETAIN_ROW
,doi:10.1093/cybsec/tyad011,exclusion-2e0d3010993c56af8f1f134492c69e8f,false,,,,,,,NEW_ACTIVE_EXCLUSION,legacy_scope_cleanup_audit_2026_09,true,SET_INACTIVE_RETAIN_ROW
,doi:10.1109/blackseacom61746.2024.10646310,exclusion-c082409b8d2652758c8c4b3f20778019,false,,,,,,,NEW_ACTIVE_EXCLUSION,legacy_scope_cleanup_audit_2026_09,true,SET_INACTIVE_RETAIN_ROW
,doi:10.1109/cait56099.2022.10072275,exclusion-6d38ec2572265eb49102c895b7749d2a,false,,,,,,,NEW_ACTIVE_EXCLUSION,legacy_scope_cleanup_audit_2026_09,true,SET_INACTIVE_RETAIN_ROW
,doi:10.1109/cvpr42600.2020.00505,exclusion-180a502c420d58529bf33632c99e2cc8,false,,,,,,,NEW_ACTIVE_EXCLUSION,legacy_scope_cleanup_audit_2026_09,true,SET_INACTIVE_RETAIN_ROW
,doi:10.1109/hora55278.2022.9799858,exclusion-3935564de0745e4e9ba574c9f31b2ffe,false,,,,,,,NEW_ACTIVE_EXCLUSION,legacy_scope_cleanup_audit_2026_09,true,SET_INACTIVE_RETAIN_ROW
,doi:10.1109/idicaiei61867.2024.10842840,exclusion-0df58eddc18c5fd984ce15d665036e23,false,,,,,,,NEW_ACTIVE_EXCLUSION,legacy_scope_cleanup_audit_2026_09,true,SET_INACTIVE_RETAIN_ROW
,doi:10.1109/iitcee59897.2024.10467257,exclusion-b4c81bf833c64b808efdec040224d1f4,true,false,2026-07-17T23:00:57Z,ML,deepfake_only_not_core,ML,b085277ca44b334ce5daaab83a73250bb13461db7523dc928d6f2b3702e53b5a,REACTIVATED_EXCLUSION,legacy_scope_cleanup_audit_2026_09,true,RESTORE_PRIOR_ROW_FROM_RECEIPT
,doi:10.1109/ocit53463.2021.00039,exclusion-a79682af30495381a1ec770e10e7dbc6,false,,,,,,,NEW_ACTIVE_EXCLUSION,legacy_scope_cleanup_audit_2026_09,true,SET_INACTIVE_RETAIN_ROW
,doi:10.1109/punecon63413.2024.10895706,exclusion-863fc138d24c52828f5e11374e435122,false,,,,,,,NEW_ACTIVE_EXCLUSION,legacy_scope_cleanup_audit_2026_09,true,SET_INACTIVE_RETAIN_ROW
,doi:10.1109/tpami.2021.3093446,exclusion-97fae1b81f0b51dbb5f91cb3c191fb5a,false,,,,,,,NEW_ACTIVE_EXCLUSION,legacy_scope_cleanup_audit_2026_09,true,SET_INACTIVE_RETAIN_ROW
,doi:10.1109/wifs49906.2020.9360905,exclusion-aea7623d16c95594a12cf879d1cbc774,false,,,,,,,NEW_ACTIVE_EXCLUSION,legacy_scope_cleanup_audit_2026_09,true,SET_INACTIVE_RETAIN_ROW
,doi:10.1145/3512732.3533582,exclusion-eeeef1e830b95066bcdcb2a9f57b11e8,false,,,,,,,NEW_ACTIVE_EXCLUSION,legacy_scope_cleanup_audit_2026_09,true,SET_INACTIVE_RETAIN_ROW
,doi:10.17798/bitlisfen.1610300,exclusion-d9cb126d981158088834ad44c21b0ebf,false,,,,,,,NEW_ACTIVE_EXCLUSION,legacy_scope_cleanup_audit_2026_09,true,SET_INACTIVE_RETAIN_ROW
,doi:10.22266/ijies2023.0630.07,exclusion-b1529b32d0db5dda9f915a1e9286461b,false,,,,,,,NEW_ACTIVE_EXCLUSION,legacy_scope_cleanup_audit_2026_09,true,SET_INACTIVE_RETAIN_ROW
,doi:10.23919/ccc50068.2020.9189596,exclusion-9879d41ce4115af9abf0b38bba16fde3,false,,,,,,,NEW_ACTIVE_EXCLUSION,legacy_scope_cleanup_audit_2026_09,true,SET_INACTIVE_RETAIN_ROW
,doi:10.32604/cmc.2025.063141,exclusion-8e826d4cfd9f5a9fbc70fd6412c97b7d,false,,,,,,,NEW_ACTIVE_EXCLUSION,legacy_scope_cleanup_audit_2026_09,true,SET_INACTIVE_RETAIN_ROW
,doi:10.32604/iasc.2023.029653,exclusion-47852c1cb3855105b48cc9752c1e5728,false,,,,,,,NEW_ACTIVE_EXCLUSION,legacy_scope_cleanup_audit_2026_09,true,SET_INACTIVE_RETAIN_ROW
,doi:10.3389/frsip.2022.918725,exclusion-5e1c14975145569c8a10036276aa86b1,false,,,,,,,NEW_ACTIVE_EXCLUSION,legacy_scope_cleanup_audit_2026_09,true,SET_INACTIVE_RETAIN_ROW
,doi:10.3390/app12199820,exclusion-b47752e1f396525cbb1216439758bc23,false,,,,,,,NEW_ACTIVE_EXCLUSION,legacy_scope_cleanup_audit_2026_09,true,SET_INACTIVE_RETAIN_ROW
,doi:10.3390/computers13010031,exclusion-cb465407fa5c5a5ca28fad6dc38326bd,false,,,,,,,NEW_ACTIVE_EXCLUSION,legacy_scope_cleanup_audit_2026_09,true,SET_INACTIVE_RETAIN_ROW
,doi:10.3390/electronics13091662,exclusion-e59a655659fd5583a491753e5872a1c0,false,,,,,,,NEW_ACTIVE_EXCLUSION,legacy_scope_cleanup_audit_2026_09,true,SET_INACTIVE_RETAIN_ROW
,doi:10.4018/ijswis.384517,exclusion-e191652c051653ada45bae9fa4dac2c9,false,,,,,,,NEW_ACTIVE_EXCLUSION,legacy_scope_cleanup_audit_2026_09,true,SET_INACTIVE_RETAIN_ROW
,doi:10.1145/3576915.3623189,exclusion-deba9d5d27ee5d978191952ca6557e44,false,,,,,,,NEW_ACTIVE_EXCLUSION,legacy_scope_cleanup_audit_2026_09,true,SET_INACTIVE_RETAIN_ROW
