audit_id,action,institution_id,previous_institution_id,affected_papers,affected_mappings,affected_markers,affected_authors,confirmation_text,review_note,created_at,created_by
institution-audit:a255ab9dfe6bb3a912f9,merge,institution:e278f75918ccf8a7,institution:dfb3cc816a4476d7,2,2,2,Chenming Zhou; Danding Wang; Fan Tang; Jiaan Wang; Juan Cao; Lei Li; Sheng Tang; Tianyun Yang; Xinying Zhao; Yu Li,"REPLACE Institute of Computing Technology WITH Institute of Computing Technology, Chinese Academy of Sciences GLOBALLY",Merged through Institution Management.,2026-07-15T13:24:18Z,local-admin
institution-audit:8fbde72de308ca703f16,data_repair,institution:e278f75918ccf8a7,,1,0,0,Tianyun Yang; Danding Wang; Fan Tang; Xinying Zhao; Juan Cao; Sheng Tang,Rebound institution_location_review.csv row for openalex:W4386075764 from a blank institution_id to the confirmed ICT-CAS canonical ID.,Preserved the alias name and raw affiliation evidence; synchronized the row to the already confirmed canonical location.,2026-07-15T13:51:44Z,codex-data-repair
institution-audit:30ac17527fa0b1510ef9,data_repair,institution:2f8c9f8f9209013d,,1,0,0,Sheng Tang,Consolidated the provenance-free Zhejiang Lab direct-location row into the paper-linked review row for openalex:W4386075764.,Preserved the raw affiliation and confirmed coordinates; removed only the duplicate row that had no paper identity evidence.,2026-07-15T13:51:44Z,codex-data-repair
institution-audit:45dce24cb5d35912f571,data_repair,institution:50c86a6fc102a2c1,,1,0,0,Qiang Ji,Rebound the blank-ID Rensselaer Polytechnic Institute location-review row for openalex:W2903907439 to the active canonical institution used by its confirmed mapping.,Preserved paper identity raw affiliation coordinate status notes and review timestamps; no location decision was changed.,2026-07-16T15:28:08Z,codex-data-repair
institution-audit:520933df85c1342b11eb,data_repair,institution:e64214548d48f667,,1,0,0,Chao Gou; Kunfeng Wang; Fei-Yue Wang,Rebound the blank-ID Qingdao Academy of Intelligent Industries location-review row for openalex:W2903907439 to the active canonical institution used by its confirmed mapping.,Preserved paper identity raw affiliation coordinate status notes and review timestamps; no location decision was changed.,2026-07-16T15:28:08Z,codex-data-repair
institution-audit:bee4813910682903da77,merge,institution:6a318a8411b5cf74,institution:2e73bb336e7ad920,1,1,1,Ana Lucila Sandoval Orozco; Luis Javier García Villalba; Staycy Guevara,REPLACE Universidad Complutense de Madrid WITH Complutense University of Madrid GLOBALLY,Merged through Institution Management.,2026-07-17T22:10:18Z,local-admin
institution-audit:9d2bfd3bf25c624f7469,confirmed_mapping_changed,institution:db049bef3a2d25e0,institution:dfb7666cf1c6e052,1,1,1,Wengang Zhou; Houqiang Li,"mapping_id=mapping:eee47ea69c42e3cf5cd2; paper_id=openalex:W4390873235; paper_title=DIRE for Diffusion-Generated Image Detection; previous_institution=Hefei Comprehensive National Science Center; new_institution=Institute of Artificial Intelligence, Hefei Comprehensive National Science Center; change_source=admin_mapping_update",,2026-07-17T23:30:06Z,local-admin
institution-audit:f79ae6008558a36abf28,confirmed_mapping_changed,institution:a86e3c911036d069,institution:3fbfa9f5164d66f4,1,1,1,Zichang Tan; Xu Zhou,mapping_id=mapping:11263b06d9b557326e96; paper_id=curated:3e707a16418405139945; paper_title=Towards Generalizable AI-Generated Image Detection via Image-Adaptive Prompt Learning; previous_institution=Sangfor Technologies Inc. (institution:a86e3c911036d069); new_institution=Sangfor Technologies Inc.; change_source=admin_mapping_update,,2026-07-22T22:11:31Z,local-admin
institution-audit:d7c62b6e7ed01a561c57,confirmed_mapping_changed,institution:118c2f047da4525d,institution:33f2056ddfd46aaa,1,1,1,Sainath Reddy Sankepally,"mapping_id=mapping:95192f5f75066b27b440; paper_id=curated:613af6288792f6ece505; paper_title=The Visual Counter Turing Test (VCT2): A Benchmark for Evaluating AI-Generated Image Detection and the Visual AI Index (VAI); previous_institution=International Institute of Information Technology; new_institution=International Institute of Information Technology, Naya Raipur; change_source=admin_mapping_update",,2026-07-22T22:18:22Z,local-admin
institution-audit:3be7a70a89fff994daac,ignore,institution:3fbfa9f5164d66f4,,0,0,0,,This hides this institution from public outputs without deleting data.,ML,2026-07-22T22:25:48Z,local-admin
institution-audit:e5cb196f0dafb68b1322,ignore,institution:3fbfa9f5164d66f4,,0,0,0,,This hides this institution from public outputs without deleting data.,ML,2026-07-22T22:26:03Z,local-admin
institution-audit:6d07bdc8f0146d1363e1,mapping_change_confirmed,institution:a86e3c911036d069,institution:3fbfa9f5164d66f4,1,1,1,,review_queue_id=institution-review:b90e3cb56242e81d8c32; source_audit_id=institution-audit:f79ae6008558a36abf28; mapping_id=mapping:11263b06d9b557326e96; previous_institution=Sangfor Technologies Inc. (institution:a86e3c911036d069); new_institution=Sangfor Technologies Inc.; reverted_institution=; evidence_source=CVF accepted paper PDF; evidence_url=https://openaccess.thecvf.com/content/CVPR2026/papers/Li_Towards_Generalizable_AI-Generated_Image_Detection_via_Image-Adaptive_Prompt_Learning_CVPR_2026_paper.pdf,"Confirmed migration from the temporary duplicate Sangfor entity to the established Sangfor canonical institution. The duplicate was created from an ID-qualified display label; the CVF accepted paper assigns Zichang Tan and Xu Zhou to affiliation 4, Sangfor Technologies Inc.",2026-07-26T15:44:05+00:00,local-admin
institution-audit:1bcb29d1ee76fa8b9bd7,mapping_change_confirmed,institution:118c2f047da4525d,institution:33f2056ddfd46aaa,1,1,1,,"review_queue_id=institution-review:81e9239ffed58e4ce64c; source_audit_id=institution-audit:d7c62b6e7ed01a561c57; mapping_id=mapping:95192f5f75066b27b440; previous_institution=International Institute of Information Technology; new_institution=International Institute of Information Technology, Naya Raipur; reverted_institution=; evidence_source=ACL Anthology paper PDF and author LinkedIn profile; evidence_url=https://in.linkedin.com/in/sainathreddy-sankepally","Confirmed the intentional refinement from the ambiguous paper wording International Institute of Information Technology, India to IIIT-Naya Raipur. ACL Anthology ties Sainath Reddy Sankepally to marker 5; the named author LinkedIn education record identifies IIIT-Naya Raipur for 2020–2024.",2026-07-26T15:44:05+00:00,local-admin
institution-audit:22b386e44a4e44ab4f05,confirmed_mapping_changed,institution:1e2fe2432a089705,institution:dab09d5fa9af8fea,1,1,1,Mamadou Keita; Hessen Bougueffa Eutamene; Abdelmalik Taleb-Ahmed,mapping_id=mapping:073be23fc98bb2897321; paper_id=openalex:W7118010096; paper_title=DeeCLIP: A Robust and Generalizable Transformer-Based Framework for Detecting AI-Generated Images; previous_institution=University Polytechnique Hauts-de-France; new_institution=Polytechnic University of Hauts-de-France; change_source=admin_mapping_update,,2026-07-26T20:41:44Z,local-admin
institution-audit:715b98c6f7526f51cd86,merge,institution:1e2fe2432a089705,institution:dab09d5fa9af8fea,0,0,0,,REPLACE University Polytechnique Hauts-de-France WITH Polytechnic University of Hauts-de-France GLOBALLY,Merged mixed-language DeeCLIP affiliation spelling into the established UPHF canonical identity; the paper wording is retained as a confirmed alias.,2026-07-26T20:53:57Z,local-admin
institution-audit:1643fd5b50bc60375ca3,merge,institution:1e2fe2432a089705,institution:d09040aba5fecf8e,1,1,1,Abdelmalik Taleb-Ahmed; Hassen Bougueffa; Mamadou Keita,REPLACE Polytechnic University of Hauts-de-France WITH Polytechnic University of Hauts-de-France GLOBALLY,Merged the legacy French-name identity duplicate into the established UPHF canonical identity while retaining the French name and review provenance as a confirmed alias.,2026-07-26T20:53:57Z,local-admin
institution-audit:591a116897a0e509a8ac,confirmed_mapping_changed,institution:1e2fe2432a089705,institution:871c652a6d6c8673,1,1,1,Mamadou Keita; Hessen Bougueffa Eutamene; Abdelmalik Taleb-Ahmed,mapping_id=mapping:073be23fc98bb2897321; paper_id=openalex:W7118010096; paper_title=DeeCLIP: A Robust and Generalizable Transformer-Based Framework for Detecting AI-Generated Images; previous_institution=legacy UPHF institution identity; new_institution=Polytechnic University of Hauts-de-France; change_source=canonical_identity_reconciliation,Durable evidence that the previously published UPHF institution identity was superseded by the confirmed canonical UPHF institution.,2026-07-26T21:33:27Z,local-admin
institution-audit:2677bb6daed6c1080ce0,confirmed_mapping_changed,institution:94efe2a875dd4d0e,institution:05b67f44dd9f6846,1,1,1,Junbin Zhang; Yixiao Wang; Hamid Reza Tohidypour; Panos Nasiopoulos,mapping_id=mapping:d2177acec383989750a4; paper_id=curated:1c590f67c931d712bb78; paper_title=An Efficient Frequency Domain Based Attribution and Detection Network; previous_institution=University of British Columbia; new_institution=The University of British Columbia; change_source=admin_mapping_update,Automatically imported affiliation candidate; confirm the canonical institution before public export.,2026-07-29T07:06:29Z,local-admin
