location_id,institution_id,institution,normalized_institution,city,region,country,country_code,lat,lon,coordinate_status,created_at,updated_at,created_by
location:2e73bb336e7ad920a7c2,institution:6a318a8411b5cf74,Complutense University of Madrid,complutense university of madrid,Madrid,Community of Madrid,Spain,ES,40.449167,-3.728056,known,2026-06-29T19:32:42Z,2026-08-22T16:45:54Z,local-admin
location:3e2d6c20e9d268da465d,institution:3e2d6c20e9d268da,Hanyang University,hanyang university,Seoul,Seoul,South Korea,KR,37.5572,127.0453,known,2026-06-29T20:12:59Z,2026-06-29T20:12:59Z,local-admin
location:6e61f1cad147c313e93f,institution:6e61f1cad147c313,"Yonsei University, International Campus",yonsei university international campus,Incheon,Incheon,South Korea,KR,37.3839,126.6708,known,2026-06-29T20:16:40Z,2026-06-29T20:16:40Z,local-admin
location:42992b97b8e05dd487c8,institution:42992b97b8e05dd4,"Yonsei University, Sinchon Campus",yonsei university sinchon campus,Seoul,Seoul,South Korea,KR,37.5658,126.9386,known,2026-06-29T20:18:00Z,2026-06-29T20:18:00Z,local-admin
location:6a892bbe4ee5712254e8,institution:6a892bbe4ee57122,University of Toronto,university of toronto,Toronto,Ontario,Canada,CA,43.6635,-79.3958,known,2026-06-29T20:19:59Z,2026-06-29T20:20:00Z,local-admin
location:2469c3505064216ce3a8,institution:2469c3505064216c,Queen's University,queen s university,Kingston,Ontario,Canada,CA,44.2253,-76.4951,known,2026-06-29T20:26:19Z,2026-06-29T20:26:19Z,local-admin
location:91e76fe32279c58dea46,institution:91e76fe32279c58d,Hangzhou High-Tech Zone (Binjiang) Institute of Blockchain and Data Security,hangzhou high tech zone binjiang institute of blockchain and data security,Hangzhou,Zhejiang,China,CN,30.2079,120.2108,known,2026-06-29T20:29:44Z,2026-06-29T20:29:44Z,local-admin
location:6d607bd40551e45ffbb1,institution:6d607bd40551e45f,Tamkang University,tamkang university,New Taipei City,Taiwan,Taiwan,TW,25.1754,121.4495,known,2026-06-29T20:38:20Z,2026-06-29T21:18:30Z,local-admin
location:9958d7ee1cfec4aa225c,institution:9958d7ee1cfec4aa,IMT School for Advanced Studies Lucca,imt school for advanced studies lucca,Lucca,Toscany,Italy,IT,43.8454,10.5065,known,2026-06-30T15:33:15Z,2026-06-30T15:33:15Z,local-admin
location:15e8da2735014d497573,institution:15e8da2735014d49,Central University of Finance and Economics,central university of finance and economics,Beijing,Beijing,China,CN,39.9626,116.3438,known,2026-06-30T19:41:01Z,2026-06-30T19:41:01Z,local-admin
location:f04b96a9716ab2f49ddf,institution:f04b96a9716ab2f4,Mohamed bin Zayed University of Artificial Intelligence,mohamed bin zayed university of artificial intelligence,Abu Dhabi,Abu Dhabi,United Arab Emirates,AE,24.4329,54.6178,known,2026-06-30T21:10:30Z,2026-06-30T21:10:55Z,local-admin
location:afc29be68ac419bed0ee,institution:afc29be68ac419be,Xi'an Jiaotong University,xi an jiaotong university,Xi’an,Shaanxi,China,CN,34.2467,108.9839,known,2026-06-30T21:12:27Z,2026-07-01T04:33:48Z,local-admin
location:ec71dc4340659fd9f388,institution:ec71dc4340659fd9,City University of Hong Kong,city university of hong kong,Hong Kong,Hong Kong,China,CN,22.3374,114.173,known,2026-06-30T21:13:52Z,2026-06-30T21:13:52Z,local-admin
location:baa1df7c4adddbda8d0b,institution:baa1df7c4adddbda,Fudan University,fudan university,Shanghai,Shanghai,China,CN,31.2989,121.5018,known,2026-07-01T03:40:19Z,2026-07-01T03:40:19Z,local-admin
location:b978b6dfc7b3baa06ec0,institution:b978b6dfc7b3baa0,University of Bergen,university of bergen,Bergen,Vestland,Norway,NO,60.3862,5.3204,known,2026-07-01T03:41:51Z,2026-07-01T03:41:51Z,local-admin
location:6f4241a7694672b8f2da,institution:6f4241a7694672b8,Princeton University,princeton university,Princeton,New Jersey,United States,US,40.3431,-74.6551,known,2026-07-01T03:43:22Z,2026-07-01T03:43:22Z,local-admin
location:7417258b2e3d34918af8,institution:7417258b2e3d3491,University of Waterloo,university of waterloo,Waterloo,Ontario,Canada,CA,43.4723,-80.5449,known,2026-07-01T03:45:05Z,2026-07-01T03:45:05Z,local-admin
location:5a73fc9b412db6f4212a,institution:5a73fc9b412db6f4,University of Hamburg,university of hamburg,Hamburg,Hamburg,Germany,DE,53.5661,9.9846,known,2026-07-01T03:46:25Z,2026-07-01T03:46:25Z,local-admin
location:7506c126bc077e9b7fdc,institution:7506c126bc077e9b,"University at Albany, SUNY",university at albany suny,Albany,New York,United States,US,42.6868,-73.8242,known,2026-07-01T03:47:49Z,2026-07-01T03:47:49Z,local-admin
location:bf6195b78f6dc9516f3e,institution:bf6195b78f6dc951,Beijing Jiaotong University,beijing jiaotong university,Beijing,Beijing,China,CN,39.959,116.348,known,2026-07-01T03:48:55Z,2026-07-01T03:48:55Z,local-admin
location:6dd3ce9e0d5fd1abf889,institution:6dd3ce9e0d5fd1ab,Singapore University of Technology and Design,singapore university of technology and design,Singapore,Singapore,Singapore,SG,1.3414,103.9638,known,2026-07-01T03:51:05Z,2026-07-01T03:51:05Z,local-admin
location:c5810afc25d178a5d946,institution:c5810afc25d178a5,Yanshan University,yanshan university,Qinhuangdao,Hebei,China,CN,39.9044,119.5361,known,2026-07-01T03:52:54Z,2026-07-01T03:52:54Z,local-admin
location:1e2fe2432a0897054ff4,institution:1e2fe2432a089705,Polytechnic University of Hauts-de-France,polytechnic university of hauts de france,Valenciennes,Hauts-de-France,France,FR,50.325,3.511,known,2026-07-01T03:54:34Z,2026-07-01T03:54:59Z,local-admin
location:271362b3e1310a1cc98c,institution:271362b3e1310a1c,Sorbonne University Abu Dhabi,sorbonne university abu dhabi,Abu Dhabi,Abu Dhabi,United Arab Emirates,AE,24.4851,54.4126,known,2026-07-01T03:56:35Z,2026-07-01T03:56:35Z,local-admin
location:366058c27e3438744ac0,institution:366058c27e343874,Massachusetts Institute of Technology,massachusetts institute of technology,Cambridge,Massachusetts,United States,US,42.3601,-71.0942,known,2026-07-01T03:59:48Z,2026-07-01T03:59:48Z,local-admin
location:b99e56fd553952504c88,institution:b99e56fd55395250,National Yang Ming Chiao Tung University,national yang ming chiao tung university,Hsinchu,Taiwan,China,CN,24.786,120.997,known,2026-07-01T04:01:27Z,2026-07-01T04:01:27Z,local-admin
location:81f79a387128ccac27fa,institution:81f79a387128ccac,Khalifa University,khalifa university,Abu Dhabi,Abu Dhabi,United Arab Emirates,AE,24.4692,54.3773,known,2026-07-01T04:02:55Z,2026-07-01T04:02:55Z,local-admin
location:3e2e527953176c93d518,institution:3e2e527953176c93,University of Wisconsin-Madison,university of wisconsin madison,Madison,Wisconsin,United States,US,43.0758,-89.4039,known,2026-07-01T04:04:05Z,2026-07-01T04:04:05Z,local-admin
location:c5eade35ea50a85601d3,institution:c5eade35ea50a856,Queen Mary University of London,queen mary university of london,London,England,United Kingdom,GB,51.523,-0.0395,known,2026-07-01T04:05:38Z,2026-07-01T04:13:36Z,local-admin
location:35e36dc1a5213fa37380,institution:35e36dc1a5213fa3,Google Research,google research,Mountain View,California,United States,US,37.422,-122.0841,known,2026-07-01T04:07:24Z,2026-07-01T04:07:24Z,local-admin
location:541450f1f663948c1bd8,institution:541450f1f663948c,ISTI-CNR,isti cnr,Pisa,Toscany,Italy,IT,43.7196,10.4217,known,2026-07-01T04:08:50Z,2026-07-01T04:08:50Z,local-admin
location:721b1fe645c5b099b647,institution:721b1fe645c5b099,CNIT,cnit,Florence,Tuscany,Italy,IT,43.8016,11.2452,known,2026-07-01T04:10:19Z,2026-07-01T04:10:19Z,local-admin
location:592f613084a7ca9dda09,institution:592f613084a7ca9d,Southeast University,southeast university,Nanjing,Jiangsu,China,CN,31.8892,118.8156,known,2026-07-01T04:13:01Z,2026-07-01T04:13:01Z,local-admin
location:24e78a56f93457a51770,institution:24e78a56f93457a5,City University of London,city university of london,London,England,United Kingdom,GB,51.5279,-0.1028,known,2026-07-01T04:15:56Z,2026-07-01T04:16:05Z,local-admin
location:52cbdd91a8dbd658c458,institution:52cbdd91a8dbd658,Yonsei University,yonsei university,Seoul,Seoul,South Korea,KR,37.5665,126.9386,known,2026-07-01T04:17:49Z,2026-07-01T04:18:02Z,local-admin
location:678fbbc18157fd4588f1,institution:678fbbc18157fd45,École Polytechnique,école polytechnique,Palaiseau,Île-de-France,France,FR,48.713,2.2087,known,2026-07-01T04:21:43Z,2026-07-01T04:21:43Z,local-admin
location:a28e1611e5e6b8b65824,institution:a28e1611e5e6b8b6,Lanzhou University,lanzhou university,Lanzhou,Gansu,China,CN,36.047,103.859,known,2026-07-01T04:35:28Z,2026-07-01T04:35:28Z,local-admin
location:eefb779b4c760808ece1,institution:eefb779b4c760808,Singapore Management University,singapore management university,Singapore,Singapore,Singapore,SG,1.2966,103.85,known,2026-07-01T04:37:02Z,2026-07-01T04:37:02Z,local-admin
location:90b589325857dff04efc,institution:90b589325857dff0,Purdue University,purdue university,West Lafayette,Indiana,United States,US,40.4237,-86.9212,known,2026-07-01T04:38:37Z,2026-07-01T04:54:26Z,local-admin
location:aea376936c88135ba947,institution:aea376936c88135b,CISPA Helmholtz Center for Information Security,cispa helmholtz center for information security,Saarbrücken,Saarland,Germany,DE,49.2577,7.0422,known,2026-07-01T04:40:37Z,2026-07-01T04:40:37Z,local-admin
location:31f980eaa403801addc9,institution:31f980eaa403801a,The Hong Kong Polytechnic University,the hong kong polytechnic university,Hong Kong,Hong Kong,China,CN,22.3046,114.1796,known,2026-07-01T04:42:07Z,2026-07-01T04:42:07Z,local-admin
location:d046d2c57bb3a863a89a,institution:d046d2c57bb3a863,University of Naples Federico II,university of naples federico ii,Naples,Campania,Italy,IT,40.8463,14.2572,known,2026-07-01T04:52:22Z,2026-07-01T04:52:22Z,local-admin
location:7d7f56dced000a0989a3,institution:7d7f56dced000a09,University of Chicago,university of chicago,Chicago,Illinois,United States,US,41.7897,-87.5997,known,2026-07-01T04:56:03Z,2026-07-01T04:56:03Z,local-admin
location:bf3ddd5552577ff02ad6,institution:bf3ddd5552577ff0,University of Illinois Urbana-Champaign,university of illinois urbana champaign,Urbana,Illinois,United States,US,40.1095,-88.2272,known,2026-07-01T04:57:56Z,2026-07-01T04:57:56Z,local-admin
location:ac7aeed6b85a0a40dfb1,institution:ac7aeed6b85a0a40,Arizona State University,arizona state university,Tempe,Arizona,United States,US,33.4215,-111.9332,known,2026-07-01T04:59:36Z,2026-07-01T04:59:36Z,local-admin
location:a55a77635edc8711d002,institution:a55a77635edc8711,University of Texas at Dallas,university of texas at dallas,Richardson,Texas,United States,US,32.9858,-96.7501,known,2026-07-01T05:01:01Z,2026-07-01T05:01:01Z,local-admin
location:42fcf4ae44e1a706454c,institution:42fcf4ae44e1a706,University of Florence,university of florence,Florence,Tuscany,Italy,IT,43.7779,11.2591,known,2026-07-01T05:03:27Z,2026-07-01T05:03:27Z,local-admin
location:be74dcf5d0cb77ea7a59,institution:be74dcf5d0cb77ea,"University of California, Berkeley",university of california berkeley,Berkeley,California,United States,US,37.8719,-122.2585,known,2026-07-01T05:04:46Z,2026-07-01T05:04:46Z,local-admin
location:e433baf78e80004bdaba,institution:e433baf78e80004b,Zhejiang University,zhejiang university,Hangzhou,Zhejiang,China,CN,30.3083,120.0867,known,2026-07-01T05:06:03Z,2026-07-01T05:25:43Z,local-admin
location:8f8dd64c6339c8ff95bb,institution:8f8dd64c6339c8ff,Ruhr University Bochum,ruhr university bochum,Bochum,North Rhine-Westphalia,Germany,DE,51.4472,7.2603,known,2026-07-01T05:08:07Z,2026-07-01T05:08:07Z,local-admin
location:3ec8d9fa829f57771f7d,institution:3ec8d9fa829f5777,University of Pisa,university of pisa,Pisa,Tuscany,Italy,IT,43.7156,10.4017,known,2026-07-01T05:09:42Z,2026-07-01T05:09:42Z,local-admin
location:89b9b3962b3327c86a1c,institution:89b9b3962b3327c8,University of Michigan,university of michigan,Ann Arbor,Michigan,United States,US,42.278,-83.7382,known,2026-07-01T05:11:47Z,2026-07-01T05:11:47Z,local-admin
location:73bb0fe265f6e09054a8,institution:73bb0fe265f6e090,Friedrich-Alexander-Universität Erlangen-Nürnberg,friedrich alexander universität erlangen nürnberg,Erlangen,Bavaria,Germany,DE,49.5739,11.0285,known,2026-07-01T05:13:35Z,2026-07-01T05:13:35Z,local-admin
location:977430a4473aa4b05cfe,institution:977430a4473aa4b0,Sapienza University of Rome,sapienza university of rome,Rome,Lazio,Italy,IT,41.9028,12.5158,known,2026-07-01T05:14:50Z,2026-07-01T05:14:50Z,local-admin
location:33a58a66974db1122537,institution:33a58a66974db112,Rutgers University,rutgers university,New Brunswick,New Jersey,United States,US,40.5008,-74.4474,known,2026-07-01T05:16:10Z,2026-07-01T05:16:10Z,local-admin
location:fd8ba2b56bf5212da236,institution:fd8ba2b56bf5212d,University of Catania,university of catania,Catania,Sicily,Italy,IT,37.5027,15.0873,known,2026-07-01T05:17:31Z,2026-07-01T05:17:31Z,local-admin
location:117fcda9a639910897cc,institution:117fcda9a6399108,University of Modena and Reggio Emilia,university of modena and reggio emilia,Modena,Emilia-Romagna,Italy,IT,44.6464,10.925,known,2026-07-01T05:19:23Z,2026-07-01T05:19:23Z,local-admin
location:929ddef9540ec1e76a47,institution:929ddef9540ec1e7,Xiamen University,xiamen university,Xiamen,Fujian,China,CN,24.4389,118.0947,known,2026-07-01T05:20:35Z,2026-07-01T05:20:35Z,local-admin
location:4ae45b121fe12e9c10b4,institution:4ae45b121fe12e9c,Tsinghua University,tsinghua university,Beijing,Beijing,China,CN,40.0007,116.3267,known,2026-07-01T05:22:16Z,2026-07-01T05:22:16Z,local-admin
location:65dbfd1e022f02e2ac68,institution:65dbfd1e022f02e2,University of Siena,university of siena,Siena,Toscany,Italy,IT,43.3191,11.3328,known,2026-07-01T05:23:47Z,2026-07-01T05:23:47Z,local-admin
location:f23b95ce92de459152b1,institution:f23b95ce92de4591,Wuhan University,wuhan university,Wuhan,Hubei,China,CN,30.5407,114.3603,known,2026-07-01T05:25:35Z,2026-07-01T05:25:35Z,local-admin
location:b8a4e3b25fd4a300264f,institution:b8a4e3b25fd4a300,University of Macao,university of macao,Macao,Macao,China,CN,22.13,113.5458,known,2026-07-01T05:28:09Z,2026-07-01T05:28:09Z,local-admin
location:e80b94c605da24cea15f,institution:e80b94c605da24ce,Sungkyunkwan University,sungkyunkwan university,Suwon,Gyeonggi-do,South Korea,KR,37.2939,126.9757,known,2026-07-01T05:30:06Z,2026-07-01T05:30:06Z,local-admin
location:4c1e9439f241e5ec9941,institution:4c1e9439f241e5ec,Sichuan University,sichuan university,Chengdu,Sichuan,China,CN,30.6331,104.0819,known,2026-07-01T05:31:27Z,2026-07-01T05:31:27Z,local-admin
location:f336b3005794930bb660,institution:f336b3005794930b,Beihang University,beihang university,Beijing,Beijing,China,CN,39.9811,116.3443,known,2026-07-01T05:32:43Z,2026-07-01T05:32:43Z,local-admin
location:e73ae6a6d6ff3735f995,institution:e73ae6a6d6ff3735,University of Bologna,university of bologna,Bologna,Emilia-Romagna,Italy,IT,44.4964,11.3547,known,2026-07-01T05:34:22Z,2026-07-01T05:34:22Z,local-admin
location:6c246ba350e11d5fb08a,institution:6c246ba350e11d5f,Université de Rennes,université de rennes,Rennes,Brittany,France,FR,48.1155,-1.6385,known,2026-07-01T05:43:58Z,2026-07-01T05:43:58Z,local-admin
location:bf0065cf4529e95358f2,institution:bf0065cf4529e953,University of Technology of Troyes,university of technology of troyes,Troyes,Grand Est,France,FR,48.2696,4.0668,known,2026-07-01T05:45:46Z,2026-07-01T05:45:46Z,local-admin
location:304707b21fcfbd4d1653,institution:304707b21fcfbd4d,University of Massachusetts Amherst,university of massachusetts amherst,Amherst,Massachusetts,United States,US,42.3868,-72.5301,known,2026-07-01T05:49:03Z,2026-07-01T05:49:03Z,local-admin
location:6432056cdf12bb16c731,institution:6432056cdf12bb16,University of Southern California,university of southern california,Los Angeles,California,United States,US,34.0224,-118.2851,known,2026-07-01T05:50:18Z,2026-07-01T05:50:18Z,local-admin
location:fa6adc95226df54229ae,institution:fa6adc95226df542,Clemson University,clemson university,Clemson,South Carolina,United States,US,34.6773,-82.8364,known,2026-07-01T05:51:33Z,2026-07-01T05:51:33Z,local-admin
location:5dbb9ac6a407e07971dc,institution:5dbb9ac6a407e079,"The Chinese University of Hong Kong, Shenzhen",the chinese university of hong kong shenzhen,Shenzhen,Guangdong,China,CN,22.6867,114.2117,known,2026-07-01T05:52:50Z,2026-07-01T05:52:50Z,local-admin
location:c76018a960d2cd12355c,institution:c76018a960d2cd12,Université de Lille,université de lille,Villeneuve-d'Ascq,Hauts-de-France,France,FR,50.6093,3.139,known,2026-07-01T05:54:21Z,2026-07-01T05:54:21Z,local-admin
location:6346b1a9c3b5ccd791ab,institution:6346b1a9c3b5ccd7,Peking University Shenzhen Graduate School,peking university shenzhen graduate school,Shenzhen,Guangdong,China,CN,22.5996,113.9733,known,2026-07-01T05:55:38Z,2026-07-01T05:55:38Z,local-admin
location:f87d6ace800645a76f85,institution:f87d6ace800645a7,University of Baghdad,university of baghdad,Baghdad,Baghdad Governorate,Iraq,IQ,33.2806,44.3789,known,2026-07-01T05:56:54Z,2026-07-01T05:56:54Z,local-admin
location:924e1e0e9723b423ac7c,institution:924e1e0e9723b423,Beijing Normal University,beijing normal university,Beijing,Beijing,China,CN,39.9609,116.3661,known,2026-07-01T06:03:06Z,2026-07-01T06:03:06Z,local-admin
location:9b91aedca1273b5693f7,institution:9b91aedca1273b56,Zhejiang University of Technology,zhejiang university of technology,Hangzhou,Zhejiang,China,CN,30.2954,120.1609,known,2026-07-01T06:04:17Z,2026-07-01T06:04:17Z,local-admin
location:1502cb7c96ae3095e27b,institution:1502cb7c96ae3095,Beijing University of Posts and Telecommunications,beijing university of posts and telecommunications,Beijing,Beijing,China,CN,39.962,116.358,known,2026-07-01T06:05:36Z,2026-07-01T06:06:08Z,local-admin
location:a0c3927e4ddb3a39da1e,institution:a0c3927e4ddb3a39,University of Southampton,university of southampton,Southampton,England,United Kingdom,GB,50.9344,-1.3958,known,2026-07-01T06:07:29Z,2026-07-01T06:07:29Z,local-admin
location:e721b03b6f6c172dd7c7,institution:e721b03b6f6c172d,University of Science and Technology of China,university of science and technology of china,Hefei,Anhui,China,CN,31.8229,117.2808,known,2026-07-01T06:08:45Z,2026-07-01T06:08:45Z,local-admin
location:b83f47152ad1ec2938c3,institution:b83f47152ad1ec29,Hebei University of Technology,hebei university of technology,Tianjin,Tianjin,China,CN,39.228,117.061,known,2026-07-01T06:10:05Z,2026-07-01T06:10:05Z,local-admin
location:e0fc2ffb269489e70cd7,institution:e0fc2ffb269489e7,Drexel University,drexel university,Philadelphia,Philadelphia,United States,US,39.9566,-75.1899,known,2026-07-01T06:11:40Z,2026-07-01T06:11:40Z,local-admin
location:3c4903b35459f2b51c15,institution:3c4903b35459f2b5,University of Trento,university of trento,Trento,Trentino-Alto Adige/Südtirol,Italy,IT,46.0668,11.1232,known,2026-07-01T06:13:15Z,2026-07-01T06:13:15Z,local-admin
location:5a28a1a99a417ba5e640,institution:5a28a1a99a417ba5,Ant Group,ant group,Hangzhou,Zhejiang,China,CN,30.2613,120.1042,known,2026-07-01T06:15:47Z,2026-07-01T06:15:47Z,local-admin
location:3e9b289ae248f6600cee,institution:3e9b289ae248f660,South China University of Technology,south china university of technology,Guangzhou,Guangdong,China,CN,23.151,113.349,known,2026-07-01T06:17:27Z,2026-07-01T06:17:27Z,local-admin
location:8632718a2c1444c6cc38,institution:8632718a2c1444c6,Jinan University,jinan university,Guangzhou,Guangdong,China,CN,23.1335,113.3419,known,2026-07-01T06:18:49Z,2026-07-01T06:18:49Z,local-admin
location:8fe72087521e285a8c05,institution:8fe72087521e285a,Guangdong University of Technology,guangdong university of technology,Guangzhou,Guangdong,China,CN,23.0374,113.3948,known,2026-07-01T06:20:07Z,2026-07-01T06:20:07Z,local-admin
location:e67012d79bb3f60302be,institution:e67012d79bb3f603,China University of Mining and Technology,china university of mining and technology,Xuzhou,Jiangsu,China,CN,34.2166,117.142,known,2026-07-01T06:22:38Z,2026-07-01T06:22:38Z,local-admin
location:b85a1a866c0c7fe88231,institution:b85a1a866c0c7fe8,Aarhus University,aarhus university,Aarhus,Central Denmark Region,Denmark,DK,56.1685,10.2037,known,2026-07-01T06:24:08Z,2026-07-01T06:24:08Z,local-admin
location:c111feb812f1a7ed9465,institution:c111feb812f1a7ed,Nanyang Technological University,nanyang technological university,Singapore,Singapore,Singapore,SG,1.3483,103.6831,known,2026-07-01T06:25:30Z,2026-07-01T06:25:30Z,local-admin
location:69309405e04976ecd5ee,institution:69309405e04976ec,University of Chinese Academy of Sciences,university of chinese academy of sciences,Beijing,Beijing,China,CN,39.9078,116.2523,known,2026-07-01T06:28:48Z,2026-07-01T06:28:48Z,local-admin
location:3afb6cc453e0a8d9ae48,institution:3afb6cc453e0a8d9,Chinese Academy of Sciences,chinese academy of sciences,Beijing,Beijing,China,CN,39.9163,116.3385,known,2026-07-01T06:31:42Z,2026-07-01T06:31:42Z,local-admin
location:cee70184073782c75a7d,institution:cee70184073782c7,"Institute of Information Engineering, Chinese Academy of Sciences",institute of information engineering chinese academy of sciences,Beijing,Beijing,China,CN,39.9163,116.3385,known,2026-07-01T06:41:02Z,2026-07-01T06:44:50Z,local-admin
location:9dd7b58a09f6962c8d77,institution:9dd7b58a09f6962c,"HKISI, Chinese Academy of Sciences",hkisi chinese academy of sciences,Hong Kong,Hong Kong,China,CN,22.4267,114.2119,known,2026-07-01T06:44:25Z,2026-07-01T06:44:25Z,local-admin
location:bc1d8b5fba4bc5ff7929,institution:bc1d8b5fba4bc5ff,Northwestern Polytechnical University,northwestern polytechnical university,Xi’an,Shaanxi,China,CN,34.2446,108.9186,known,2026-07-01T06:46:38Z,2026-07-01T06:46:38Z,local-admin
location:fde22ad658a3fdb99139,institution:fde22ad658a3fdb9,University of Alabama at Birmingham,university of alabama at birmingham,Birmingham,Alabama,United States,US,33.5022,-86.8092,known,2026-07-01T06:48:05Z,2026-07-01T06:48:05Z,local-admin
location:1afce89cd4f3571fdaf4,institution:1afce89cd4f3571f,Universitas Mercatorum,universitas mercatorum,Rome,Lazio,Italy,IT,41.8936,12.4784,known,2026-07-01T06:49:44Z,2026-07-01T06:49:44Z,local-admin
location:43ae05e86afd56bdb3af,institution:43ae05e86afd56bd,Xidian University,xidian university,Xi'an,Shaanxi,China,CN,34.125,108.829,known,2026-07-01T06:51:09Z,2026-07-01T06:51:09Z,local-admin
location:87d9a45b3389372f7ffd,institution:87d9a45b3389372f,University of Oxford,university of oxford,Oxford,England,United Kingdom,GB,51.759,-1.2634,known,2026-07-01T06:52:37Z,2026-07-01T06:52:37Z,local-admin
location:fe438b1c7662476fc651,institution:fe438b1c7662476f,Harbin Institute of Technology,harbin institute of technology,Harbin,Heilongjiang,China,CN,45.7469,126.632,known,2026-07-01T06:53:48Z,2026-07-01T06:53:48Z,local-admin
location:7e10613327a4e264467e,institution:7e10613327a4e264,Chongqing University of Posts and Telecommunications,chongqing university of posts and telecommunications,Chongqing,Chongqing,China,CN,29.5315,106.6043,known,2026-07-01T06:55:01Z,2026-07-01T06:55:33Z,local-admin
location:04b81a56c7eb1a697ed7,institution:04b81a56c7eb1a69,Informatics Institute for Postgraduate Studies,informatics institute for postgraduate studies,Baghdad,Baghdad,Iraq,IQ,33.3128,44.4215,known,2026-07-01T07:01:40Z,2026-07-01T07:01:40Z,local-admin
location:0c5e25ec47ce33feefff,institution:0c5e25ec47ce33fe,Université Paris-Saclay,université paris saclay,Gif-sur-Yvette,Île-de-France,France,FR,48.7097,2.1658,known,2026-07-01T07:04:32Z,2026-07-01T07:04:32Z,local-admin
location:969d6dd2c9cf6a1e3738,institution:969d6dd2c9cf6a1e,"University of Nevada, Reno",university of nevada reno,Reno,Nevada,United States,US,39.5442,-119.8147,known,2026-07-01T07:06:30Z,2026-07-01T07:06:30Z,local-admin
location:74eb5a7db024286599fe,institution:74eb5a7db0242865,Nanchang University,nanchang university,Nanchang,Jiangxi,China,CN,28.6546,115.8127,known,2026-07-01T07:08:20Z,2026-07-01T07:08:20Z,local-admin
location:8c45f60c840820635f14,institution:8c45f60c84082063,The University of Tokyo,the university of tokyo,Tokyo,Tokyo,Japan,JP,35.713,139.7626,known,2026-07-01T07:09:59Z,2026-07-01T07:09:59Z,local-admin
location:5c85faa51cc57a24f560,institution:5c85faa51cc57a24,Sun Yat-sen University,sun yat sen university,Guangzhou,Guangdong,China,CN,23.09959,113.29251,known,2026-07-01T07:20:40Z,2026-07-01T07:20:40Z,local-admin
location:e1fcb46488c800ef3179,institution:e1fcb46488c800ef,Hong Kong Metropolitan University,hong kong metropolitan university,Hong Kong,Hong Kong,China,CN,22.3162,114.18,known,2026-07-01T07:21:29Z,2026-07-01T07:21:29Z,local-admin
location:7aae859eefe8edd103bd,institution:7aae859eefe8edd1,Chang'an University,chang an university,Xi’an,Shaanxi,China,CN,34.23445,108.95288,known,2026-07-01T07:23:11Z,2026-07-01T07:23:11Z,local-admin
location:985443a2d7239406851d,institution:985443a2d7239406,Beijing Academy of Artificial Intelligence,beijing academy of artificial intelligence,Beijing,Beijing,China,CN,39.9969,116.3309,known,2026-07-01T07:25:11Z,2026-07-01T07:25:11Z,local-admin
location:488418437bfc9b2c1602,institution:488418437bfc9b2c,Chittagong University of Engineering and Technology,chittagong university of engineering and technology,Raozan,Chattogram,Bangladesh,BD,22.46208,91.97294,known,2026-07-01T07:26:16Z,2026-07-01T07:26:16Z,local-admin
location:6c5bb70e9f4b77ba22d1,institution:6c5bb70e9f4b77ba,"Harbin Institute of Technology, Shenzhen",harbin institute of technology shenzhen,Shenzhen,Guangdong,China,CN,22.5907,113.9661,known,2026-07-01T07:27:18Z,2026-07-01T07:27:18Z,local-admin
location:13f7c73ae8019e756ce4,institution:13f7c73ae8019e75,University of Maryland,university of maryland,College Park,Maryland,United States,US,38.9869,-76.9426,known,2026-07-01T07:59:19Z,2026-07-01T07:59:19Z,local-admin
location:965434eee0b97685e4b5,institution:965434eee0b97685,University of Sydney,university of sydney,Sydney,New South Wales,Australia,AU,-33.886,151.1874,known,2026-07-01T08:00:30Z,2026-07-01T08:00:30Z,local-admin
location:5fbb6e2cbdd4ea21f83c,institution:5fbb6e2cbdd4ea21,Renmin University of China,renmin university of china,Beijing,Beijing,China,CN,39.9674,116.3181,known,2026-07-01T08:02:58Z,2026-07-01T08:02:58Z,local-admin
location:29276dc7d9ce02fd0dd9,institution:29276dc7d9ce02fd,University of Surrey,university of surrey,Guildford,Surrey,United Kingdom,GB,51.2431,-0.5895,known,2026-07-01T08:03:56Z,2026-07-01T08:03:56Z,local-admin
location:230f59b4fb28c2364376,institution:230f59b4fb28c236,Tsinghua Shenzhen International Graduate School,tsinghua shenzhen international graduate school,Shenzhen,Guangdong,China,CN,22.5935,113.973,known,2026-07-01T08:04:54Z,2026-07-01T08:04:54Z,local-admin
location:0418834df0ffcdf25978,institution:0418834df0ffcdf2,University of Cambridge,university of cambridge,Cambridge,Cambridgeshire,United Kingdom,GB,52.2053,0.1132,known,2026-07-01T08:06:03Z,2026-07-01T08:06:03Z,local-admin
location:0d3d34a24da6435314d9,institution:0d3d34a24da64353,Yale University,yale university,New Haven,Connecticut,United States,US,41.3163,-72.9223,known,2026-07-01T08:07:09Z,2026-07-01T08:07:09Z,local-admin
location:46e4866d3b2954ab314b,institution:46e4866d3b2954ab,Peking University,peking university,Beijing,Beijing,China,CN,39.9928,116.3058,known,2026-07-01T08:07:49Z,2026-07-01T08:07:49Z,local-admin
location:c055ca96e505b797b919,institution:c055ca96e505b797,Nottingham Trent University,nottingham trent university,Nottingham,Nottinghamshire,United Kingdom,GB,52.9563,-1.1514,known,2026-07-01T08:09:19Z,2026-08-22T16:45:40Z,local-admin
location:02e0cb0a82c051ec7b87,institution:02e0cb0a82c051ec,Monash University,monash university,Melbourne,Victoria,Australia,AU,-37.9105,145.1362,known,2026-07-01T08:10:37Z,2026-07-01T08:10:37Z,local-admin
location:ae914839cab3ba03fdb7,institution:ae914839cab3ba03,Monash University Malaysia,monash university malaysia,Subang Jaya,Selangor,Malaysia,MY,3.0649,101.6035,known,2026-07-01T08:11:21Z,2026-07-01T08:11:21Z,local-admin
location:e278f75918ccf8a7555c,institution:e278f75918ccf8a7,"Institute of Computing Technology, Chinese Academy of Sciences",institute of computing technology chinese academy of sciences,Beijing,Beijing,China,CN,39.9784,116.33,known,2026-07-01T08:12:17Z,2026-07-01T08:12:17Z,local-admin
location:2e62680df0fed751936b,institution:2e62680df0fed751,Huawei Noah’s Ark Lab,huawei noah s ark lab,Hong Kong,Hong Kong,China,CN,22.427,114.2117,known,2026-07-01T08:44:28Z,2026-07-01T08:44:28Z,local-admin
location:c107a95b6cb53ac5425f,institution:c107a95b6cb53ac5,Shanghai Artificial Intelligence Laboratory,shanghai artificial intelligence laboratory,Shanghai,Shanghai,China,CN,31.1779,121.4625,known,2026-07-01T08:45:24Z,2026-07-01T08:45:24Z,local-admin
location:6faf58b52bec4e39e037,institution:6faf58b52bec4e39,Alibaba Inc,alibaba inc,Hangzhou,Zhejiang,China,CN,30.1919,120.1858,known,2026-07-01T08:47:16Z,2026-07-01T08:47:16Z,local-admin
location:9a0d85eff850f04ac312,institution:9a0d85eff850f04a,Shanghai Innovation Institute,shanghai innovation institute,Shanghai,Shanghai,China,CN,31.1376,121.4476,known,2026-07-01T08:48:25Z,2026-07-01T08:48:25Z,local-admin
location:bef37c90751e824ed6c4,institution:bef37c90751e824e,Max Planck Institute for Informatics,max planck institute for informatics,Saarbrücken,Saarland,Germany,DE,49.257,7.0426,known,2026-07-01T08:50:06Z,2026-07-01T08:52:30Z,local-admin
location:a1b609b0fc5c2e23be3f,institution:a1b609b0fc5c2e23,Miraflow,miraflow,Kirkland,Washington,United States,US,47.6769,-122.206,known,2026-07-01T08:58:31Z,2026-07-01T09:24:39Z,local-admin
location:cf2639c8e56f6453f311,institution:cf2639c8e56f6453,Sony AI,sony ai,Tokyo,Tokyo,Japan,JP,35.6302,139.7408,known,2026-07-01T08:59:22Z,2026-07-01T08:59:22Z,local-admin
location:3e78e883c14f8bb839b1,institution:3e78e883c14f8bb8,Tencent Youtu Lab,tencent youtu lab,Shanghai,Shanghai,China,CN,31.1836,121.4502,known,2026-07-01T09:00:17Z,2026-07-01T09:00:17Z,local-admin
location:a1ff6f7123083db9bbd1,institution:a1ff6f7123083db9,"Institute of Artificial Intelligence (TeleAI), China Telecom",institute of artificial intelligence teleai china telecom,Beijing,Beijing,China,CN,39.9439,116.3526,known,2026-07-01T09:01:26Z,2026-07-01T09:01:26Z,local-admin
location:a86e3c911036d0693e59,institution:a86e3c911036d069,Sangfor Technologies Inc.,sangfor technologies inc,Shenzhen,Guangdong,China,CN,22.5903,113.9608,known,2026-07-01T09:02:20Z,2026-07-01T09:02:20Z,local-admin
location:fe7a819f82113c79e588,institution:fe7a819f82113c79,IdentifAI,identifai,Milan,Lombardy,Italy,IT,45.4642,9.19,known,2026-07-01T09:03:23Z,2026-07-01T09:03:23Z,local-admin
location:7a0d6a63667ac750ed07,institution:7a0d6a63667ac750,Adobe Research,adobe research,San Jose,California,United States,US,37.3318,-121.894,known,2026-07-01T09:04:23Z,2026-07-01T09:04:23Z,local-admin
location:39fbdba5585bb3c46190,institution:39fbdba5585bb3c4,MIT Lincoln Laboratory,mit lincoln laboratory,Lexington,Massachusetts,United States,US,42.4597,-71.2674,known,2026-07-01T09:05:17Z,2026-07-01T09:05:17Z,local-admin
location:41db7d042136daef54d0,institution:41db7d042136daef,Salesforce Research,salesforce research,San Francisco,California,United States,US,37.7897,-122.396,known,2026-07-01T09:06:11Z,2026-07-01T09:06:11Z,local-admin
location:0b1cc69a0a28e0c1b8c5,institution:0b1cc69a0a28e0c1,NVIDIA AI Technology Center Italy,nvidia ai technology center italy,Rome,Lazio,Italy,IT,41.9028,12.4964,known,2026-07-01T09:11:37Z,2026-07-01T09:12:33Z,local-admin
location:f0c3da144873207a22f4,institution:f0c3da144873207a,Indian Institute of Technology Kharagpur,indian institute of technology kharagpur,Kharagpur,West Bengal,India,IN,22.3193,87.3095,known,2026-07-01T09:14:32Z,2026-07-01T09:14:32Z,local-admin
location:386b7a411f4a32207506,institution:386b7a411f4a3220,Toyota Technological Institute at Chicago,toyota technological institute at chicago,Chicago,Illinois,United States,US,41.7846,-87.6024,known,2026-07-01T09:15:36Z,2026-07-01T09:15:36Z,local-admin
location:060062d7bc15b07c0c9d,institution:060062d7bc15b07c,"Center for Data-Driven Science and AI, Tohoku University, Sendai, Japan",center for data driven science and ai tohoku university sendai japan,Sendai,Miyagi,Japan,JP,38.2577,140.8394,known,2026-07-01T09:17:39Z,2026-07-01T09:17:39Z,local-admin
location:2b91b5917e5279ea3952,institution:2b91b5917e5279ea,NEC Laboratories America,nec laboratories america,Princeton,New Jersey,United States,US,40.3607,-74.5958,known,2026-07-01T09:18:31Z,2026-07-01T09:18:31Z,local-admin
location:8ca93bff11a3be9e7f85,institution:8ca93bff11a3be9e,Leonardo S.p.A.,leonardo s p a,Rome,Lazio,Italy,IT,41.9186,12.4681,known,2026-07-01T09:19:35Z,2026-07-01T09:19:35Z,local-admin
location:2592e804f95fa542fa4c,institution:2592e804f95fa542,TrueMedia.org,truemedia org,Seattle,Washington,United States,US,47.6062,-122.3321,known,2026-07-01T09:22:59Z,2026-07-01T09:22:59Z,local-admin
location:fbc0802be3266f6f98f0,institution:fbc0802be3266f6f,Netflix Eyeline Studios,netflix eyeline studios,Los Angeles,California,United States,US,34.0522,-118.2437,known,2026-07-01T09:25:49Z,2026-07-01T09:25:49Z,local-admin
location:dc213653c8edb0fafce7,institution:dc213653c8edb0fa,Vector Institute,vector institute,Toronto,Ontario,Canada,CA,43.6532,-79.3832,known,2026-07-01T09:27:07Z,2026-07-01T09:27:07Z,local-admin
location:db8874f9983a5ffd161c,institution:db8874f9983a5ffd,National Institute of Informatics,national institute of informatics,Tokyo,Tokyo,Japan,JP,35.6997,139.7534,known,2026-07-01T09:28:06Z,2026-07-01T09:28:06Z,local-admin
location:b7f49dab7bfe22c40691,institution:b7f49dab7bfe22c4,American International University-Bangladesh,american international university bangladesh,Dhaka,Dhaka Division,Bangladesh,BD,23.8103,90.4125,known,2026-07-01T09:28:59Z,2026-07-01T09:28:59Z,local-admin
location:c739468458199e8ca75c,institution:c739468458199e8c,Barisal Information Technology College,barisal information technology college,Barisal,Barisal Division,Bangladesh,BD,22.701,90.3535,known,2026-07-01T09:29:49Z,2026-07-01T09:29:49Z,local-admin
location:284bfcf10a3b1ebf659b,institution:284bfcf10a3b1ebf,Amazon Prime Video,amazon prime video,Seattle,Washington,United States,US,47.6062,-122.3321,known,2026-07-01T09:30:44Z,2026-07-01T09:30:44Z,local-admin
location:930e5c2880e11cb35e67,institution:930e5c2880e11cb3,Alipurduar Government Engineering and Management College,alipurduar government engineering and management college,Alipurduar,West Bengal,India,IN,26.489,89.5271,known,2026-07-01T09:31:32Z,2026-07-01T09:31:32Z,local-admin
location:ccbfeb66fb71797e6cbb,institution:ccbfeb66fb71797e,RIKEN Center for Advanced Intelligence Project,riken center for advanced intelligence project,Tokyo,Tokyo,Japan,JP,35.6895,139.6917,known,2026-07-01T09:32:24Z,2026-07-01T09:32:24Z,local-admin
location:0aed8b5908ebcd2543da,institution:0aed8b5908ebcd25,Instituto de Matemática Pura e Aplicada,instituto de matemática pura e aplicada,Rio de Janeiro,Rio de Janeiro,Brazil,BR,-22.9617,-43.216,known,2026-07-01T09:33:12Z,2026-07-01T09:33:12Z,local-admin
location:c3babd97b5b38ea6d07a,institution:c3babd97b5b38ea6,USC Information Sciences Institute,usc information sciences institute,Marina del Rey,California,United States,US,33.9803,-118.4504,known,2026-07-01T09:34:06Z,2026-07-01T09:34:06Z,local-admin
location:fb6e9411e701578ccf74,institution:fb6e9411e701578c,University of Tsukuba,university of tsukuba,Tsukuba,Ibaraki,Japan,JP,36.1106,140.1015,known,2026-07-02T12:27:52Z,2026-07-02T12:27:56Z,local-admin
location:bc6fc762326c51a73a07,institution:f42de06978b10eb5,Technical University of Munich,technical university of munich,Garching,Bavaria,Germany,DE,48.263267,11.67165,known,2026-07-03T09:43:27Z,2026-07-03T09:43:27Z,local-admin
location:404cfa1ef241f359f1b3,institution:404cfa1ef241f359,The University of Hong Kong,the university of hong kong,Hong Kong,Hong Kong,China,CN,22.283,114.137,known,2026-07-06T14:24:40Z,2026-07-06T14:24:40Z,local-admin
location:59879dd4d49517797268,institution:59879dd4d4951779,Xi'an University of Technology,xi an university of technology,Xi'an,Shaanxi,China,CN,34.2234,108.9853,known,2026-07-06T14:26:02Z,2026-07-06T14:26:02Z,local-admin
location:fccd5d0ac9cc52f960f2,institution:fccd5d0ac9cc52f9,Shanghai Jiao Tong University,shanghai jiao tong university,Shanghai,Shanghai,China,CN,31.0254,121.4331,known,2026-07-06T14:27:40Z,2026-07-06T14:27:54Z,local-admin
location:1984e5f97afb62d8d7b0,institution:1984e5f97afb62d8,The University of Sydney,the university of sydney,Sydney,New South Wales,Australia,AU,-33.886,151.184,known,2026-07-06T14:31:00Z,2026-07-06T14:31:00Z,local-admin
location:d1012c88e7ee61fd9f4c,institution:d1012c88e7ee61fd,Xiaohongshu Inc.,xiaohongshu inc,Shanghai,Shanghai,China,CN,31.2199,121.4747,known,2026-07-06T14:32:21Z,2026-08-01T13:08:42Z,local-admin
location:3b46f8ed6f87860347da,institution:d1012c88e7ee61fd,Xiaohongshu Inc.,xiaohongshu inc,Beijing,Beijing,China,CN,39.978168,116.406507,known,2026-08-01T13:08:42Z,2026-08-01T13:08:42Z,local-admin
location:ef7c68d6edbab550f034,institution:ef7c68d6edbab550,Université Grenoble Alpes,université grenoble alpes,Saint-Martin-d'Hères,Auvergne-Rhône-Alpes,France,FR,45.1917,5.7676,known,2026-07-06T14:33:43Z,2026-07-06T14:33:43Z,local-admin
location:191fc14de0344472add6,institution:191fc14de0344472,Virginia Tech,virginia tech,Blacksburg,Virginia,United States,US,37.225,-80.425,known,2026-07-06T14:34:47Z,2026-07-06T14:34:47Z,local-admin
location:96dc1764e1512d0ad710,institution:96dc1764e1512d0a,Technology Innovation Institute,technology innovation institute,Abu Dhabi,Abu Dhabi,United Arab Emirates,AE,24.4366,54.6135,known,2026-07-06T14:37:42Z,2026-07-06T14:37:42Z,local-admin
location:a8d8c5fe60be3e652f83,institution:a8d8c5fe60be3e65,East China Normal University,east china normal university,Shanghai,Shanghai,China,CN,31.2286,121.4079,known,2026-07-06T14:47:12Z,2026-07-06T14:47:12Z,local-admin
location:c83aeae887827902336d,institution:c83aeae887827902,New York University,new york university,New York,New York,United States,US,40.7295,-73.9965,known,2026-07-06T14:48:26Z,2026-07-06T14:48:26Z,local-admin
location:0af8b0b3be8e7963fda8,institution:0af8b0b3be8e7963,Nanjing University of Information Science and Technology,nanjing university of information science and technology,Nanjing,Jiangsu,China,CN,32.2072,118.7217,known,2026-07-06T15:17:46Z,2026-07-06T15:17:46Z,local-admin
location:d0b09c4ef698e8de34d0,institution:d0b09c4ef698e8de,Indian Institute of Technology Roorkee,indian institute of technology roorkee,Roorkee,Uttarakhand,India,IN,29.8649,77.8965,known,2026-07-06T15:18:48Z,2026-07-06T15:18:48Z,local-admin
location:69a779f3b8d566f635fa,institution:69a779f3b8d566f6,National Taiwan University,national taiwan university,Taipei,Taiwan,China,CN,25.0173,121.5398,known,2026-07-07T21:43:51Z,2026-07-07T21:43:51Z,local-admin
location:95daf5606b8bd80c0c08,institution:95daf5606b8bd80c,HSE University,hse university,Moscow,Moscow,Russia,RU,55.7558,37.6418,known,2026-07-07T21:45:00Z,2026-07-07T21:45:00Z,local-admin
location:c5235efb76365de25e41,institution:c5235efb76365de2,Carnegie Mellon University,carnegie mellon university,Pittsburgh,Pennsylvania,United States,US,40.4433,-79.9436,known,2026-07-07T21:54:00Z,2026-07-07T21:54:00Z,local-admin
location:90cbfdc3d90fe8a05dcd,institution:90cbfdc3d90fe8a0,Fujitsu Research of Europe,fujitsu research of europe,Slough,England,United Kingdom,GB,51.5084,-0.595,known,2026-07-07T21:55:06Z,2026-07-07T21:55:06Z,local-admin
location:9e5e300bb52918ca2733,institution:9e5e300bb52918ca,Technion – Israel Institute of Technology,technion israel institute of technology,Haifa,Haifa District,Israel,IL,32.7775,35.0231,known,2026-07-07T21:56:06Z,2026-08-22T16:50:03Z,local-admin
location:daff50b65ce469a3bf79,institution:daff50b65ce469a3,Paris Cité University,paris cité university,Paris,Île-de-France,France,FR,48.8466,2.3562,known,2026-07-07T21:57:08Z,2026-07-07T21:57:08Z,local-admin
location:d1f71b03766ee0a2dda8,institution:d1f71b03766ee0a2,Noeon Research,noeon research,Tokyo,Tokyo,Japan,JP,35.6655,139.731,known,2026-07-07T21:58:03Z,2026-07-07T21:58:03Z,local-admin
location:91d1003beb3bcb91d63b,institution:91d1003beb3bcb91,Skolkovo Institute of Science and Technology,skolkovo institute of science and technology,Moscow,Moscow,Russia,RU,55.6981,37.3528,known,2026-07-07T21:58:57Z,2026-07-07T22:11:47Z,local-admin
location:b145c3f748543038aeea,institution:b145c3f748543038,AI Foundation and Algorithm Lab,ai foundation and algorithm lab,Moscow,Moscow,Russia,RU,55.7558,37.6173,known,2026-07-07T21:59:55Z,2026-07-07T21:59:55Z,local-admin
location:a202a16ef9383442d121,institution:a202a16ef9383442,St. Petersburg Department of the Steklov Institute of Mathematics,st petersburg department of the steklov institute of mathematics,Saint Petersburg,Saint Petersburg,Russia,RU,59.9386,30.3141,known,2026-07-07T22:01:25Z,2026-07-07T22:04:52Z,local-admin
location:f5c8a9b792d3b90145b4,institution:f5c8a9b792d3b901,IBM Thomas J. Watson Research Center,ibm thomas j watson research center,Yorktown Heights,New York,United States,US,41.2098,-73.8026,known,2026-07-07T22:04:44Z,2026-07-07T22:04:57Z,local-admin
location:b3d626f58155d65088af,institution:b3d626f58155d650,Shandong University,shandong university,Jinan,Shandong,China,CN,36.6753,117.0589,known,2026-07-07T22:26:32Z,2026-07-07T22:26:32Z,local-admin
location:f6342fd457763517e773,institution:f6342fd457763517,Hefei University of Technology,hefei university of technology,Hefei,Anhui,China,CN,31.8467,117.2976,known,2026-07-07T22:27:16Z,2026-07-07T22:27:16Z,local-admin
location:507c5724052f23eba305,institution:507c5724052f23eb,"INSAIT, Sofia University ""St. Kliment Ohridski""",insait sofia university st kliment ohridski,Sofia,Sofia City Province,Bulgaria,BG,42.6677,23.3779,known,2026-07-07T22:28:14Z,2026-07-07T22:28:14Z,local-admin
location:fa3c75d12710670b8e96,institution:fa3c75d12710670b,University College London,university college london,London,England,United Kingdom,GB,51.5246,-0.134,known,2026-07-07T22:29:15Z,2026-07-07T22:29:15Z,local-admin
location:ed72534d79b73fac5b08,institution:ed72534d79b73fac,Stanford University,stanford university,Stanford University,California,United States,US,37.4275,-122.1697,known,2026-07-08T16:17:48Z,2026-07-08T16:17:48Z,local-admin
location:4a9a14dbf4357b3807c3,institution:4a9a14dbf4357b38,University of Amsterdam,university of amsterdam,Amsterdam,North Holland,Netherlands,NL,52.3683,4.8903,known,2026-07-08T16:19:26Z,2026-07-08T16:19:26Z,local-admin
location:51bbeb5bfb404721257d,institution:51bbeb5bfb404721,University of Agder,university of agder,Kristiansand,Agder,Norway,NO,58.1628,8.0014,known,2026-07-08T16:21:33Z,2026-07-08T16:21:33Z,local-admin
location:a4cdf5c9d1038c90e7e0,institution:a4cdf5c9d1038c90,Purple Mountain Laboratories,purple mountain laboratories,Nanjing,Jiangsu,China,CN,31.9236,118.8597,known,2026-07-08T16:27:12Z,2026-07-08T16:27:12Z,local-admin
location:bda289c20f2847172eda,institution:bda289c20f284717,Netherlands Forensic Institute,netherlands forensic institute,The Hague,South Holland,Netherlands,NL,52.0461,4.3567,known,2026-07-08T16:28:08Z,2026-07-08T16:28:08Z,local-admin
location:53e6219d595780e300c1,institution:53e6219d595780e3,University of Macau,university of macau,Macau,Macau,China,CN,22.1284604,113.5438378,known,2026-07-12T21:44:55Z,2026-07-12T21:44:55Z,local-admin
location:696e90c102571ea3b53e,institution:696e90c102571ea3,Korea AI Safety Institute (AISI),korea ai safety institute aisi,Seongnam,Gyeonggi-do,South Korea,KR,37.4066515,127.1017668,known,2026-07-12T21:50:24Z,2026-07-12T21:50:24Z,local-admin
location:70ccb485197bbb6c89fd,institution:70ccb485197bbb6c,National University of Singapore,national university of singapore,Singapore,Singapore,Singapore,SG,1.2959845,103.7766186,known,2026-07-13T19:04:27Z,2026-07-13T19:04:27Z,local-admin
location:0008285766dcabc77b7e,institution:0008285766dcabc7,Northeastern University,northeastern university,Shenyang,Liaoning,China,CN,41.7634632,123.4117577,known,2026-07-13T19:05:10Z,2026-07-20T16:08:42Z,local-admin
location:cf5d9a266441e5a78d4c,institution:cf5d9a266441e5a7,University of Sheffield,university of sheffield,Sheffield,South Yorkshire,United Kingdom,GB,53.3729622,-1.5059315,known,2026-07-13T19:07:29Z,2026-07-13T19:07:29Z,local-admin
location:ad9c8964d01f80d86e66,institution:ad9c8964d01f80d8,Shenzhen University,shenzhen university,Shenzhen,Guangdong,China,CN,22.5411039,113.9389034,known,2026-07-13T19:08:23Z,2026-07-13T19:08:23Z,local-admin
location:b0b93bb53a8b88c177ea,institution:b0b93bb53a8b88c1,Tongji University,tongji university,Yangpu,Shanghai,China,CN,31.2847393,121.4969491,known,2026-07-13T19:08:49Z,2026-07-13T19:08:49Z,local-admin
location:82b627d49a985ef1e635,institution:82b627d49a985ef1,East China University of Science and Technology,east china university of science and technology,Shanghai,Shanghai,China,CN,31.1450814,121.4195085,known,2026-07-13T19:10:40Z,2026-07-13T19:10:40Z,local-admin
location:26db9b197bbb763494b1,institution:26db9b197bbb7634,NSFOCUS,nsfocus,Beijing,Beijing,China,CN,39.9042,116.4074,known,2026-07-13T20:43:34Z,2026-07-13T20:43:34Z,local-admin
location:7801abc579496f6a50af,institution:7801abc579496f6a,University of South Carolina,university of south carolina,Columbia,South Carolina,United States,US,33.9928841,-81.0268676,known,2026-07-13T20:44:58Z,2026-07-13T20:44:58Z,local-admin
location:1a36f9f1487a39da4c47,institution:1a36f9f1487a39da,Manipal University Jaipur,manipal university jaipur,Dahmi Kalan,Rajasthan,India,IN,26.8429063,75.5654289,known,2026-07-13T20:45:23Z,2026-07-13T20:45:23Z,local-admin
location:df7499422b3e4d82dafd,institution:df7499422b3e4d82,Indraprastha Institute of Information Technology Delhi,indraprastha institute of information technology delhi,New Delhi,Delhi,India,IN,28.546326,77.2732571,known,2026-07-13T20:46:32Z,2026-07-13T20:46:32Z,local-admin
location:498778a17add497f0a41,institution:498778a17add497f,Shenzhen University of Advanced Technology,shenzhen university of advanced technology,Shenzhen,Guangdong,China,CN,22.7797808,113.9118037,known,2026-07-13T20:48:09Z,2026-07-13T20:48:09Z,local-admin
location:4e140b5268efc364e2ae,institution:4e140b5268efc364,Texas A&M University,texas a m university,College Station,Texas,United States,US,30.6108618,-96.3520606,known,2026-07-13T20:48:43Z,2026-07-13T20:48:43Z,local-admin
location:bc52939c5da8ad9830b6,institution:bc52939c5da8ad98,Jaume I University,jaume i university,Castellón de la Plana,Valencian Community,España,ES,39.994312,-0.0713962,known,2026-07-13T20:49:49Z,2026-07-13T20:49:49Z,local-admin
location:d4f85059258439dc1f8c,institution:d4f85059258439dc,National Institute of Technology Silchar,national institute of technology silchar,Silchar,Assam,India,IN,24.755222,92.7874485,known,2026-07-13T20:51:35Z,2026-07-13T20:51:35Z,local-admin
location:118c2f047da4525d8924,institution:118c2f047da4525d,"International Institute of Information Technology, Naya Raipur",international institute of information technology naya raipur,Naya Raipur,Chhattisgarh,India,IN,21.1607,81.7081,known,2026-07-13T20:58:47Z,2026-08-22T16:48:13Z,local-admin
location:2792f975d7b5565e9a44,institution:2792f975d7b5565e,Binjiang Institute of Artificial Intelligence,binjiang institute of artificial intelligence,Hangzhou,Zhejiang,China,CN,30.2086,120.2118,known,2026-07-13T21:03:56Z,2026-08-22T16:50:28Z,local-admin
location:387a46732b927ccdd98e,institution:387a46732b927ccd,Sino-Russian Research Center for Digital Economy,sino russian research center for digital economy,Xiamen,Fujian,China,CN,24.6048,118.0598,known,2026-07-13T21:07:52Z,2026-07-13T21:07:52Z,local-admin
location:260c0fc69149bb410469,institution:260c0fc69149bb41,Intel Corporation,intel corporation,Beijing,Beijing,China,CN,39.9075,116.3972,known,2026-07-13T21:10:11Z,2026-07-13T21:10:11Z,local-admin
location:0da909b4402f8657931a,institution:0da909b4402f8657,Fujitsu Limited,fujitsu limited,Kawasaki,Kanagawa,Japan,JP,35.583355,139.6400639,known,2026-07-13T21:11:18Z,2026-07-13T21:11:18Z,local-admin
location:e822c28c6d58a829a4ca,institution:e822c28c6d58a829,"BITS Pilani, Goa",bits pilani goa,Vasco da Gama,Goa,India,IN,15.3906697,73.8777122,known,2026-07-13T21:12:25Z,2026-07-13T21:12:25Z,local-admin
location:cb1cf39b9e67e9ecbc22,institution:cb1cf39b9e67e9ec,Vishwakarma Institute of Information Technology,vishwakarma institute of information technology,Pune,Maharashtra,India,IN,18.4574,73.8685,known,2026-07-13T21:13:44Z,2026-07-13T21:13:44Z,local-admin
location:99ef70abd8f55fae594b,institution:99ef70abd8f55fae,"BITS Pilani, Hyderabad",bits pilani hyderabad,Hyderabad,Telangana,India,IN,17.54735,78.572276,known,2026-07-13T21:14:51Z,2026-07-13T21:14:51Z,local-admin
location:7266fd3d42f0b9ca1a30,institution:7266fd3d42f0b9ca,Xpectrum AI,xpectrum ai,San Francisco,California,United States,US,37.7749,-122.4194,known,2026-07-13T21:17:45Z,2026-07-13T21:17:45Z,local-admin
location:39839f8732e7433b1ef1,institution:39839f8732e7433b,George Mason University,george mason university,George Mason,Virginia,United States,US,38.8313333,-77.3079884,known,2026-07-14T06:35:14Z,2026-07-14T06:35:14Z,local-admin
location:a407f4c649ba4c6a82e2,institution:a407f4c649ba4c6a,University of Palermo,university of palermo,Palermo,Sicilia,Italy,IT,38.1173970,13.3700045,known,2026-07-14T07:21:55Z,2026-07-15T12:26:07Z,local-admin
location:dbb4589b8e2f8264,institution:dbb4589b8e2f8264,Florida International University,florida international university,Miami,Florida,United States,US,25.7553898,-80.3762833,known,2026-07-15T12:55:28Z,2026-07-15T12:55:28Z,local-admin
location:9ab7959736f7be0d,institution:9ab7959736f7be0d,Shenzhen Campus of Sun Yat-sen University,shenzhen campus of sun yat sen university,Shenzhen,Guangdong,China,CN,22.80335,113.95019,known,2026-07-15T13:43:44Z,2026-07-15T13:43:44Z,local-admin
location:5757493192522b63,institution:5757493192522b63,China Electronics Technology Group Corporation,china electronics technology group corporation,Beijing,Beijing,China,CN,39.904013,116.296945,known,2026-07-15T13:45:18Z,2026-07-15T13:45:18Z,local-admin
location:157163d25dac880f,institution:157163d25dac880f,Communication University of China,communication university of china,Beijing,Beijing,China,CN,39.9075,116.39723,known,2026-07-16T00:00:00Z,2026-08-22T16:45:46Z,local-admin
location:f060d61d546153f2f285,institution:f060d61d546153f2,Beijing University of Technology,beijing university of technology,Beijing,Beijing,China,CN,39.8739144,116.4772024,known,2026-07-17T22:14:47Z,2026-07-17T22:14:47Z,local-admin
location:943b42ad910c26158058,institution:943b42ad910c2615,Australian National University,australian national university,Canberra,Australian Capital Territory,Australia,AU,-35.2812742,149.1172023,known,2026-07-17T22:18:15Z,2026-07-17T22:19:03Z,local-admin
location:73f449eb6a3c05d327e2,institution:73f449eb6a3c05d3,Alibaba Group,alibaba group,Hangzhou,Zhejiang,China,CN,30.1918037,120.185449,known,2026-07-17T22:19:33Z,2026-07-17T22:26:14Z,local-admin
location:4b215cd9407fb4b144d6,institution:4b215cd9407fb4b1,National Tsing Hua University,national tsing hua university,Xinzhu,Taiwan,China,CN,24.7916987,120.9924295,known,2026-07-17T22:28:46Z,2026-07-17T22:28:46Z,local-admin
location:50c86a6fc102a2c1a3f1,institution:50c86a6fc102a2c1,Rensselaer Polytechnic Institute,rensselaer polytechnic institute,Troy,New York,United States,US,42.7298969,-73.6796678,known,2026-07-17T22:29:56Z,2026-07-17T22:29:56Z,local-admin
location:cd66beec0fcee9183075,institution:cd66beec0fcee918,Shanghai AI Laboratory,shanghai ai laboratory,Shanghai,Shanghai,China,CN,31.1687,121.4559,known,2026-07-17T22:32:56Z,2026-07-17T22:32:56Z,local-admin
location:a5744bc50825ed1f4323,institution:a5744bc50825ed1f,"WeChat Pay, Tencent",wechat pay tencent,Shenzhen,Guangdong,China,CN,22.5405,113.9346,known,2026-07-17T22:34:53Z,2026-07-17T22:34:53Z,local-admin
location:e64214548d48f6675238,institution:e64214548d48f667,Qingdao Academy of Intelligent Industries,qingdao academy of intelligent industries,Qingdao,Shandong,China,CN,36.2721,120.3153,known,2026-07-17T22:36:51Z,2026-07-17T22:36:51Z,local-admin
location:d2cacec52769f3d982d0,institution:d2cacec52769f3d9,Academia Sinica,academia sinica,Taipei,Taiwan,China,CN,25.0411,121.6163,known,2026-07-17T22:38:11Z,2026-07-17T22:38:11Z,local-admin
location:7b971ad17fd639eb8aac,institution:7b971ad17fd639eb,Microsoft Research Asia,microsoft research asia,Beijing,Beijing,China,CN,39.979967,116.310281,known,2026-07-17T22:39:58Z,2026-07-17T22:41:15Z,local-admin
location:f95d5af831e91b943815,institution:f95d5af831e91b94,SenseTime,sensetime,Shanghai,Shanghai,China,CN,31.1729,121.4038,known,2026-07-17T22:41:53Z,2026-07-17T22:41:53Z,local-admin
location:141dbbea6bba3a377d2f,institution:141dbbea6bba3a37,Everest English Boarding Secondary School,everest english boarding secondary school,Butwal,Lumbini,Nepel,NP,27.68895,83.471774,known,2026-07-17T22:43:11Z,2026-07-17T22:43:11Z,local-admin
location:dbb7fb7fdd9bd486ce9d,institution:dbb7fb7fdd9bd486,Vishwakarma Institute of Technology,vishwakarma institute of technology,Pune,Maharashtra,India,IN,18.46374,73.86834,known,2026-07-17T23:03:23Z,2026-07-17T23:03:23Z,local-admin
location:a239b6e2cb8473ef0466,institution:a239b6e2cb8473ef,Nanjing University of Science and Technology,nanjing university of science and technology,Nanjing,Jiangsu,China,CN,32.031826,118.8521427,known,2026-07-17T23:23:41Z,2026-07-17T23:23:41Z,local-admin
location:957fef132942e033867e,institution:957fef132942e033,University of Mannheim,university of mannheim,Mannheim,Baden-Württemberg,Germany,GE,49.4828,8.4617,known,2026-07-17T23:25:27Z,2026-07-17T23:25:27Z,local-admin
location:781afa4ed50a74b85531,institution:781afa4ed50a74b8,Duke University,duke university,Durham,North Carolina,United States,US,36.0001557,-78.9442297,known,2026-07-17T23:25:55Z,2026-07-17T23:25:55Z,local-admin
location:59fe0b363dfeb8f5ef89,institution:59fe0b363dfeb8f5,Offenburg University of Applied Sciences,offenburg university of applied sciences,Offenburg,Baden-Württemberg,Germany,GE,48.4569,7.9425,known,2026-07-17T23:27:19Z,2026-07-17T23:27:19Z,local-admin
location:a0aa144d9d2444ccbf05,institution:a0aa144d9d2444cc,Princess Nourah bint Abdulrahman University,princess nourah bint abdulrahman university,Riyadh,Riyadh,Saudi Arabia,SA,24.847,46.7261,known,2026-07-17T23:29:09Z,2026-07-17T23:29:09Z,local-admin
location:db049bef3a2d25e0aae8,institution:db049bef3a2d25e0,"Institute of Artificial Intelligence, Hefei Comprehensive National Science Center",institute of artificial intelligence hefei comprehensive national science center,Hefei,Anhui,China,CN,31.827,117.121,known,2026-07-17T23:31:04Z,2026-07-17T23:31:04Z,local-admin
location:73df77aca515d21a8c8d,institution:73df77aca515d21a,Merchants Union Consumer Finance Company,merchants union consumer finance company,Shenzhen,Guangdong,China,CN,22.533,113.8985,known,2026-07-17T23:32:52Z,2026-07-17T23:32:52Z,local-admin
location:04c73587b47761eecc50,institution:04c73587b47761ee,BASIS International School Nanjing,basis international school nanjing,Nanjing,Jiangsu,China,CN,32.0821,118.91541,known,2026-07-17T23:35:08Z,2026-07-18T14:29:30Z,local-admin
location:40b8f4b8f6c89e51ff27,institution:40b8f4b8f6c89e51,Georgetown University,georgetown university,Washington,District of Columbia,United States,US,38.9089393,-77.0745796,known,2026-07-20T15:48:52Z,2026-07-20T15:48:52Z,local-admin
location:17d17325e0e0dae23edc,institution:17d17325e0e0dae2,Nanjing University of Aeronautics and Astronautics,nanjing university of aeronautics and astronautics,Nanjing,Jiangsu,China,CN,31.9402131,118.787381,known,2026-07-20T15:49:49Z,2026-07-20T15:49:49Z,local-admin
location:ff1a1bc95dbe91a8a2a3,institution:ff1a1bc95dbe91a8,Northeastern University,northeastern university,Boston,Massachusetts,United States,US,42.3398,-71.0892,known,2026-07-22T00:00:00Z,2026-07-22T00:00:00Z,local-admin
location:a3a1d363318e4d61365c,institution:a3a1d363318e4d61,Liaoning Normal University,liaoning normal university,Dalian,Liaoning,China,CN,38.9152032,121.5591728,known,2026-07-22T21:56:27Z,2026-08-22T16:45:37Z,local-admin
location:9ffc21de60b360ff8653,institution:9ffc21de60b360ff,University of Edinburgh,university of edinburgh,City of Edinburgh,Alba / Scotland,United Kingdom,GB,55.9440765,-3.1883736,known,2026-07-22T21:57:02Z,2026-08-22T16:46:00Z,local-admin
location:64aa68d006c72586c4cb,institution:64aa68d006c72586,Nanfang College Guangzhou,nanfang college guangzhou,Guangzhou,Guangdong,China,CN,23.6352546,113.6748913,known,2026-07-22T21:58:04Z,2026-07-22T21:58:04Z,local-admin
location:3391e7c855fa0e6ed63b,institution:3391e7c855fa0e6e,University of Shanghai for Science and Technology,university of shanghai for science and technology,Shanghai,Shanghai,CN,CN,31.2936,121.5528,known,2026-07-22T22:00:43Z,2026-07-22T22:00:43Z,local-admin
location:bcd623204fe5d659a8ec,institution:bcd623204fe5d659,Bennett University,bennett university,Madhaiya Maincha,Uttar Pradesh,India,IN,28.4506108,77.5839118,known,2026-07-22T22:01:05Z,2026-07-22T22:01:05Z,local-admin
location:cd887bf808040e615ec9,institution:cd887bf808040e61,Michigan State University,michigan state university,East Lansing,Michigan,United States,US,42.7023794,-84.4803869,known,2026-07-22T22:01:18Z,2026-07-22T22:01:18Z,local-admin
location:ed6f1120aeb12d5ce2e6,institution:ed6f1120aeb12d5c,University of North Carolina at Chapel Hill,university of north carolina at chapel hill,Chapel Hill,North Carolina,United States,US,35.9050354,-79.0477533,known,2026-07-22T22:01:34Z,2026-07-22T22:01:34Z,local-admin
location:052cc551c35dadab0c18,institution:052cc551c35dadab,Yunnan University of Finance and Economics,yunnan university of finance and economics,Kunming,Yunnan,China,CN,24.8817844,102.5622007,known,2026-07-22T22:02:52Z,2026-07-26T20:32:21Z,local-admin
location:da7c9e3c3edb12a56266,institution:da7c9e3c3edb12a5,Kunming University of Science and Technology,kunming university of science and technology,Kunming,Yunnan,China,CN,24.8552171,102.8553624,known,2026-07-22T22:03:31Z,2026-07-26T20:33:06Z,local-admin
location:1179ac01dd4eef1f04f7,institution:1179ac01dd4eef1f,Jiangnan University,jiangnan university,Wuxi,Jiangsu,China,CN,31.4851219,120.2673352,known,2026-07-22T22:04:06Z,2026-07-26T20:28:46Z,local-admin
location:481050d20cd6c722e2c4,institution:481050d20cd6c722,University of Charleston,university of charleston,Charleston,West Virginia,United States,US,38.3329392,-81.6168853,known,2026-07-22T22:04:27Z,2026-07-22T22:04:27Z,local-admin
location:01f9119bde93e8efbfcc,institution:01f9119bde93e8ef,Can Tho University,can tho university,Can Tho,Can Tho,Vietnam,VN,10.0321492,105.7683051,known,2026-07-22T22:05:53Z,2026-08-23T13:39:49Z,local-admin
location:948d79eac5f4fc81a9c7,institution:948d79eac5f4fc81,Can Tho University of Technology,can tho university of technology,Can Tho,Can Tho,Vietnam,VN,10.0467807,105.7680453,known,2026-07-22T22:09:37Z,2026-07-22T22:09:37Z,local-admin
location:caec9d0e5ab5010d8517,institution:caec9d0e5ab5010d,Shanghai University of Electric Power,shanghai university of electric power,Shanghai,Shanghai,China,CN,31.28184,121.54827,known,2026-07-22T22:10:40Z,2026-08-22T16:45:15Z,local-admin
location:23556881bce23bb97f28,institution:23556881bce23bb9,Jiaxing Municipal Public Security Bureau,jiaxing municipal public security bureau,Jiaxing,Zhejiang,China,CN,30.7467,120.7636,known,2026-07-22T22:12:37Z,2026-07-22T22:12:37Z,local-admin
location:d9bedf96789f3033c415,institution:d9bedf96789f3033,Jiaxing Vocational Technical College,jiaxing vocational technical college,Jiaxing,Zhejiang,China,CN,30.7798,120.6933,known,2026-07-22T22:13:56Z,2026-07-22T22:13:56Z,local-admin
location:5d6887482c098264e719,institution:5d6887482c098264,Binjiang Institute of Zhejiang University,binjiang institute of zhejiang university,Hangzhou,Zhejiang,China,CN,30.18049,120.19831,known,2026-07-22T22:24:13Z,2026-07-22T22:24:13Z,local-admin
location:823a09a4580fb39e,institution:823a09a4580fb39e,Government Sadiq College Women University,government sadiq college women university,Bahawalpur,Punjab,Pakistan,PK,29.99835,73.25272,known,2026-07-26T16:18:27Z,2026-07-26T16:18:27Z,local-admin
location:6beb2f6c52d3f30c,institution:6beb2f6c52d3f30c,Gachon University,gachon university,Seongnam-si,Gyeonggi-do,South Korea,KR,37.43861,127.13778,known,2026-07-26T16:18:27Z,2026-07-26T16:18:27Z,local-admin
location:85a4635e28eefe8e,institution:85a4635e28eefe8e,Shanghai Polytechnic University,shanghai polytechnic university,Shanghai,Shanghai,China,CN,31.22222,121.45806,known,2026-07-26T16:18:27Z,2026-07-26T16:18:27Z,local-admin
location:dbc08517e4f1ed6e,institution:dbc08517e4f1ed6e,Shanghai University,shanghai university,Shanghai,Shanghai,China,CN,31.22222,121.45806,known,2026-07-26T16:18:27Z,2026-07-26T16:18:27Z,local-admin
location:b91c4ceb2690766e9a45,institution:b91c4ceb2690766e,IIIT Delhi,iiit delhi,New Delhi,Delhi,India,IN,28.546326,77.2732571,known,2026-07-26T17:29:08Z,2026-07-26T17:35:46Z,local-admin
location:d8d45546142be2016b88,institution:d8d45546142be201,Macau University of Science and Technology,macau university of science and technology,Macau,Macau,China,CN,22.1526454,113.568041,known,2026-07-26T19:09:16Z,2026-07-26T19:09:16Z,local-admin
location:8ab1276f56c9f8946b30,institution:8ab1276f56c9f894,Amazon AI,amazon ai,Seattle,Washington,United States,US,47.6224,-122.3365,known,2026-07-26T19:15:05Z,2026-07-26T19:20:23Z,local-admin
location:7f558d88204cdf26e975,institution:7f558d88204cdf26,"CEC GienTech Technology Co., Ltd.",cec gientech technology co ltd,Shanghai,Shanghai,China,CN,31.1807,121.4595,known,2026-07-26T19:27:45Z,2026-07-26T19:27:45Z,local-admin
location:b8e44ef51464a97caf45,institution:b8e44ef51464a97c,Macao Polytechnic University,macao polytechnic university,Macau,Macau,China,CN,22.1938349,113.5515152,known,2026-07-26T20:23:16Z,2026-07-26T20:23:16Z,local-admin
location:88976ef4193e3a06fea2,institution:88976ef4193e3a06,Beijing University of Civil Engineering and Architecture,beijing university of civil engineering and architecture,Beijing,Beijing,China,CN,39.7475047,116.2799282,known,2026-07-26T20:24:36Z,2026-07-26T20:25:09Z,local-admin
location:19b5782d597636d916c5,institution:19b5782d597636d9,University of International Relations,university of international relations,Beijing,Beijing,China,CN,40.0025462,116.2799474,known,2026-07-26T20:25:47Z,2026-07-26T20:26:14Z,local-admin
location:815062efbb7622586bb2,institution:815062efbb762258,University of New South Wales,university of new south wales,Sydney,New South Wales,Australia,AU,-33.9170172,151.2251677,known,2026-07-26T20:26:33Z,2026-07-26T20:26:33Z,local-admin
location:95626cb146b520800274,institution:95626cb146b52080,"DeepFuture Technology (Hengqin, Guangdong) Co., Ltd.",deepfuture technology hengqin guangdong co ltd,Zhuhai,Guangdong,China,CN,22.1209,113.5278,known,2026-07-26T20:28:07Z,2026-07-26T20:28:07Z,local-admin
location:2d64a600151c6a44031a,institution:2d64a600151c6a44,Technical University of Madrid,technical university of madrid,Madrid,Madrid,Spain,ES,40.389,-3.6277,known,2026-07-26T20:48:56Z,2026-07-26T20:48:56Z,local-admin
location:3e0adb795a72cea83456,institution:3e0adb795a72cea8,Tianjin University of Technology,tianjin university of technology,Tianjin,Tianjin,China,CN,39.0621921,117.1333089,known,2026-07-29T06:27:32Z,2026-07-29T06:27:32Z,local-admin
location:bec45b93a867958cc8fb,institution:bec45b93a867958c,Lamar University,lamar university,Beaumont,Texas,United States,US,30.0388947,-94.0758929,known,2026-07-29T06:27:53Z,2026-07-29T06:27:53Z,local-admin
location:70f74652d14cacde8518,institution:70f74652d14cacde,Nankai University,nankai university,Tianjin,Tianjin,China,CN,38.9869388,117.33941,known,2026-07-29T06:28:38Z,2026-08-22T16:46:24Z,local-admin
location:61adfe1cfbad3b19608f,institution:61adfe1cfbad3b19,Academy of Broadcasting Science,academy of broadcasting science,Beijing,Beijing,China,CN,39.903631,116.347219,known,2026-07-29T06:38:09Z,2026-07-29T06:38:09Z,local-admin
location:2bec96b8d2c54388b2fd,institution:2bec96b8d2c54388,Tianjin University of Science and Technology,tianjin university of science and technology,Tianjin,Tianjin,China,CN,39.083961,117.708631,known,2026-07-29T06:40:24Z,2026-08-22T16:44:49Z,local-admin
location:48441fb89f75bf9d620a,institution:48441fb89f75bf9d,People's Public Security University of China,people s public security university of china,Beijing,Beijing,China,CN,39.91135,116.34072,known,2026-07-29T06:42:46Z,2026-07-29T06:42:46Z,local-admin
location:6235ae2101dec1c1a8d0,institution:6235ae2101dec1c1,Shanghai Customs University,shanghai customs university,Shanghai,Shanghai,China,CN,31.21926,121.59342,known,2026-07-29T06:44:06Z,2026-07-29T06:44:06Z,local-admin
location:c2dab080fa8567162a91,institution:c2dab080fa856716,Georgia Institute of Technology,georgia institute of technology,Atlanta,Georgia,United States,US,33.7760948,-84.3988077,known,2026-07-29T06:48:21Z,2026-07-29T06:48:21Z,local-admin
location:ab1c5fd351e72f378ec6,institution:ab1c5fd351e72f37,Link Campus University,link campus university,Rome,Lazio,Italy,IT,41.8937,12.4252,known,2026-07-29T07:04:31Z,2026-07-29T07:04:31Z,local-admin
location:94efe2a875dd4d0e3b95,institution:94efe2a875dd4d0e,The University of British Columbia,the university of british columbia,Vancouver,British Columbia,Canada,CA,49.260605,-123.245993,known,2026-07-29T07:08:04Z,2026-07-29T07:08:04Z,local-admin
location:3ac6dbcc618a5a6f6ec4,institution:3ac6dbcc618a5a6f,Swinburne University of Technology,swinburne university of technology,Melbourne,Victoria,Australia,AU,-37.8524032,144.991846,known,2026-07-29T07:09:24Z,2026-07-29T07:09:24Z,local-admin
location:dc3e4a6107db41d14489,institution:dc3e4a6107db41d1,Wanjiang University of Technology,wanjiang university of technology,Ma'anshan,Anhui,China,CN,31.6739,118.5568,known,2026-07-29T07:11:09Z,2026-07-29T07:11:09Z,local-admin
location:e7cbd84466f9202bdcaf,institution:e7cbd84466f9202b,Pegaso University,pegaso university,Naples,Campania,Italy,IT,40.857467,14.280388,known,2026-07-29T07:12:49Z,2026-07-29T07:12:49Z,local-admin
location:f2c797b53862241e942c,institution:f2c797b53862241e,Changsha Medical University,changsha medical university,Changsha,Hunan,China,CN,28.29722,112.876353,known,2026-07-29T07:13:56Z,2026-07-29T07:13:56Z,local-admin
location:d91bdebb133e022b2cbd,institution:d91bdebb133e022b,University of Salerno,university of salerno,Fisciano,Campania,Italy,IT,40.77195,14.7907,known,2026-07-29T07:15:18Z,2026-07-29T07:15:18Z,local-admin
location:4cdbeb4bb5d94d04b71a,institution:4cdbeb4bb5d94d04,University College Dublin,university college dublin,Dublin,Dublin,Ireland,IE,53.3068499,-6.2246268,known,2026-07-29T07:16:38Z,2026-07-29T07:16:38Z,local-admin
location:b370a10db2a1f29446a9,institution:b370a10db2a1f294,Trinity College Dublin,trinity college dublin,Dublin,Dublin,Ireland,IE,53.3437061,-6.2544278,known,2026-07-29T07:17:16Z,2026-07-29T07:17:16Z,local-admin
location:806523d1aae41484a05a,institution:806523d1aae41484,"University of Science, Viet Nam National University Ho Chi Minh City",university of science viet nam national university ho chi minh city,Ho Chi Minh City,Ho Chi Minh City,Vietnam,VN,10.76262,106.68218,known,2026-07-29T07:18:31Z,2026-07-29T07:18:31Z,local-admin
location:be8fe6da68f67876f00e,institution:be8fe6da68f67876,Hunan University,hunan university,Changsha,Hunan,China,CN,28.183548,112.9413466,known,2026-07-29T07:52:00Z,2026-07-29T07:52:00Z,local-admin
location:c3227ed71ef6fcd8a2b9,institution:c3227ed71ef6fcd8,Fujian University of Technology,fujian university of technology,Fuzhou,Fujian,China,CN,26.0383264,119.1910378,known,2026-07-29T07:52:27Z,2026-07-29T07:52:27Z,local-admin
location:9cd15ab643d7131f0019,institution:9cd15ab643d7131f,Beijing Institute of Graphic Communication,beijing institute of graphic communication,Beijing,Beijing,China,CN,39.7433927,116.3232041,known,2026-07-29T07:53:15Z,2026-07-29T07:53:15Z,local-admin
location:ad93ddd1194b7b31563b,institution:ad93ddd1194b7b31,The Hebrew University of Jerusalem,the hebrew university of jerusalem,Jerusalem,Jerusalem District,Israel,IL,31.778,35.197,known,2026-07-30T19:09:51Z,2026-07-30T19:09:51Z,local-admin
location:11b19a7d5a729b52836b,institution:3da00d58d4c97192,Commonwealth Scientific and Industrial Research Organisation,commonwealth scientific and industrial research organisation,Perth,Western Australia,Australia,AU,-31.9495086,115.7896174,known,2026-08-01T13:29:47Z,2026-08-22T16:44:58Z,local-admin
location:ec00c3791abab2435e6b,institution:cab25d5cf69f9936,Guangdong Technion-Israel Institute of Technology,guangdong technion israel institute of technology,Shantou,Guangdong,China,CN,23.4042403,116.6310344,known,2026-08-07T07:50:56Z,2026-08-07T07:50:56Z,local-admin
location:1ceb66eac09f04a46a1d,institution:24b3b4892146f8f3,Guizhou Police College,guizhou police college,Guiyang,Guizhou,China,CN,26.554217,106.775951,known,2026-08-07T08:27:18Z,2026-08-07T08:27:18Z,local-admin
location:02b36203bb7e3fd12a21,institution:905a9d3ec1d52c0b,Guizhou Minzu University,guizhou minzu university,Guiyang,Guizhou,China,CN,26.386,106.63,known,2026-08-07T08:28:49Z,2026-08-07T08:28:49Z,local-admin
location:19fe504e0c5fdcd60a85,institution:584ce56aba1d421b,General Directorate of Education in Al-Qadisiyah Governorate,general directorate of education in al qadisiyah governorate,Al Diwaniyah,Al-Qadisiyah,Iraq,IQ,31.99,44.93,known,2026-08-07T08:35:17Z,2026-08-07T08:35:17Z,local-admin
location:0f7c68a12598aaf2ebab,institution:0094b55826d7cf3e,HKU Shanghai Intelligent Computing Research Center,hku shanghai intelligent computing research center,Shanghai,Shanghai,China,CN,31.1766,121.4024,known,2026-08-07T08:59:21Z,2026-08-07T08:59:21Z,local-admin
location:e682908d6bbc201471e9,institution:fe6f0cc7c1924a6a,Hangzhou Institute for Advanced Study,hangzhou institute for advanced study,Hangzhou,Zhejiang,China,CN,30.13664,120.06937,known,2026-08-07T09:03:40Z,2026-08-07T09:03:40Z,local-admin
location:ad2fb1e509bac4b284e7,institution:34697ffbc06b8534,MEGVII Technology,megvii technology,Beijing,Beijing,China,CN,40.05591,116.35809,known,2026-08-07T09:06:02Z,2026-08-07T09:06:02Z,local-admin
location:acf7d25ca755677b1742,institution:4269181ef8bd7d6e,"Indian Institute of Engineering Science and Technology, Shibpur",indian institute of engineering science and technology shibpur,Howrah,West Bengal,India,IN,22.555204,88.305908,known,2026-08-07T09:08:05Z,2026-08-07T09:08:05Z,local-admin
location:d99adc768886c63d2401,institution:cf2639c8e56f6453,Sony AI,sony ai,San Mateo,California,United States,US,37.5595,-122.2847,known,2026-08-07T17:06:20Z,2026-08-07T17:07:26Z,local-admin
location:f96a37d986b90bb9be36,institution:8b4dcb3a02140b15,Henan University,henan university,Zhengzhou,Henan,中国,CN,34.8194726,113.8143648,known,2026-08-07T19:51:26Z,2026-08-07T19:51:26Z,local-admin
location:76fe06e6e902ed21512e,institution:bce986d0881eaaed,Polytechnic Institute of Turin,polytechnic institute of turin,Turin,Piedmont,Italy,IT,45.06278,7.66278,known,2026-08-07T19:53:08Z,2026-08-07T19:53:08Z,local-admin
location:e552dcde2232ada52049,institution:6e9fae05d0f9bbc3,Center for Artificial Intelligence (CENTAI),center for artificial intelligence centai,Turin,Piedmont,Italy,IT,45.0737,7.6619,known,2026-08-07T19:56:59Z,2026-08-07T20:04:16Z,local-admin
location:ea8ab5adabd2dcfb4a8a,institution:e75cc4bbe66bd6c8,WeChat AI,wechat ai,Guangzhou,Guangdong,China,CN,23.0988,113.3272,known,2026-08-07T20:02:28Z,2026-08-07T20:02:28Z,local-admin
location:21af2cff7811b0d6f826,institution:6527630c76c9d56a,University of Oregon,university of oregon,Eugene,Oregon,United States,US,44.0444197,-123.0717603,known,2026-08-08T09:55:05Z,2026-08-08T09:55:05Z,local-admin
location:4de4cceb07540d27233e,institution:2c846bda509d7d12,Boston University,boston university,Boston,Massachusetts,United States,US,42.3504215,-71.1032247,known,2026-08-08T09:55:23Z,2026-08-08T09:55:23Z,local-admin
location:2be8edf081e0c9efdf5d,institution:f841aa8a7a0d29aa,Centre for Research and Technology Hellas (CERTH),centre for research and technology hellas certh,Thessaloniki,Central Macedonia,Greece,GR,40.64361,22.93086,known,2026-08-08T10:39:50Z,2026-08-08T10:39:50Z,codex-data-repair
location:447403172a7af23d440f,institution:69d7dc38d11d5f80,Aristotle University of Thessaloniki,aristotle university of thessaloniki,Thessaloniki,Central Macedonia,Greece,GR,40.63,22.9580556,known,2026-08-08T10:39:50Z,2026-08-08T10:39:50Z,codex-data-repair
location:6cf9df5ef3d64c3f18bc,institution:7182b5831d4ba8a2,Comilla University,comilla university,Cumilla,Chattogram Division,Bangladesh,BD,23.4188277,91.135216,known,2026-08-09T10:24:05Z,2026-08-09T10:24:05Z,local-admin
location:43b12fa786dde47053b4,institution:b6af627e10ca7fed,Jahangirnagar University,jahangirnagar university,Savar,Dhaka Division,Bangladesh,BD,23.8825492,90.2670388,known,2026-08-09T10:25:07Z,2026-08-09T10:25:07Z,local-admin
location:fd9e61513be0a444846d,institution:0c402f0a171364b7,The State Information Center,the state information center,Beijing,Beijing,China,CN,39.908268,116.33617,known,2026-08-09T10:43:46Z,2026-08-22T16:46:23Z,local-admin
location:8d6a287a0d9bd46d89cd,institution:4f497a7bcb962081,Xiangtan University,xiangtan university,Xiangtan,Hunan,China,CN,27.8867266,112.8569843,known,2026-08-10T12:35:17Z,2026-08-10T12:35:17Z,local-admin
location:73485a649204417f1813,institution:a0c0138d9a974517,Xiaomi Corporation,xiaomi corporation,Beijing,Beijing,China,CN,40.0457,116.3004,known,2026-08-10T12:38:36Z,2026-08-10T12:38:36Z,local-admin
location:d787cd26837c5fb7d191,institution:0c014e2f36e84d1b,Indian Institute of Technology Mandi,indian institute of technology mandi,Mandi,Himachal Pradesh,India,IN,31.7063321,76.9385693,known,2026-08-10T12:41:31Z,2026-08-10T12:41:31Z,local-admin
location:24bd5393789c0267b980,institution:2b6e51bec93e86c1,Google DeepMind,google deepmind,Cambridge,Massachusetts,United States,US,42.3629,-71.087,known,2026-08-11T09:15:41Z,2026-08-11T09:15:41Z,local-admin
location:b38f8133a98e1c2090d3,institution:a8472ecf227d6190,Beijing Electronic Science and Technology Institute,beijing electronic science and technology institute,Beijing,Beijing,China,CN,39.83845,116.28094,known,2026-08-11T10:31:32Z,2026-08-11T10:31:32Z,local-admin
location:ff777e44f9ce4d1db35d,institution:fed327d8187255e5,Polytechnic University of Milan,polytechnic university of milan,Milan,Lombardy,Italy,IT,45.478,9.2271,known,2026-08-11T10:33:01Z,2026-08-22T16:44:45Z,local-admin
location:ea9eefcef5ddd7adfb51,institution:b4e88842382d76c1,National Interuniversity Consortium for Informatics (CINI),national interuniversity consortium for informatics cini,Rome,Lazio,Italy,IT,41.8907,12.5026,known,2026-08-11T10:33:44Z,2026-08-11T10:33:44Z,local-admin
location:1593be9a43e9f346d486,institution:ce832fad3d4de534,Fraunhofer Institute for Industrial Mathematics ITWM,fraunhofer institute for industrial mathematics itwm,Kaiserslautern,Rhineland-Palatinate,Germany,DE,49.43145,7.75294,known,2026-08-11T10:35:44Z,2026-08-11T10:35:44Z,local-admin
location:951efc0b8e91b036f1e8,institution:a273d5856c9d065c,Bangladesh University of Engineering and Technology,bangladesh university of engineering and technology,Dhaka,Dhaka,Bangladesh,BD,23.7267,90.3925,known,2026-08-11T10:36:37Z,2026-08-11T10:36:37Z,local-admin
location:15fddbc0add01ee5bfa0,institution:53765f8a62a101ca,Télécom Paris,télécom paris,Palaiseau,Île-de-France,France,FR,48.7131108,2.199685,known,2026-08-11T17:09:07Z,2026-08-11T17:09:07Z,local-admin
location:a3314ec38e3d7af2d2ed,institution:7365674b49d794c0,Université de Montréal,université de montréal,Montréal,Québec,Canada,CA,45.5226883,-73.6198305,known,2026-08-11T20:59:30Z,2026-08-11T20:59:30Z,local-admin
location:f908204311ba2a64676f,institution:85454e059db548bc,The University of Western Australia,the university of western australia,Albany,Western Australia,Australia,AU,-35.0277407,117.8874729,known,2026-08-11T20:59:46Z,2026-08-11T20:59:46Z,local-admin
location:cb598c73c9cecae65c91,institution:f138c3615bfbd805,McGill University,mcgill university,Montréal,Québec,Canada,CA,45.5068861,-73.5787118,known,2026-08-11T21:00:05Z,2026-08-11T21:00:05Z,local-admin
location:83d73034ba6ecd5f2c61,institution:44fbaa4433d00f61,Institute of Informatics and Telematics of the National Research Council of Italy,institute of informatics and telematics of the national research council of italy,Pisa,Tuscany,Italy,IT,43.71884,10.42521,known,2026-08-11T21:01:59Z,2026-08-11T21:01:59Z,local-admin
location:4cd0230711e64beddaec,institution:e9687e710c08b33b,Mila - Quebec Artificial Intelligence Institute,mila quebec artificial intelligence institute,Montreal,Quebec,Canada,CA,45.53067,-73.61375,known,2026-08-11T21:02:53Z,2026-08-11T21:02:53Z,local-admin
location:86d6b804e52f77cd05f4,institution:4bbe21fee76b02a9,Swiss federal Institute of Technology in Lausanne,swiss federal institute of technology in lausanne,Lausanne,Vaud,Switzerland,CH,46.5188,6.5593,known,2026-08-11T21:03:58Z,2026-08-11T21:03:58Z,local-admin
location:3df3081996787e6631e4,institution:a4967ac8ddffe56e,IVADO,ivado,Montreal,Quebec,Canada,CA,45.52419,-73.62186,known,2026-08-11T21:07:12Z,2026-08-11T21:07:12Z,local-admin
location:9e69f16c868f7f69e9ae,institution:96c75ff3447d87bb,Saintgits College of Engineering,saintgits college of engineering,Pathamuttom,Kerala,India,IN,9.5101204,76.550787,known,2026-08-16T14:34:17Z,2026-08-16T14:34:17Z,local-admin
location:7fa401aff7a6166d4a21,institution:39263f3dbe1e47f9,Shandong Normal University,shandong normal university,Jinan,Shandong,China,CN,36.6514701,117.0351431,known,2026-08-16T14:40:59Z,2026-08-22T16:44:20Z,local-admin
location:7942988127caeaef5f36,institution:5fc8d686887fa82a,University of Electronic Science and Technology of China,university of electronic science and technology of china,Chengdu,Sichuan,China,CN,30.7534211,103.9294024,known,2026-08-16T14:41:26Z,2026-08-16T14:41:26Z,local-admin
location:839ca27a420e7195478b,institution:d4c79ca44c5dbbbc,Stuttgart Media University,stuttgart media university,Stuttgart,Baden-Württemberg,Germany,DE,48.7416439,9.1010287,known,2026-08-16T14:41:50Z,2026-08-16T14:41:50Z,local-admin
location:a49f89dd24b6ef783b6e,institution:995961c53e221f07,Centre Borelli,centre borelli,Gif-sur-Yvette,Île-de-France,France,FR,48.7132044,2.1637932,known,2026-08-16T14:42:07Z,2026-08-16T14:42:07Z,local-admin
location:e26ebc2442f89b474be3,institution:8d4321d936320802,NVIDIA,nvidia,Hillsboro,Oregon,United States,US,45.5344957,-122.886274,known,2026-08-16T14:42:30Z,2026-08-16T14:42:30Z,local-admin
location:c64d893ba4b9fb6519ab,institution:e24529de73ecaa2c,Agence France-Presse,agence france presse,Paris,Île-de-France,France,FR,48.8685888,2.340715,known,2026-08-16T14:43:40Z,2026-08-16T14:43:40Z,local-admin
location:8afd9ebdc11321948889,institution:212d8dcc1a46b96e,ENS Paris-Saclay,ens paris saclay,Gif-sur-Yvette,Île-de-France,France,FR,48.7123431,2.1657965,known,2026-08-16T14:43:59Z,2026-08-16T14:43:59Z,local-admin
location:9b68dc88d199aa58d2fb,institution:ef0812aa48e97be6,Reichman University,reichman university,Herzliya,Tel Aviv District,Israel,IL,32.176575,34.835625,known,2026-08-16T14:47:10Z,2026-08-16T14:47:10Z,local-admin
location:839678c5fe43039a2de1,institution:c33f0550d2263d47,Great Bay University,great bay university,Dongguan,Guangdong,China,CN,22.7603,113.863,known,2026-08-16T14:48:21Z,2026-08-22T16:44:40Z,local-admin
location:097622c70825620ec613,institution:9a733d8202685d10,Shri Ramdeobaba College of Engineering & Management,shri ramdeobaba college of engineering management,Nagpur,Maharashtra,India,IN,21.17726,79.06125,known,2026-08-16T14:49:06Z,2026-08-16T14:49:06Z,local-admin
location:8fbf58469460242af79b,institution:6d5510a695d0a614,NAVER,naver,Seongnam,Gyeonggi-do,South Korea,KR,37.359456,127.105314,known,2026-08-16T14:51:11Z,2026-08-16T14:51:11Z,local-admin
location:e7d076729710edc90eec,institution:e803ae4c1872dfa7,LINE Plus,line plus,Seongnam,Gyeonggi-do,South Korea,KR,37.3859,127.1231,known,2026-08-16T14:51:43Z,2026-08-16T14:51:43Z,local-admin
location:2ec6447f8023d9dad604,institution:c13e2f4a44bb01ed,Samsung SDS,samsung sds,Seoul,Seoul,South Korea,KR,37.5167,127.1014,known,2026-08-16T14:52:11Z,2026-08-16T14:52:11Z,local-admin
location:e0ee7e736afd0f368f1e,institution:97a78e53265fe882,Washington University in St. Louis,washington university in st louis,Saint Louis,Missouri,United States,US,38.6472402,-90.3084017,known,2026-08-16T15:03:24Z,2026-08-16T15:03:24Z,local-admin
location:b5d9bf23010011c55a20,institution:5bca0447cd36c94e,Scam AI,scam ai,Berkeley,California,United States,US,37.8703,-122.2689,known,2026-08-16T15:12:07Z,2026-08-16T15:12:07Z,local-admin
location:0a0d27aa74b6df9808a3,institution:e808c43481f24251,Novosibirsk State Technical University,novosibirsk state technical university,Novosibirsk,Novosibirsk Oblast,Russia,RU,54.988,82.904,known,2026-08-16T15:26:42Z,2026-08-16T15:26:42Z,local-admin
location:ec8c1b456843feed2c93,institution:74f77276f63e1208,North China University of Technology,north china university of technology,Beijing,Beijing,China,CN,39.926778,116.2021312,known,2026-08-17T18:59:58Z,2026-08-17T18:59:58Z,local-admin
location:171b6d594f989e642eb4,institution:9a7670ce91c30b4d,Northwestern University,northwestern university,Evanston,Illinois,United States,US,42.0557157,-87.6752945,known,2026-08-17T19:00:15Z,2026-08-17T19:00:15Z,local-admin
location:1cba98ba2fa177f13b02,institution:369f8175eaa84de6,University of Exeter,university of exeter,Quethiock,England,United Kingdom,GB,50.7369372,-3.5347349,known,2026-08-17T19:00:32Z,2026-08-17T19:00:32Z,local-admin
location:7311a982a4770dec9f73,institution:a7afa880cf905469,Mannheim University of Applied Sciences,mannheim university of applied sciences,Mannheim,Baden-Württemberg,Germany,DE,49.4699765,8.4819024,known,2026-08-17T19:00:54Z,2026-08-17T19:00:54Z,local-admin
location:a4c294a7333342f6e8cb,institution:4fb750575364983b,Guizhou University,guizhou university,Guiyang,Guizhou,China,CN,26.4495922,106.654026,known,2026-08-17T19:01:36Z,2026-08-17T19:01:36Z,local-admin
location:189207be6f4fff94f5f4,institution:17922857a5febbe8,Hebei Institute of Communications,hebei institute of communications,Shijiazhuang,Hebei,China,CN,37.8979,114.6487,known,2026-08-17T19:02:33Z,2026-08-17T19:02:33Z,local-admin
location:90097e1154e9ceeb0cb1,institution:9fbf261b62c1d7c0,Microsoft,microsoft,Redmond,Washington,United States,US,47.639597,-122.12845,known,2026-08-17T19:05:39Z,2026-08-17T19:05:39Z,local-admin
location:b54f7f1adba2fe08dcc8,institution:ba1c566a4bad288c,WITNESS,witness,New York,New York,United States,US,40.7389,-73.9884,known,2026-08-17T19:08:38Z,2026-08-22T16:46:20Z,local-admin
location:c01705e6715a30d51366,institution:1f4217b90babf040,Indian Institute of Science,indian institute of science,Bengaluru,Karnataka,India,IN,13.0222347,77.5671832,known,2026-08-18T10:43:44Z,2026-08-18T10:43:44Z,local-admin
location:77ce59d91212ebda047c,institution:e3ce9cc5efa9354c,Hugging Face,hugging face,Kolkata,West Bengal,India,IN,22.5726,88.3639,known,2026-08-18T10:49:27Z,2026-08-18T10:49:27Z,local-admin
location:682519f38b7e9a7c6e4d,institution:d473cbf12de5fb53,Southwest University,southwest university,Chongqing,Chongqing,China,CN,29.8186857,106.4197505,known,2026-08-18T13:36:32Z,2026-08-18T13:36:32Z,local-admin
location:3b34b697ae79e25647a5,institution:e6c54491eaf447b6,Shanghai Second Polytechnic University,shanghai second polytechnic university,Shanghai,Shanghai,China,CN,31.2619151,121.6489036,known,2026-08-18T13:37:05Z,2026-08-18T13:37:05Z,local-admin
location:fa80d3c071c298e1116a,institution:fa80d3c071c298e1,The Hong Kong University of Science and Technology,the hong kong university of science and technology,New Territories,Hong Kong,China,CN,22.3358031,114.2659088,known,2026-07-13T19:09:32Z,2026-08-09T10:50:24Z,local-admin
location:9b50cba99e4d7e62b8b0,institution:81eaae945d27f11c,National University of Ireland,national university of ireland,Dublin,Leinster,Ireland,IE,53.3383826,-6.2471783,known,2026-08-20T13:32:20Z,2026-08-20T13:32:56Z,local-admin
location:d564b7982f0ffa548978,institution:6897907a26009a77,University of Liverpool,university of liverpool,Liverpool,England,United Kingdom,GB,53.4072429,-2.9658326,known,2026-08-20T13:33:25Z,2026-08-20T13:33:25Z,local-admin
location:9be09936b87d6319a4ba,institution:24532e6b5472dbfb,Singapore Institute of Technology,singapore institute of technology,Singapore,,Singapore,SG,1.4123197,103.9094621,known,2026-08-20T13:33:46Z,2026-08-20T13:35:10Z,local-admin
location:993cb264e47e1ed70365,institution:f3cfc9b602d85010,University of North Texas,university of north texas,Denton,Texas,United States,US,33.2098922,-97.1514763,known,2026-08-20T13:35:28Z,2026-08-20T13:35:28Z,local-admin
location:c2f1205d58253085d3b3,institution:8ee530c781dde9f8,Chung-Ang University,chung ang university,Seoul,Seoul,South Korea,KR,37.5051,126.9571,known,2026-08-20T13:39:48Z,2026-08-20T13:39:48Z,local-admin
location:9a573c3f97db2f48f591,institution:cf0fbf994717bb60,University of Seoul,university of seoul,Seoul,Seoul,South Korea,KR,37.58307,127.05951,known,2026-08-20T13:40:17Z,2026-08-20T13:40:17Z,local-admin
location:e5887bb502f223245d33,institution:ffcb560498d89d25,University of Oslo,university of oslo,Oslo,Oslo,Norway,NO,59.94027,10.72224,known,2026-08-20T13:40:50Z,2026-08-20T13:40:50Z,local-admin
location:b0780ebd05bc08266472,institution:13600b8b1a017cee,Bar-Ilan University,bar ilan university,Ramat Gan,Tel Aviv District,Israel,IL,32.06778,34.8425,known,2026-08-20T13:41:22Z,2026-08-20T13:41:22Z,local-admin
location:23b97c859d988b076183,institution:942667142da716c5,The Hong Kong University of Science and Technology (Guangzhou),the hong kong university of science and technology guangzhou,Guangzhou,Guangdong,China,CN,22.889043,113.484507,known,2026-08-20T13:44:50Z,2026-08-20T13:45:05Z,local-admin
location:1ac420b9b6269a5589bc,institution:502b0f4ec4bc4546,"Origin Quantum Computing Technology (Hefei) Co., Ltd.",origin quantum computing technology hefei co ltd,Hefei,Anhui,China,CN,31.8209,117.1266,known,2026-08-20T20:50:30Z,2026-08-20T20:50:30Z,local-admin
location:9ed4a37245617a66decc,institution:16ee891260af74c0,Anhui University,anhui university,Hefei,Anhui,China,CN,31.8471875,117.2501336,known,2026-08-20T21:06:48Z,2026-08-20T21:06:48Z,local-admin
location:775e9f7489fa5e341740,institution:625c15ca1b398899,Hebei University,hebei university,Baoding,Hebei,China,CN,38.8808332,115.5606323,known,2026-08-22T12:20:21Z,2026-08-22T12:20:21Z,local-admin
location:2fbda960d224b8824308,institution:3e0249855cebf527,"China Mobile Communications Group Beijing Co., Ltd.",china mobile communications group beijing co ltd,Beijing,Beijing,China,CN,39.937137,116.432635,known,2026-08-22T12:22:12Z,2026-08-22T16:46:16Z,local-admin
location:efd4f5443dbe440e0be1,institution:e58a37a2924e1779,Torrens University Australia,torrens university australia,Sydney,New South Wales,Australia,AU,-33.8839662,151.2089297,known,2026-08-22T15:14:50Z,2026-08-22T15:14:50Z,local-admin
location:6ce17079a9ba5c318485,institution:77fb2ba62b721cd6,Qilu University of Technology,qilu university of technology,Jinan,Shandong,China,CN,36.5578144,116.805231,known,2026-08-22T15:15:18Z,2026-08-22T16:44:12Z,local-admin
location:215bacaaf43c261d4110,institution:cdedd18207a1eeb2,Amrita Vishwa Vidyapeetham,amrita vishwa vidyapeetham,Bengaluru,Karnataka,India,IN,12.8938021,77.6759379,known,2026-08-22T15:15:38Z,2026-08-22T15:15:38Z,local-admin
location:d3478b77394e27ca0f31,institution:cdde929ea128594e,Wuhan Institute of Technology,wuhan institute of technology,Wuhan,Hubei,China,CN,30.5044735,114.3845446,known,2026-08-22T15:16:28Z,2026-08-22T15:16:28Z,local-admin
location:43a49e9131365a357ed7,institution:769b711ed2fee7c0,City University of Macau,city university of macau,Macau,Macau,China,CN,22.1638496,113.5558999,known,2026-08-22T15:18:02Z,2026-08-22T15:18:02Z,local-admin
location:66e185663db95f89a029,institution:4f596f4cb1eacc17,Pegaso Telematic University,pegaso telematic university,Naples,Campania,Italy,IT,40.85747,14.28039,known,2026-08-22T15:20:41Z,2026-08-22T15:20:41Z,local-admin
location:db008ecfee28a0c08dff,institution:4fd673972df51513,San Jose State University,san jose state university,San Jose,California,United States,US,37.3351902,-121.881225,known,2026-08-23T13:39:20Z,2026-08-24T16:27:26Z,local-admin
location:92de3a20bb2cd0036250,institution:17e63acd624ced9b,University of Cagliari,university of cagliari,Cagliari,Sardinia,Italy,IT,39.21722,9.11472,known,2026-08-23T14:23:58Z,2026-08-23T14:23:58Z,local-admin
location:9cf1e343c90c4f74c4ff,institution:4e0158a865182393,Bank of Italy,bank of italy,Rome,Lazio,Italy,IT,41.897527,12.488347,known,2026-08-23T14:25:00Z,2026-08-23T14:25:00Z,local-admin
location:f4a883f8d9615a43d89c,institution:f4a883f8d9615a43,University of Campinas,university of campinas,Campinas,São Paulo,Brazil,BR,-22.817,-47.0683,known,2026-07-01T07:19:42Z,2026-07-01T07:19:42Z,local-admin
location:aee00ab2f1fd813231e8,institution:aee00ab2f1fd8132,Peng Cheng Laboratory,peng cheng laboratory,Shenzhen,Guangdong,China,CN,22.62801,113.92921,known,2026-07-17T22:17:51Z,2026-08-22T16:48:20Z,local-admin
location:6b808152b5576b9cd6ee,institution:aee00ab2f1fd8132,Peng Cheng Laboratory,peng cheng laboratory,Shenzhen,Guangdong,China,CN,22.5856,113.9639,known,2026-07-01T08:46:17Z,2026-08-24T16:41:47Z,local-admin
location:29645bb566fcd57661c6,institution:29645bb566fcd576,French National Centre for Scientific Research,french national centre for scientific research,Paris,Île-de-France,France,FR,48.8462,2.263,known,2026-07-06T14:39:23Z,2026-07-06T14:39:23Z,local-admin
location:2f8c9f8f9209013d,institution:2f8c9f8f9209013d,Zhejiang Lab,zhejiang lab,Hangzhou,Zhejiang,China,CN,30.2639066,119.8911292,known,2026-07-15T13:33:12Z,2026-07-15T13:41:33Z,local-admin
location:357dc1b545173dd55c4a,institution:357dc1b545173dd5,Meta (United States),meta united states,Menlo Park,California,United States,US,37.4848,-122.1484,known,2026-07-13T19:22:05Z,2026-07-13T19:22:05Z,local-admin
location:90f0f5cfac282c598f6a,institution:ea16e0a7b9bd2e5e,Computer Research Institute of Montreal (CRIM),computer research institute of montreal crim,Montreal,Quebec,Canada,CA,45.53045,-73.62515,known,2026-08-22T15:23:12Z,2026-08-22T15:23:12Z,local-admin
location:09ebf6af6fedbee7126e,institution:475fa3f7d32d5d27,Grenoble INP,grenoble inp,Grenoble,Auvergne-Rhône-Alpes,France,FR,45.1909,5.717,known,2026-07-06T14:36:00Z,2026-08-24T16:41:47Z,local-admin
location:ad81b7fe4ed998909c6e,institution:612630c2527bff83,"University at Buffalo, State University of New York",university at buffalo state university of new york,Amherst,Amherst,United States,US,43.001,-78.79,known,2026-07-01T05:47:29Z,2026-08-24T16:41:47Z,local-admin
location:91aeee1163fdce71a822,institution:e81a0314e783d8a4,"Agency for Science, Technology and Research",agency for science technology and research,Singapore,Singapore,Singapore,SG,1.2996,103.7886,known,2026-06-29T19:50:55Z,2026-08-24T16:32:18Z,local-admin
location:966ff12833f90bb0ba7e,institution:966ff12833f90bb0,"Institute of Automation, Chinese Academy of Sciences",institute of automation chinese academy of sciences,Beijing,Beijing,China,CN,39.9826,116.3336,known,2026-07-01T06:42:55Z,2026-07-01T06:42:55Z,local-admin
location:cbc62794911ff31b2864,institution:cbc62794911ff31b,Amazon,amazon,Seattle,Washington,United States,US,47.6224574,-122.3365043,known,2026-07-13T21:22:59Z,2026-07-13T21:22:59Z,local-admin
location:a347635ea8ddea4aff4f,institution:aee00ab2f1fd8132,Peng Cheng Laboratory,peng cheng laboratory,Shenzhen,Guangdong,中国,CN,22.5754668,113.9363591,known,2026-08-24T17:04:01Z,2026-08-24T17:04:01Z,local-admin
