decision_id,review_queue,target_type,title,year,doi,openalex_url,institution,action,review_note,created_at,updated_at,created_by
review:8483273ff88913a50c82,high_risk_marker,marker,A siamese-based verification system for open-set architecture attribution of synthetic images,2024,10.1016/j.patrec.2024.03.002,https://openalex.org/W4392453284,University of Siena,confirm_marker,ML,2026-07-07T22:14:05Z,2026-07-07T22:14:22Z,local_admin
review:43632bd5575cb49bb873,high_risk_marker,marker,LEGION: Learning to Ground and Explain for Synthetic Image Detection,2025,https://doi.org/10.1109/iccv51701.2025.01760,https://openalex.org/W4414903171,Beijing Academy of Artificial Intelligence,exclude_wrong_mapping,Reviewed against the official ICCV 2025 paper affiliation list; Beijing Academy of Artificial Intelligence is absent and the prior automatic OpenAlex fallback marker is unsupported.,2026-07-21T18:22:55Z,2026-07-21T18:22:55Z,local_admin
review:ac97278e1fa49cf76abc,high_risk_marker,marker,An Eyes-Based Siamese Neural Network for the Detection of GAN-Generated Face Images,2022,10.3389/frsip.2022.918725,https://openalex.org/W4284895444,University of Siena,confirm_marker,M,2026-08-08T09:54:10Z,2026-08-08T09:54:10Z,local_admin
review:f180ec80e373680e6e20,institution_consistency,institution_audit:institution-consistency:73572cdac220f40e0eea,Detecting GAN Generated Fake Images Using Co-Occurrence Matrices,2019,10.2352/issn.2470-1173.2019.5.mwsf-532,https://openalex.org/W2975558816,Mayachitra (United States),accept_mapping,"Paper-specific publisher PDF explicitly names Mayachitra Inc. for this author. Santa Barbara is the city, not University of California Santa Barbara. Evidence: https://library.imaging.org/admin/apis/public/api/ist/website/downloadArticle/ei/31/5/art00008 ; arXiv 1903.06836 title page visually corroborated. No institution merge or inferred affiliation.",2026-08-27T00:30:00Z,2026-08-27T00:30:00Z,codex-author-affiliation-review
review:bff64ede1b2bce118161,institution_consistency,institution_audit:institution-consistency:dc2254b028c61b8b2b71,Detecting GAN Generated Fake Images Using Co-Occurrence Matrices,2019,10.2352/issn.2470-1173.2019.5.mwsf-532,https://openalex.org/W2975558816,Mayachitra (United States),accept_mapping,"Paper-specific publisher PDF explicitly names Mayachitra Inc. for this author. Santa Barbara is the city, not University of California Santa Barbara. Evidence: https://library.imaging.org/admin/apis/public/api/ist/website/downloadArticle/ei/31/5/art00008 ; arXiv 1903.06836 title page visually corroborated. No institution merge or inferred affiliation.",2026-08-27T00:30:00Z,2026-08-27T00:30:00Z,codex-author-affiliation-review
review:d8bb418321ed13a9c9b9,institution_consistency,institution_audit:institution-consistency:c6079667cca9087e3a0e,Detecting GAN Generated Fake Images Using Co-Occurrence Matrices,2019,10.2352/issn.2470-1173.2019.5.mwsf-532,https://openalex.org/W2975558816,Mayachitra (United States),accept_mapping,"Paper-specific publisher PDF explicitly names Mayachitra Inc. for this author. Santa Barbara is the city, not University of California Santa Barbara. Evidence: https://library.imaging.org/admin/apis/public/api/ist/website/downloadArticle/ei/31/5/art00008 ; arXiv 1903.06836 title page visually corroborated. No institution merge or inferred affiliation.",2026-08-27T00:30:00Z,2026-08-27T00:30:00Z,codex-author-affiliation-review
review:9e00d9347225dec84d89,institution_consistency,institution_audit:institution-consistency:cafde6c55d68ffdbef49,Detecting GAN Generated Fake Images Using Co-Occurrence Matrices,2019,10.2352/issn.2470-1173.2019.5.mwsf-532,https://openalex.org/W2975558816,Mayachitra (United States),accept_mapping,"Paper-specific publisher PDF explicitly names Mayachitra Inc. for this author. Santa Barbara is the city, not University of California Santa Barbara. Evidence: https://library.imaging.org/admin/apis/public/api/ist/website/downloadArticle/ei/31/5/art00008 ; arXiv 1903.06836 title page visually corroborated. No institution merge or inferred affiliation.",2026-08-27T00:30:00Z,2026-08-27T00:30:00Z,codex-author-affiliation-review
review:8cb1f7e0245a4f8a5188,publication_venues,paper,REVEAL: Reasoning-Enhanced Forensic Evidence Analysis for Explainable AI-Generated Image Detection,2025,10.48550/arXiv.2511.23158,,,unresolved,"Expected ECCV 2026 is unverified: current arXiv v2 (2026-04-08), PDF, and exact-title searches contain no acceptance evidence. Preserve first-publication year 2025 and arXiv preprint until reviewed. Evidence: https://arxiv.org/abs/2511.23158, https://arxiv.org/pdf/2511.23158v2 [venue-state:a99218394e9e5de762a94622aab0e777e3250d35a6d18477c84bec75b8df12bc]",2026-08-28T23:10:56Z,2026-08-28T23:10:56Z,batch8-ingestion
review:b7f8ef0fb9f2a9549691,publication_venues,paper,A Difference-in-Difference Approach to Detecting AI-Generated Images,2026,,,,no_action_after_review,ML [venue-state:8edaf0cb68e419d77522f92910b426c1dec1bf7e98548955d818bbf6210b4f2f],2026-09-06T08:43:26Z,2026-09-06T08:43:26Z,admin
review:6d9e19acd511a87cb5bd,other,paper,Can We Build a Monolithic Model for Fake Image Detection? SICA: Semantic-Induced Constrained Adaptation for Unified-Yet-Discriminative Artifact Feature Space Reconstruction,2026,,,,exclude_paper_scope,"EXCLUDE_OUT_OF_SCOPE: SICA/OpenMMSec deliberately unifies AIGC, deepfake, manipulation and document forgery. AIGC is one component of a broad framework; excluded under the current narrow corpus policy, not a judgment of research relevance. Sources: https://proceedings.mlr.press/v306/du26g.html",2026-10-03T00:00:00Z,2026-10-03T00:00:00Z,maintainer-approved-gap-migration
review:d90dfe8d3e74298e2e74,other,paper,Divide and Conquer: Reliable Multi-View Evidential Learning for Deepfake Detection,2026,,,,unresolved,"HOLD_SCOPE_EVIDENCE_INSUFFICIENT: DiCoME abstract establishes generic deepfake detection, but independent general synthetic-image evaluation is unverified. Temporary evidence hold, not permanent exclusion. Sources: https://proceedings.mlr.press/v306/kang26o.html",2026-10-03T00:00:00Z,2026-10-03T00:00:00Z,maintainer-approved-gap-migration
review:620c66332b8505c75c5f,other,paper,OmniVL-Guard: Towards Unified Vision-Language Forgery Detection and Grounding via Balanced RL,2026,,,,exclude_paper_scope,EXCLUDE_OUT_OF_SCOPE: OmniVL-Guard targets interleaved text/image/video misinformation detection and grounding; no independently central synthetic-image forensic contribution established. Sources: https://proceedings.mlr.press/v306/shen26u.html,2026-10-03T00:00:00Z,2026-10-03T00:00:00Z,maintainer-approved-gap-migration
review:504635277e6a8e570cfd,other,paper,Forensic Prompting with Dual-Action Policy Optimization for Vision-Language Forgery Detection and Localization,2026,,,,exclude_paper_scope,"EXCLUDE_OUT_OF_SCOPE: Forensic Prompting is a generic framework spanning manual manipulation, diffusion, face and text settings; generative imagery is insufficiently dominant under the narrow policy. Sources: https://proceedings.mlr.press/v306/zhu26bg.html",2026-10-03T00:00:00Z,2026-10-03T00:00:00Z,maintainer-approved-gap-migration
review:8d181c5fbd4fdd19e4a5,other,paper,AI-Generated Image Detection: An Empirical Study and Future Research Directions,2025,,,,unresolved,AMBIGUOUS_IDENTITY: arXiv:2511.02791 and SSRN 6032054 share authors and overlap but the SSRN title and experiments expand the scope. Preserve both links; establish neither one nor two corpus identities yet. Sources: https://arxiv.org/abs/2511.02791; https://papers.ssrn.com/sol3/papers.cfm?abstract_id=6032054,2026-10-03T00:00:00Z,2026-10-03T00:00:00Z,maintainer-approved-gap-migration
review:6bc21bb1574a85296b92,other,paper,Chimera: Creating Digitally Signed Fake Photos by Fooling Image Recapture and Deepfake Detectors,2025,,,,exclude_paper_scope,"EXCLUDE_OUT_OF_SCOPE: Chimera centers on counter-forensic detector evasion and digitally signed camera-provenance circumvention, not ordinary passive detection. Sources: https://www.usenix.org/conference/usenixsecurity25/presentation/park",2026-10-03T00:00:00Z,2026-10-03T00:00:00Z,maintainer-approved-gap-migration
review:73b552dc5bbfab0c1f75,other,paper,BM-DDFN: Bilinear cross-domain modeling for AIGC image source attribution,2026,,,,unresolved,"HOLD_EVIDENCE_INSUFFICIENT: Retain original ambiguous/evidence-insufficient state. No addition, no permanent scope exclusion, no renewed discovery. Sources: https://www.sciencedirect.com/science/article/abs/pii/S0950705126003953",2026-10-03T00:00:00Z,2026-10-03T00:00:00Z,maintainer-approved-gap-migration
review:ba4eefe10289ef9e8a31,other,paper,SCA-Det: A structure-context artifact detector for AI-generated image detection,2026,10.1016/j.neucom.2026.133627,,,unresolved,"HOLD_EVIDENCE_INSUFFICIENT: Retain original ambiguous/evidence-insufficient state. No addition, no permanent scope exclusion, no renewed discovery. Sources: https://www.sciencedirect.com/science/article/pii/S0925231226010246",2026-10-03T00:00:00Z,2026-10-03T00:00:00Z,maintainer-approved-gap-migration
review:a417d4674a07a1142ee2,other,paper,Spectral Forensics: Detecting Diffusion-Generated Imagery via 1/f^β Power Law Violations,2026,10.1109/LSP.2026.3672388,,,unresolved,"HOLD_EVIDENCE_INSUFFICIENT: Retain original ambiguous/evidence-insufficient state. No addition, no permanent scope exclusion, no renewed discovery. Sources: https://doi.org/10.1109/LSP.2026.3672388",2026-10-03T00:00:00Z,2026-10-03T00:00:00Z,maintainer-approved-gap-migration
review:6fdf776f884597171f66,other,paper,Proto-LeakNet: Towards signal-leak aware attribution in synthetic human face imagery,2026,10.1016/j.cviu.2026.104848,,,unresolved,"HOLD_EVIDENCE_INSUFFICIENT: Retain original ambiguous/evidence-insufficient state. No addition, no permanent scope exclusion, no renewed discovery. Sources: https://www.sciencedirect.com/science/article/pii/S1077314226002158",2026-10-03T00:00:00Z,2026-10-03T00:00:00Z,maintainer-approved-gap-migration
