tier,actionability_class,institution_id,canonical_name,active_mapping_count,affected_paper_ids,affected_papers,public_export_status,registry_status,review_status,location_evidence,queue_reason
C_dormant_registry_only,registry_only,institution:008fc27550d4153d,Canadian International College,0,,,not_referenced_by_active_mapping,active,,,No active or needs-review paper mapping references this identity.
C_dormant_registry_only,registry_only,institution:02b60e662a7a973c,Shivaji University,0,,,not_referenced_by_active_mapping,active,,,No active or needs-review paper mapping references this identity.
C_dormant_registry_only,registry_only,institution:030ecebfe13ca82f,Ain Shams University,0,,,not_referenced_by_active_mapping,active,,,No active or needs-review paper mapping references this identity.
C_dormant_registry_only,registry_only,institution:042deeccb5521315,Bay Institute,0,,,not_referenced_by_active_mapping,active,,,No active or needs-review paper mapping references this identity.
C_dormant_registry_only,registry_only,institution:068512c1b695fe0b,Max Planck Institute for Security and Privacy,0,,,not_referenced_by_active_mapping,active,,,No active or needs-review paper mapping references this identity.
C_dormant_registry_only,registry_only,institution:07d62a903f84afcd,Hangzhou Dianzi University,0,,,not_referenced_by_active_mapping,active,,,No active or needs-review paper mapping references this identity.
C_dormant_registry_only,registry_only,institution:080a1da6ac4d04fd,Baidu (China),0,,,not_referenced_by_active_mapping,active,,,No active or needs-review paper mapping references this identity.
C_dormant_registry_only,registry_only,institution:08e0b2dd5a6ea299,Suzhou Research Institute,0,,,not_referenced_by_active_mapping,active,,,No active or needs-review paper mapping references this identity.
C_dormant_registry_only,registry_only,institution:091dadcc6613c152,Al-Azhar University,0,,,not_referenced_by_active_mapping,active,,,No active or needs-review paper mapping references this identity.
C_dormant_registry_only,registry_only,institution:0d485839c904b21b,Shenzhen Academy of Robotics,0,,,not_referenced_by_active_mapping,active,,,No active or needs-review paper mapping references this identity.
C_dormant_registry_only,registry_only,institution:0e65844051a659b1,Shandong University of Science and Technology,0,,,not_referenced_by_active_mapping,active,,,No active or needs-review paper mapping references this identity.
C_dormant_registry_only,registry_only,institution:125af76b30759ac2,Middle East University,0,,,not_referenced_by_active_mapping,active,,,No active or needs-review paper mapping references this identity.
C_dormant_registry_only,registry_only,institution:13d54640e2e7ec6c,Northeast Agricultural University,0,,,not_referenced_by_active_mapping,active,,,No active or needs-review paper mapping references this identity.
C_dormant_registry_only,registry_only,institution:148a0feafd311a0a,Korea Advanced Institute of Science and Technology,0,,,not_referenced_by_active_mapping,active,,,No active or needs-review paper mapping references this identity.
C_dormant_registry_only,registry_only,institution:1633fd8e927f7e3e,Chaoyang University of Technology,0,,,not_referenced_by_active_mapping,active,,,No active or needs-review paper mapping references this identity.
C_dormant_registry_only,registry_only,institution:16acb7bf7b8c14cf,University of Massachusetts Boston,0,,,not_referenced_by_active_mapping,active,,,No active or needs-review paper mapping references this identity.
C_dormant_registry_only,registry_only,institution:17bf653107a56b33,Columbia University,0,,,not_referenced_by_active_mapping,active,,,No active or needs-review paper mapping references this identity.
C_dormant_registry_only,registry_only,institution:18a199cf02e2dc6e,National University of Computer and Emerging Sciences,0,,,not_referenced_by_active_mapping,active,,,No active or needs-review paper mapping references this identity.
C_dormant_registry_only,registry_only,institution:191ab0ad911126ad,University of Hafr Al-Batin,0,,,not_referenced_by_active_mapping,active,,,No active or needs-review paper mapping references this identity.
C_dormant_registry_only,registry_only,institution:198d7d8f4558c225,Jiaxing University,0,,,not_referenced_by_active_mapping,active,,,No active or needs-review paper mapping references this identity.
C_dormant_registry_only,registry_only,institution:1b35f3068bbd3352,Aligarh Muslim University,0,,,not_referenced_by_active_mapping,active,,,No active or needs-review paper mapping references this identity.
C_dormant_registry_only,registry_only,institution:1b91d0993efc3a95,Gyeongguk National University,0,,,not_referenced_by_active_mapping,active,,,No active or needs-review paper mapping references this identity.
C_dormant_registry_only,registry_only,institution:1e0dd88726fb992c,Chonnam National University,0,,,not_referenced_by_active_mapping,active,,,No active or needs-review paper mapping references this identity.
A_public_referenced,A_must_be_actionable,institution:1f939a5a9221dfb6,"Beijing IrisKing Co., Ltd.",1,curated:a0c532923fe10a4ee7c0,Enhancing Deepfake Detection with Diversified Self-Blending Images and Residuals,public_relevant_missing_coordinates,active,pending_review/needs_coordinate_review/needs_coordinate_review,"Beijing IrisKing Company Ltd., Beijing, China | Beijing | China | Focused public review 2026-08-27: Jing Liu is identified with Beijing IrisKing Company Ltd., Beijing, China (2024). A 2024 issuer disclosure lists registered residence at No. 9 North Fourth Ring West Road, floor 22, room 2210, while a 2022 disclosure lists Chengfu Road 45, Building F, room 401. Official company website failed TLS verification. No exact building point and paper-time operational-office link were verified; do not substitute the historical or current office.",Actionable location-review row is persisted.
C_dormant_registry_only,registry_only,institution:206ade2edf5e4762,King Abdulaziz University,0,,,not_referenced_by_active_mapping,active,,,No active or needs-review paper mapping references this identity.
C_dormant_registry_only,registry_only,institution:213a2f107c1f76df,Fujitsu (China),0,,,not_referenced_by_active_mapping,active,,,No active or needs-review paper mapping references this identity.
C_dormant_registry_only,registry_only,institution:221eb2f9c9da3e19,National Yunlin University of Science and Technology,0,,,not_referenced_by_active_mapping,active,,,No active or needs-review paper mapping references this identity.
C_dormant_registry_only,registry_only,institution:228c9ed379a96dd8,Liaoning University,0,,,not_referenced_by_active_mapping,active,,,No active or needs-review paper mapping references this identity.
C_dormant_registry_only,registry_only,institution:27cf878705a6b15a,Islamia University of Bahawalpur,0,,,not_referenced_by_active_mapping,active,,,No active or needs-review paper mapping references this identity.
C_dormant_registry_only,registry_only,institution:29f3e76214681290,UNSW Sydney,0,,,not_referenced_by_active_mapping,active,,,No active or needs-review paper mapping references this identity.
C_dormant_registry_only,registry_only,institution:2c4c8a70b915edac,North South University,0,,,not_referenced_by_active_mapping,active,,,No active or needs-review paper mapping references this identity.
C_dormant_registry_only,registry_only,institution:2c6a3e642dd40a03,Shanghai Public Security Bureau,0,,,not_referenced_by_active_mapping,active,,,No active or needs-review paper mapping references this identity.
C_dormant_registry_only,registry_only,institution:2d606ab01d8cb4a4,Hengyang Academy of Agricultural Sciences,0,,,not_referenced_by_active_mapping,active,,,No active or needs-review paper mapping references this identity.
C_dormant_registry_only,registry_only,institution:2dd8e4fd2cb400d5,University of Aleppo,0,,,not_referenced_by_active_mapping,active,,,No active or needs-review paper mapping references this identity.
C_dormant_registry_only,registry_only,institution:2e47d59ad1e8d5a4,Shahid Beheshti University,0,,,not_referenced_by_active_mapping,active,,,No active or needs-review paper mapping references this identity.
C_dormant_registry_only,registry_only,institution:2e732c4601154ff1,Origin Quantum Computing Technology Company (China),0,,,not_referenced_by_active_mapping,active,,,No active or needs-review paper mapping references this identity.
A_public_referenced,A_must_be_actionable,institution:2f2a5a5c1021efe4,Huya Inc.,1,curated:4b042ad660312ec3b338,Evasion on General GAN-Generated Image Detection by Disentangled Representation,public_relevant_missing_coordinates,active,pending_review/needs_coordinate_review/needs_coordinate_review,"Huya Inc, Guangzhou, 510006, China | Guangzhou | China | Focused public review 2026-08-27: Publisher PDF visually rechecked: Xiao Meng has affiliation d, Huya Inc, Guangzhou, 510006, China (2024). Executive-office address uses 511446. No primary evidence ties the 510006 affiliation to an exact office/building; headquarters and Guangzhou city centroid cannot be substituted. Region: Guangdong.",Actionable location-review row is persisted.
C_dormant_registry_only,registry_only,institution:2f4b9adadf7f5004,Chongqing University of Science and Technology,0,,,not_referenced_by_active_mapping,active,,,No active or needs-review paper mapping references this identity.
C_dormant_registry_only,registry_only,institution:2f4cdd3b31b9a5db,China Telecom,0,,,not_referenced_by_active_mapping,active,,,No active or needs-review paper mapping references this identity.
B_referenced_non_public,B_explicitly_non_actionable,institution:3258076c1e752ff2,TU Wien,1,curated:6e9b86dace6a85f4469c,Towards Explaining Classification Models in Security with Sparse Autoencoders,excluded_from_public_preview_and_map,active,pending_review/needs_coordinate_review/missing,TU Wien | AT,Durable active paper exclusion: out_of_scope.
C_dormant_registry_only,registry_only,institution:32e3542f42f3fe45,University of Wollongong in Dubai,0,,,not_referenced_by_active_mapping,active,,,No active or needs-review paper mapping references this identity.
C_dormant_registry_only,registry_only,institution:330ddee32a318616,Microsoft Research (United Kingdom),0,,,not_referenced_by_active_mapping,active,,,No active or needs-review paper mapping references this identity.
C_dormant_registry_only,registry_only,institution:33d54ba20fb76125,Fujitsu (Japan),0,,,not_referenced_by_active_mapping,active,,,No active or needs-review paper mapping references this identity.
C_dormant_registry_only,registry_only,institution:33f2056ddfd46aaa,International Institute of Information Technology,0,,,not_referenced_by_active_mapping,active,,,No active or needs-review paper mapping references this identity.
C_dormant_registry_only,registry_only,institution:35caf31d5104b996,"Polytechnic Institute of Turin, Turin, Italy",0,,,not_referenced_by_active_mapping,active,,,No active or needs-review paper mapping references this identity.
C_dormant_registry_only,registry_only,institution:36c5630e014fb5d7,King Saud University,0,,,not_referenced_by_active_mapping,active,,,No active or needs-review paper mapping references this identity.
C_dormant_registry_only,registry_only,institution:37ea83da28e11ff2,Southwest University of Science and Technology,0,,,not_referenced_by_active_mapping,active,,,No active or needs-review paper mapping references this identity.
C_dormant_registry_only,registry_only,institution:39fe5b3a0cd3dd7c,PSG INSTITUTE OF TECHNOLOGY AND APPLIED RESEARCH,0,,,not_referenced_by_active_mapping,active,,,No active or needs-review paper mapping references this identity.
C_dormant_registry_only,registry_only,institution:3be1ce40ea53f6d2,Data61,0,,,not_referenced_by_active_mapping,active,,,No active or needs-review paper mapping references this identity.
C_dormant_registry_only,registry_only,institution:3cef1f53ea25d8c9,East Tennessee State University,0,,,not_referenced_by_active_mapping,active,,,No active or needs-review paper mapping references this identity.
C_dormant_registry_only,registry_only,institution:3fca37dd4c8d3e60,China Mobile (China),0,,,not_referenced_by_active_mapping,active,,,No active or needs-review paper mapping references this identity.
C_dormant_registry_only,registry_only,institution:4057e1737c20bdb9,Fakir Mohan University,0,,,not_referenced_by_active_mapping,active,,,No active or needs-review paper mapping references this identity.
C_dormant_registry_only,registry_only,institution:41f10ac519a66555,Queensland University of Technology,0,,,not_referenced_by_active_mapping,active,,,No active or needs-review paper mapping references this identity.
C_dormant_registry_only,registry_only,institution:424b7d284db388e3,Tunghai University,0,,,not_referenced_by_active_mapping,active,,,No active or needs-review paper mapping references this identity.
C_dormant_registry_only,registry_only,institution:42c60ebb24e9f839,Fraunhofer Institute for Industrial Mathematics,0,,,not_referenced_by_active_mapping,active,,,No active or needs-review paper mapping references this identity.
C_dormant_registry_only,registry_only,institution:4423bec9199a5d47,GLA University,0,,,not_referenced_by_active_mapping,active,,,No active or needs-review paper mapping references this identity.
A_public_referenced,A_must_be_actionable,institution:44469d661cb0034c,JD.com,1,curated:60066ef08c2226131085,Detecting GAN Generated Fake Images Using Co-Occurrence Matrices,public_relevant_missing_coordinates,active,pending_review/needs_coordinate_review/needs_coordinate_review,JD.com | Focused public review 2026-08-27: Paper confirms JD.com affiliation but does not identify the author's office/site; headquarters cannot be substituted for paper-specific location. Publisher title page visually rechecked; do not infer Beijing headquarters or a US office.,Actionable location-review row is persisted.
C_dormant_registry_only,registry_only,institution:457423605fa485bc,Samsung (South Korea),0,,,not_referenced_by_active_mapping,active,,,No active or needs-review paper mapping references this identity.
C_dormant_registry_only,registry_only,institution:479e5a2ad13993e2,APJ Abdul Kalam Technological University,0,,,not_referenced_by_active_mapping,active,,,No active or needs-review paper mapping references this identity.
C_dormant_registry_only,registry_only,institution:48be4a3c2949fee3,Changsha University,0,,,not_referenced_by_active_mapping,active,,,No active or needs-review paper mapping references this identity.
C_dormant_registry_only,registry_only,institution:49700da520d8842b,Samsung SDS (South Korea),0,,,not_referenced_by_active_mapping,active,,,No active or needs-review paper mapping references this identity.
C_dormant_registry_only,registry_only,institution:4a22ca636b97fd7f,University of Applied Health Sciences,0,,,not_referenced_by_active_mapping,active,,,No active or needs-review paper mapping references this identity.
C_dormant_registry_only,registry_only,institution:4a297c8ff1c10795,National Research Council,0,,,not_referenced_by_active_mapping,active,,,No active or needs-review paper mapping references this identity.
C_dormant_registry_only,registry_only,institution:4bff7ae080547794,TrueMedia,0,,,not_referenced_by_active_mapping,active,,,No active or needs-review paper mapping references this identity.
C_dormant_registry_only,registry_only,institution:4d3dd6848c184118,University of Warwick,0,,,not_referenced_by_active_mapping,active,,,No active or needs-review paper mapping references this identity.
C_dormant_registry_only,registry_only,institution:4dc98405f4a72728,University of Jinan,0,,,not_referenced_by_active_mapping,active,,,No active or needs-review paper mapping references this identity.
C_dormant_registry_only,registry_only,institution:4f857a16fa2b6772,University of Malta,0,,,not_referenced_by_active_mapping,active,,,No active or needs-review paper mapping references this identity.
C_dormant_registry_only,registry_only,institution:557b8ad811254ad6,Jianghan University,0,,,not_referenced_by_active_mapping,active,,,No active or needs-review paper mapping references this identity.
C_dormant_registry_only,registry_only,institution:567dcc53fa2f6dd3,Prince Mohammad bin Fahd University,0,,,not_referenced_by_active_mapping,active,,,No active or needs-review paper mapping references this identity.
B_referenced_non_public,B_explicitly_non_actionable,institution:570cf7f2e9869b63,Huawei Technologies (China),1,curated:4c6404676fc92cb9e8eb,Black-Box Adaptation for Deepfake Detection via Local Relation Guided AUC Optimization,excluded_from_public_preview_and_map,active,,"Huawei, Shenzhen, China",Durable active paper exclusion: deepfake_only_not_core.
C_dormant_registry_only,registry_only,institution:5919d60e453e2459,Kahramanmaraş Sütçü İmam University,0,,,not_referenced_by_active_mapping,active,,,No active or needs-review paper mapping references this identity.
C_dormant_registry_only,registry_only,institution:5c5bb5ad830242f4,Texas Tech University,0,,,not_referenced_by_active_mapping,active,,,No active or needs-review paper mapping references this identity.
C_dormant_registry_only,registry_only,institution:5d8853c0a593d41c,Zhengzhou University of Science and Technology,0,,,not_referenced_by_active_mapping,active,,,No active or needs-review paper mapping references this identity.
C_dormant_registry_only,registry_only,institution:5dc3b0fc32168ce3,Altınbaş University,0,,,not_referenced_by_active_mapping,active,,,No active or needs-review paper mapping references this identity.
C_dormant_registry_only,registry_only,institution:5e520dd2cd0a49c8,Tilburg University,0,,,not_referenced_by_active_mapping,active,,,No active or needs-review paper mapping references this identity.
C_dormant_registry_only,registry_only,institution:636b930e320fc074,Chengdu University of Information Technology,0,,,not_referenced_by_active_mapping,active,,,No active or needs-review paper mapping references this identity.
C_dormant_registry_only,registry_only,institution:6398f2ea80ac2393,Center for Security and Emerging Technology,0,,,not_referenced_by_active_mapping,active,,,No active or needs-review paper mapping references this identity.
C_dormant_registry_only,registry_only,institution:64f282fa6abe9403,Peptidream (Japan),0,,,not_referenced_by_active_mapping,active,,,No active or needs-review paper mapping references this identity.
B_referenced_non_public,B_explicitly_non_actionable,institution:66101d2ca048704e,Technische Universität Berlin,1,curated:6e9b86dace6a85f4469c,Towards Explaining Classification Models in Security with Sparse Autoencoders,excluded_from_public_preview_and_map,active,,TU Berlin & BIFOLD,Durable active paper exclusion: out_of_scope.
C_dormant_registry_only,registry_only,institution:6688d0d34a3ee58b,Sorbonne University,0,,,not_referenced_by_active_mapping,active,,,No active or needs-review paper mapping references this identity.
C_dormant_registry_only,registry_only,institution:69152a620553f03a,Wuhan Business University,0,,,not_referenced_by_active_mapping,active,,,No active or needs-review paper mapping references this identity.
C_dormant_registry_only,registry_only,institution:6b773370c41b47b5,RMIT University,0,,,not_referenced_by_active_mapping,active,,,No active or needs-review paper mapping references this identity.
C_dormant_registry_only,registry_only,institution:6dc785b2ccdf142c,Satya Wacana Christian University,0,,,not_referenced_by_active_mapping,active,,,No active or needs-review paper mapping references this identity.
C_dormant_registry_only,registry_only,institution:6f14a665aa77ba34,Helmholtz Center for Information Security,0,,,not_referenced_by_active_mapping,active,,,No active or needs-review paper mapping references this identity.
C_dormant_registry_only,registry_only,institution:6ffec4118fae194f,University of Engineering and Technology Taxila,0,,,not_referenced_by_active_mapping,active,,,No active or needs-review paper mapping references this identity.
C_dormant_registry_only,registry_only,institution:7095dc4de406754b,Korea Aerospace University,0,,,not_referenced_by_active_mapping,active,,,No active or needs-review paper mapping references this identity.
C_dormant_registry_only,registry_only,institution:71438ca10017bba5,National Institute of Standards and Technology,0,,,not_referenced_by_active_mapping,active,,,No active or needs-review paper mapping references this identity.
C_dormant_registry_only,registry_only,institution:720565e77c6f2c38,Marmara University,0,,,not_referenced_by_active_mapping,active,,,No active or needs-review paper mapping references this identity.
C_dormant_registry_only,registry_only,institution:72e33b377a422ec3,National Taiwan University of Science and Technology,0,,,not_referenced_by_active_mapping,active,,,No active or needs-review paper mapping references this identity.
C_dormant_registry_only,registry_only,institution:7375490cb489bcfd,Jacksonville University,0,,,not_referenced_by_active_mapping,active,,,No active or needs-review paper mapping references this identity.
C_dormant_registry_only,registry_only,institution:753a256f592cb1fe,Data Assurance and Communication Security,0,,,not_referenced_by_active_mapping,active,,,No active or needs-review paper mapping references this identity.
C_dormant_registry_only,registry_only,institution:76f485d9ab6917e6,University of Management and Technology,0,,,not_referenced_by_active_mapping,active,,,No active or needs-review paper mapping references this identity.
C_dormant_registry_only,registry_only,institution:77789f69fddd731b,Sharda University,0,,,not_referenced_by_active_mapping,active,,,No active or needs-review paper mapping references this identity.
C_dormant_registry_only,registry_only,institution:78ca573d3b6c457c,VSB - Technical University of Ostrava,0,,,not_referenced_by_active_mapping,active,,,No active or needs-review paper mapping references this identity.
C_dormant_registry_only,registry_only,institution:79e17450a764ece3,Sheffield Hallam University,0,,,not_referenced_by_active_mapping,active,,,No active or needs-review paper mapping references this identity.
C_dormant_registry_only,registry_only,institution:7bc70559aeb421fa,LG (South Korea),0,,,not_referenced_by_active_mapping,active,,,No active or needs-review paper mapping references this identity.
C_dormant_registry_only,registry_only,institution:7df4a1601453f806,Tel Aviv University,0,,,not_referenced_by_active_mapping,active,,,No active or needs-review paper mapping references this identity.
C_dormant_registry_only,registry_only,institution:7ec2cd070cc14278,King's College London,0,,,not_referenced_by_active_mapping,active,,,No active or needs-review paper mapping references this identity.
C_dormant_registry_only,registry_only,institution:7ecedd9572b7f6ba,China Academy of Information and Communications Technology,0,,,not_referenced_by_active_mapping,active,,,No active or needs-review paper mapping references this identity.
C_dormant_registry_only,registry_only,institution:8051e5f39b55dde4,University of South Wales,0,,,not_referenced_by_active_mapping,active,,,No active or needs-review paper mapping references this identity.
C_dormant_registry_only,registry_only,institution:807ee51b6afcf8f2,Institute of Artificial Intelligence,0,,,not_referenced_by_active_mapping,active,,,No active or needs-review paper mapping references this identity.
C_dormant_registry_only,registry_only,institution:834e8b5e7fb040b9,Honeywell (United States),0,,,not_referenced_by_active_mapping,active,,,No active or needs-review paper mapping references this identity.
C_dormant_registry_only,registry_only,institution:85b5522dac5ab1d7,Majmaah University,0,,,not_referenced_by_active_mapping,active,,,No active or needs-review paper mapping references this identity.
C_dormant_registry_only,registry_only,institution:85d468a61a1936c6,Louisiana State University of Alexandria,0,,,not_referenced_by_active_mapping,active,,,No active or needs-review paper mapping references this identity.
C_dormant_registry_only,registry_only,institution:85dd03b724084b02,University of Baltimore,0,,,not_referenced_by_active_mapping,active,,,No active or needs-review paper mapping references this identity.
C_dormant_registry_only,registry_only,institution:85eee734d249f6b1,University of Rajshahi,0,,,not_referenced_by_active_mapping,active,,,No active or needs-review paper mapping references this identity.
C_dormant_registry_only,registry_only,institution:86acee6f855e6b06,Bowie State University,0,,,not_referenced_by_active_mapping,active,,,No active or needs-review paper mapping references this identity.
C_dormant_registry_only,registry_only,institution:87c744673e7e4d05,SRM Institute of Science and Technology,0,,,not_referenced_by_active_mapping,active,,,No active or needs-review paper mapping references this identity.
C_dormant_registry_only,registry_only,institution:87cfa9f9d3bda4e1,State University of New York,0,,,not_referenced_by_active_mapping,active,,,No active or needs-review paper mapping references this identity.
C_dormant_registry_only,registry_only,institution:882d9509a9483333,University of Kerala,0,,,not_referenced_by_active_mapping,active,,,No active or needs-review paper mapping references this identity.
C_dormant_registry_only,registry_only,institution:88b6a237229e50a1,University of Žilina,0,,,not_referenced_by_active_mapping,active,,,No active or needs-review paper mapping references this identity.
C_dormant_registry_only,registry_only,institution:8ac3b059e7b70054,State Key Laboratory of Information Security,0,,,not_referenced_by_active_mapping,active,,,No active or needs-review paper mapping references this identity.
C_dormant_registry_only,registry_only,institution:8d0a45af450fc806,Symbiosis International University,0,,,not_referenced_by_active_mapping,active,,,No active or needs-review paper mapping references this identity.
C_dormant_registry_only,registry_only,institution:8dd670c7d0f431d4,Mercatorum University,0,,,not_referenced_by_active_mapping,active,,,No active or needs-review paper mapping references this identity.
C_dormant_registry_only,registry_only,institution:8fac1f5c8936e362,Khwaja Fareed University of Engineering and Information Technology,0,,,not_referenced_by_active_mapping,active,,,No active or needs-review paper mapping references this identity.
C_dormant_registry_only,registry_only,institution:9191a7d5e3a9fc0c,Sejong University,0,,,not_referenced_by_active_mapping,active,,,No active or needs-review paper mapping references this identity.
C_dormant_registry_only,registry_only,institution:926c0d427a18622b,Taif University,0,,,not_referenced_by_active_mapping,active,,,No active or needs-review paper mapping references this identity.
A_public_referenced,A_must_be_actionable,institution:96dd3389141fcf35,"Department of Technical Education, Uttar Pradesh",1,curated:6e6c7c4645ed4af43a61,Enhancing Sensing and Imaging Capabilities Through Surface Plasmon Resonance for Deepfake Image Detection,public_relevant_missing_coordinates,active,pending_review/needs_coordinate_review/needs_coordinate_review,"Department of Technical Education, Kanpur, Uttar Pradesh, India | Kanpur | India | Focused public review 2026-08-27: Springer author entry 4 confirms Digvijay Pandey at Department of Technical Education, Kanpur, Uttar Pradesh, India (online 2024). Government tender identifies the Directorate at Vikas Nagar, Kanpur. Official department site timed out; no verified directorate building/address coordinate was obtained. City center, postcode and third-party plus-code guesses are not sufficient.",Actionable location-review row is persisted.
C_dormant_registry_only,registry_only,institution:9862b50bf0eb12f0,Hindustan Institute of Technology and Science,0,,,not_referenced_by_active_mapping,active,,,No active or needs-review paper mapping references this identity.
C_dormant_registry_only,registry_only,institution:9d4cf3c6e95e06c5,Karnatak University,0,,,not_referenced_by_active_mapping,active,,,No active or needs-review paper mapping references this identity.
C_dormant_registry_only,registry_only,institution:9dcc9e0e62baaea9,Yulin Normal University,0,,,not_referenced_by_active_mapping,active,,,No active or needs-review paper mapping references this identity.
C_dormant_registry_only,registry_only,institution:9e1ab9137907fdce,Microsoft (United States),0,,,not_referenced_by_active_mapping,active,,,No active or needs-review paper mapping references this identity.
C_dormant_registry_only,registry_only,institution:9e9891886a71efdf,St. Joseph's Institute of Technology,0,,,not_referenced_by_active_mapping,active,,,No active or needs-review paper mapping references this identity.
C_dormant_registry_only,registry_only,institution:9ed23c2db75b5eee,Tianjin University,0,,,not_referenced_by_active_mapping,active,,,No active or needs-review paper mapping references this identity.
C_dormant_registry_only,registry_only,institution:9fa92db1d3d981f0,University of Vienna,0,,,not_referenced_by_active_mapping,active,,,No active or needs-review paper mapping references this identity.
C_dormant_registry_only,registry_only,institution:a2c9ccf9659160de,Electronics and Telecommunications Research Institute,0,,,not_referenced_by_active_mapping,active,,,No active or needs-review paper mapping references this identity.
C_dormant_registry_only,registry_only,institution:a3c0c022b00a11a5,Adobe Systems (United States),0,,,not_referenced_by_active_mapping,active,,,No active or needs-review paper mapping references this identity.
C_dormant_registry_only,registry_only,institution:a4e0e93fcd90b1c0,Indian Institute of Technology Patna,0,,,not_referenced_by_active_mapping,active,,,No active or needs-review paper mapping references this identity.
C_dormant_registry_only,registry_only,institution:a7f4bd547e079314,University of Indianapolis,0,,,not_referenced_by_active_mapping,active,,,No active or needs-review paper mapping references this identity.
C_dormant_registry_only,registry_only,institution:a8aa4fcbf3d06d56,Shandong University of Political Science and Law,0,,,not_referenced_by_active_mapping,active,,,No active or needs-review paper mapping references this identity.
C_dormant_registry_only,registry_only,institution:a8ed28b9013a59e5,Universiti Putra Malaysia,0,,,not_referenced_by_active_mapping,active,,,No active or needs-review paper mapping references this identity.
C_dormant_registry_only,registry_only,institution:a992a0408381afc7,Tencent (China),0,,,not_referenced_by_active_mapping,active,,,No active or needs-review paper mapping references this identity.
C_dormant_registry_only,registry_only,institution:aa230e9d21cefa3b,Anhui Business College,0,,,not_referenced_by_active_mapping,active,,,No active or needs-review paper mapping references this identity.
C_dormant_registry_only,registry_only,institution:ac88e2afb065388b,University of Padua,0,,,not_referenced_by_active_mapping,active,,,No active or needs-review paper mapping references this identity.
C_dormant_registry_only,registry_only,institution:ace1428e2323596a,University of Al-Qadisiyah,0,,,not_referenced_by_active_mapping,active,,,No active or needs-review paper mapping references this identity.
C_dormant_registry_only,registry_only,institution:afc7ba5b733248b6,Rashtrasant Tukadoji Maharaj Nagpur University,0,,,not_referenced_by_active_mapping,active,,,No active or needs-review paper mapping references this identity.
C_dormant_registry_only,registry_only,institution:b0f3614b042aab47,Universiti Malaysia Sarawak,0,,,not_referenced_by_active_mapping,active,,,No active or needs-review paper mapping references this identity.
C_dormant_registry_only,registry_only,institution:b3e3a87d3fc950c5,China People's Public Security University,0,,,not_referenced_by_active_mapping,active,,,No active or needs-review paper mapping references this identity.
C_dormant_registry_only,registry_only,institution:b4361f45b61f9e1c,University of St. Thomas - Minnesota,0,,,not_referenced_by_active_mapping,active,,,No active or needs-review paper mapping references this identity.
C_dormant_registry_only,registry_only,institution:b71e4506b75fcb88,Leeds Beckett University,0,,,not_referenced_by_active_mapping,active,,,No active or needs-review paper mapping references this identity.
C_dormant_registry_only,registry_only,institution:b771bab570cca255,Microsoft Research Asia (China),0,,,not_referenced_by_active_mapping,active,,,No active or needs-review paper mapping references this identity.
C_dormant_registry_only,registry_only,institution:b77cc69e117a29dc,Dehradun Institute of Technology University,0,,,not_referenced_by_active_mapping,active,,,No active or needs-review paper mapping references this identity.
C_dormant_registry_only,registry_only,institution:b98073e3070abd17,Chitkara University,0,,,not_referenced_by_active_mapping,active,,,No active or needs-review paper mapping references this identity.
C_dormant_registry_only,registry_only,institution:bb266f47a5ceef81,Edinburgh Napier University,0,,,not_referenced_by_active_mapping,active,,,No active or needs-review paper mapping references this identity.
C_dormant_registry_only,registry_only,institution:bb302a0231577b3c,Haliç University,0,,,not_referenced_by_active_mapping,active,,,No active or needs-review paper mapping references this identity.
C_dormant_registry_only,registry_only,institution:bbbd3e4c853af6c2,Technical University of Applied Sciences Mannheim,0,,,not_referenced_by_active_mapping,active,,,No active or needs-review paper mapping references this identity.
C_dormant_registry_only,registry_only,institution:bbc6ae7ed9b4bd38,Humboldt University of Berlin,0,,,not_referenced_by_active_mapping,active,,,No active or needs-review paper mapping references this identity.
C_dormant_registry_only,registry_only,institution:bc1cdb126bafdc16,Washington State University,0,,,not_referenced_by_active_mapping,active,,,No active or needs-review paper mapping references this identity.
C_dormant_registry_only,registry_only,institution:bc735f3cccb71688,"University of Maryland, College Park",0,,,not_referenced_by_active_mapping,active,,,No active or needs-review paper mapping references this identity.
C_dormant_registry_only,registry_only,institution:c04d9c3ee6b155d2,Ahsanullah University of Science and Technology,0,,,not_referenced_by_active_mapping,active,,,No active or needs-review paper mapping references this identity.
C_dormant_registry_only,registry_only,institution:c121cd267550901f,"University at Albany, State University of New York",0,,,not_referenced_by_active_mapping,active,,,No active or needs-review paper mapping references this identity.
C_dormant_registry_only,registry_only,institution:c27ba6b4c07428cf,University of Southern Denmark,0,,,not_referenced_by_active_mapping,active,,,No active or needs-review paper mapping references this identity.
C_dormant_registry_only,registry_only,institution:c6b6c8d24f8e66aa,Dominican University,0,,,not_referenced_by_active_mapping,active,,,No active or needs-review paper mapping references this identity.
C_dormant_registry_only,registry_only,institution:c6f551ae664eb6a5,Victoria University of Wellington,0,,,not_referenced_by_active_mapping,active,,,No active or needs-review paper mapping references this identity.
C_dormant_registry_only,registry_only,institution:c72155b537fbbff3,Middle Technical University,0,,,not_referenced_by_active_mapping,active,,,No active or needs-review paper mapping references this identity.
C_dormant_registry_only,registry_only,institution:cb66d06bbab6753c,National Pingtung University of Science and Technology,0,,,not_referenced_by_active_mapping,active,,,No active or needs-review paper mapping references this identity.
C_dormant_registry_only,registry_only,institution:cd743b4a401f4611,University of Mumbai,0,,,not_referenced_by_active_mapping,active,,,No active or needs-review paper mapping references this identity.
C_dormant_registry_only,registry_only,institution:cedf27014e59d7d9,"City University of Hong Kong, Shenzhen Research Institute",0,,,not_referenced_by_active_mapping,active,,,No active or needs-review paper mapping references this identity.
C_dormant_registry_only,registry_only,institution:cf2e81e79ecee1b8,Istanbul Nisantasi University,0,,,not_referenced_by_active_mapping,active,,,No active or needs-review paper mapping references this identity.
C_dormant_registry_only,registry_only,institution:d0cac2bc9207e50f,California University of Pennsylvania,0,,,not_referenced_by_active_mapping,active,,,No active or needs-review paper mapping references this identity.
C_dormant_registry_only,registry_only,institution:d1de2b99104f99ed,Guangxi Medical University,0,,,not_referenced_by_active_mapping,active,,,No active or needs-review paper mapping references this identity.
C_dormant_registry_only,registry_only,institution:d31a9474efa16c6c,"Chinese University of Hong Kong, Shenzhen",0,,,not_referenced_by_active_mapping,active,,,No active or needs-review paper mapping references this identity.
C_dormant_registry_only,registry_only,institution:d407d447fe02673c,Sant Gadge Baba Amravati University,0,,,not_referenced_by_active_mapping,active,,,No active or needs-review paper mapping references this identity.
C_dormant_registry_only,registry_only,institution:d4c5c00e6ef405e5,University of Michigan–Flint,0,,,not_referenced_by_active_mapping,active,,,No active or needs-review paper mapping references this identity.
C_dormant_registry_only,registry_only,institution:d6f57909282596fe,Shaqra University,0,,,not_referenced_by_active_mapping,active,,,No active or needs-review paper mapping references this identity.
C_dormant_registry_only,registry_only,institution:d8380bce08742d96,University of Plymouth,0,,,not_referenced_by_active_mapping,active,,,No active or needs-review paper mapping references this identity.
C_dormant_registry_only,registry_only,institution:da010bc29a5f87b0,China Aerospace Science and Technology Corporation,0,,,not_referenced_by_active_mapping,active,,,No active or needs-review paper mapping references this identity.
C_dormant_registry_only,registry_only,institution:dac00bcd54a7c18f,National United University,0,,,not_referenced_by_active_mapping,active,,,No active or needs-review paper mapping references this identity.
C_dormant_registry_only,registry_only,institution:dd9f67a9f83f9649,Bucknell University,0,,,not_referenced_by_active_mapping,active,,,No active or needs-review paper mapping references this identity.
C_dormant_registry_only,registry_only,institution:de4a2849d3de43a3,"University of California, Santa Barbara",0,,,not_referenced_by_active_mapping,active,,,No active or needs-review paper mapping references this identity.
C_dormant_registry_only,registry_only,institution:dfb7666cf1c6e052,Hefei Comprehensive National Science Center,0,,,not_referenced_by_active_mapping,active,,,No active or needs-review paper mapping references this identity.
A_public_referenced,A_must_be_actionable,institution:e07792f5cf49ebda,Naval Air Warfare Center Weapons Division,1,curated:60066ef08c2226131085,Detecting GAN Generated Fake Images Using Co-Occurrence Matrices,public_relevant_missing_coordinates,active,pending_review/needs_coordinate_review/needs_coordinate_review,"Naval Air Warfare Center Weapons Division, China Lake, California, USA | China Lake | United States | Focused public review 2026-08-27: Paper explicitly places Arjuna Flenner at NAWCWD, China Lake, California (2019), not Point Mugu. NAVAIR confirms 1 Administration Circle and identifies Building 1 in its public notice. No verified building/address coordinate was obtained; named-feature geocoding returned no match. Base, road and nearby fire-station centroids are rejected.",Actionable location-review row is persisted.
C_dormant_registry_only,registry_only,institution:e0847a88faaa305e,University of Portsmouth,0,,,not_referenced_by_active_mapping,active,,,No active or needs-review paper mapping references this identity.
C_dormant_registry_only,registry_only,institution:e103bc7b785f96fd,University of Coimbra,0,,,not_referenced_by_active_mapping,active,,,No active or needs-review paper mapping references this identity.
C_dormant_registry_only,registry_only,institution:e4ca3896941052d9,Institute for Scientific Interchange,0,,,not_referenced_by_active_mapping,active,,,No active or needs-review paper mapping references this identity.
C_dormant_registry_only,registry_only,institution:e65ac91b19314310,University of Maribor,0,,,not_referenced_by_active_mapping,active,,,No active or needs-review paper mapping references this identity.
C_dormant_registry_only,registry_only,institution:e91675148695594c,Sunway University,0,,,not_referenced_by_active_mapping,active,,,No active or needs-review paper mapping references this identity.
C_dormant_registry_only,registry_only,institution:ea6661ca99f0c1aa,Beijing Information Science & Technology University,0,,,not_referenced_by_active_mapping,active,,,No active or needs-review paper mapping references this identity.
C_dormant_registry_only,registry_only,institution:eb0a1398c50d0281,University Paris-Est Créteil,0,,,not_referenced_by_active_mapping,active,,,No active or needs-review paper mapping references this identity.
C_dormant_registry_only,registry_only,institution:ec338d817ec6cd01,Dar Al-Hekma University,0,,,not_referenced_by_active_mapping,active,,,No active or needs-review paper mapping references this identity.
C_dormant_registry_only,registry_only,institution:eceea91f3973f1b1,Korea University,0,,,not_referenced_by_active_mapping,active,,,No active or needs-review paper mapping references this identity.
C_dormant_registry_only,registry_only,institution:ed46151823d63d21,Albany State University,0,,,not_referenced_by_active_mapping,active,,,No active or needs-review paper mapping references this identity.
C_dormant_registry_only,registry_only,institution:ed58576681c8c7e7,Huazhong Agricultural University,0,,,not_referenced_by_active_mapping,active,,,No active or needs-review paper mapping references this identity.
C_dormant_registry_only,registry_only,institution:ee1464b6cfe3e064,Tun Hussein Onn University of Malaysia,0,,,not_referenced_by_active_mapping,active,,,No active or needs-review paper mapping references this identity.
C_dormant_registry_only,registry_only,institution:f0501582969408c8,Shanghai Customs College,0,,,not_referenced_by_active_mapping,active,,,No active or needs-review paper mapping references this identity.
C_dormant_registry_only,registry_only,institution:f29a43c08a37e42f,Technical University of Darmstadt,0,,,not_referenced_by_active_mapping,active,,,No active or needs-review paper mapping references this identity.
C_dormant_registry_only,registry_only,institution:f34946305c17c505,Dongguan University of Technology,0,,,not_referenced_by_active_mapping,active,,,No active or needs-review paper mapping references this identity.
C_dormant_registry_only,registry_only,institution:f4c98270ae3164c6,Karabük University,0,,,not_referenced_by_active_mapping,active,,,No active or needs-review paper mapping references this identity.
C_dormant_registry_only,registry_only,institution:f647b4b37bf4515d,Global University,0,,,not_referenced_by_active_mapping,active,,,No active or needs-review paper mapping references this identity.
C_dormant_registry_only,registry_only,institution:f68896817b1b2d6b,University of Technology Sydney,0,,,not_referenced_by_active_mapping,active,,,No active or needs-review paper mapping references this identity.
C_dormant_registry_only,registry_only,institution:f88815962e62ced1,Kadir Has University,0,,,not_referenced_by_active_mapping,active,,,No active or needs-review paper mapping references this identity.
C_dormant_registry_only,registry_only,institution:f8894017df3dfcc2,University of Galway,0,,,not_referenced_by_active_mapping,active,,,No active or needs-review paper mapping references this identity.
C_dormant_registry_only,registry_only,institution:f904c5dbc038c1df,Heidelberg University,0,,,not_referenced_by_active_mapping,active,,,No active or needs-review paper mapping references this identity.
C_dormant_registry_only,registry_only,institution:fb406af2053fceb0,Lund University,0,,,not_referenced_by_active_mapping,active,,,No active or needs-review paper mapping references this identity.
C_dormant_registry_only,registry_only,institution:fbe1022dfe93b657,Asia University,0,,,not_referenced_by_active_mapping,active,,,No active or needs-review paper mapping references this identity.
C_dormant_registry_only,registry_only,institution:fe8410750f429b37,Nvidia (United States),0,,,not_referenced_by_active_mapping,active,,,No active or needs-review paper mapping references this identity.
C_dormant_registry_only,registry_only,institution:ff15b5517923279a,Vietnam National University,0,,,not_referenced_by_active_mapping,active,,,No active or needs-review paper mapping references this identity.
